ISO-10303-21;
HEADER;
/* Generated by software containing ST-Developer
 * from STEP Tools, Inc. (www.steptools.com) 
 */

FILE_DESCRIPTION(
/* description */ (''),
/* implementation_level */ '2;1');

FILE_NAME(
/* name */ 'Arm.step',
/* time_stamp */ '2026-09-28T17:08:05+08:00',
/* author */ (''),
/* organization */ (''),
/* preprocessor_version */ 'ST-DEVELOPER v20.2',
/* originating_system */ 'Autodesk Translation Framework v15.15.0.0',
/* authorisation */ '');

FILE_SCHEMA (('AUTOMOTIVE_DESIGN { 1 0 10303 214 3 1 1 }'));
ENDSEC;

DATA;
#10=MECHANICAL_DESIGN_GEOMETRIC_PRESENTATION_REPRESENTATION('',(#17),#3396);
#11=ITEM_DEFINED_TRANSFORMATION($,$,#1824,#1983);
#12=(
REPRESENTATION_RELATIONSHIP($,$,#3407,#3406)
REPRESENTATION_RELATIONSHIP_WITH_TRANSFORMATION(#11)
SHAPE_REPRESENTATION_RELATIONSHIP()
);
#13=CONTEXT_DEPENDENT_SHAPE_REPRESENTATION(#12,#3405);
#14=NEXT_ASSEMBLY_USAGE_OCCURRENCE('Component1:1','Component1:1',
'Component1:1',#3409,#3410,'Component1:1');
#15=SHAPE_REPRESENTATION_RELATIONSHIP('SRR','None',#3407,#16);
#16=ADVANCED_BREP_SHAPE_REPRESENTATION('',(#18),#3395);
#17=STYLED_ITEM('',(#3420),#18);
#18=MANIFOLD_SOLID_BREP('Body1',#1810);
#19=(
BOUNDED_SURFACE()
B_SPLINE_SURFACE(5,1,((#3204,#3205),(#3206,#3207),(#3208,#3209),(#3210,
#3211),(#3212,#3213),(#3214,#3215),(#3216,#3217),(#3218,#3219),(#3220,#3221),
(#3222,#3223),(#3224,#3225),(#3226,#3227),(#3228,#3229)),.UNSPECIFIED.,
 .F.,.F.,.F.)
B_SPLINE_SURFACE_WITH_KNOTS((6,1,1,1,1,1,1,1,6),(2,2),(-0.888461532672865,
-0.8,-0.7,-0.6,-0.5,-0.4,-0.3,-0.2,-0.11153846732713),(0.,12.),
 .UNSPECIFIED.)
GEOMETRIC_REPRESENTATION_ITEM()
RATIONAL_B_SPLINE_SURFACE(((1.,1.),(1.,1.),(1.,1.),(1.,1.),(1.,1.),(1.,
1.),(1.,1.),(1.,1.),(1.,1.),(1.,1.),(1.,1.),(1.,1.),(1.,1.)))
REPRESENTATION_ITEM('')
SURFACE()
);
#20=(
BOUNDED_SURFACE()
B_SPLINE_SURFACE(5,1,((#3346,#3347),(#3348,#3349),(#3350,#3351),(#3352,
#3353),(#3354,#3355),(#3356,#3357),(#3358,#3359),(#3360,#3361),(#3362,#3363),
(#3364,#3365),(#3366,#3367),(#3368,#3369),(#3370,#3371),(#3372,#3373),(#3374,
#3375)),.UNSPECIFIED.,.F.,.F.,.F.)
B_SPLINE_SURFACE_WITH_KNOTS((6,1,1,1,1,1,1,1,1,1,6),(2,2),(-1.,-0.9,-0.8,
-0.7,-0.6,-0.5,-0.4,-0.3,-0.2,-0.1,0.),(0.,1.0216),.UNSPECIFIED.)
GEOMETRIC_REPRESENTATION_ITEM()
RATIONAL_B_SPLINE_SURFACE(((1.,1.),(1.,1.),(1.,1.),(1.,1.),(1.,1.),(1.,
1.),(1.,1.),(1.,1.),(1.,1.),(1.,1.),(1.,1.),(1.,1.),(1.,1.),(1.,1.),(1.,
1.)))
REPRESENTATION_ITEM('')
SURFACE()
);
#21=B_SPLINE_SURFACE_WITH_KNOTS('',3,3,((#2742,#2743,#2744,#2745,#2746,
#2747,#2748,#2749,#2750,#2751,#2752),(#2753,#2754,#2755,#2756,#2757,#2758,
#2759,#2760,#2761,#2762,#2763),(#2764,#2765,#2766,#2767,#2768,#2769,#2770,
#2771,#2772,#2773,#2774),(#2775,#2776,#2777,#2778,#2779,#2780,#2781,#2782,
#2783,#2784,#2785),(#2786,#2787,#2788,#2789,#2790,#2791,#2792,#2793,#2794,
#2795,#2796)),.UNSPECIFIED.,.F.,.F.,.F.,(4,1,4),(4,1,1,1,1,1,1,1,4),(0.,
0.571428571428571,1.),(4.12599592800384,4.61207165737388,4.8551095220589,
5.09814738674392,5.21966631908643,5.34118525142894,5.58422311611395,5.64498258228521,
5.82726098079897),.UNSPECIFIED.);
#22=B_SPLINE_SURFACE_WITH_KNOTS('',3,3,((#2895,#2896,#2897,#2898,#2899,
#2900,#2901,#2902,#2903,#2904),(#2905,#2906,#2907,#2908,#2909,#2910,#2911,
#2912,#2913,#2914),(#2915,#2916,#2917,#2918,#2919,#2920,#2921,#2922,#2923,
#2924),(#2925,#2926,#2927,#2928,#2929,#2930,#2931,#2932,#2933,#2934),(#2935,
#2936,#2937,#2938,#2939,#2940,#2941,#2942,#2943,#2944)),.UNSPECIFIED.,.F.,
 .F.,.F.,(4,1,4),(4,1,1,1,1,1,1,4),(0.,0.571428571428571,1.),(4.51679266939431,
4.75983663118246,5.00288059297061,5.12440257386468,5.24592455475875,5.4889685165469,
5.73201247833505,6.21810040191135),.UNSPECIFIED.);
#23=FACE_BOUND('',#575,.T.);
#24=FACE_BOUND('',#576,.T.);
#25=FACE_BOUND('',#595,.T.);
#26=FACE_BOUND('',#616,.T.);
#27=FACE_BOUND('',#617,.T.);
#28=FACE_BOUND('',#632,.T.);
#29=FACE_BOUND('',#633,.T.);
#30=FACE_BOUND('',#634,.T.);
#31=FACE_BOUND('',#635,.T.);
#32=FACE_BOUND('',#637,.T.);
#33=FACE_BOUND('',#638,.T.);
#34=FACE_BOUND('',#640,.T.);
#35=TOROIDAL_SURFACE('',#1837,6.,3.);
#36=TOROIDAL_SURFACE('',#1842,6.,3.);
#37=TOROIDAL_SURFACE('',#1855,6.,3.);
#38=TOROIDAL_SURFACE('',#1860,6.,3.);
#39=ELLIPSE('',#1831,5.35399025199841,3.);
#40=ELLIPSE('',#1835,5.35399023147931,3.);
#41=ELLIPSE('',#1840,5.35399027251751,3.);
#42=ELLIPSE('',#1849,5.35399025199841,3.);
#43=ELLIPSE('',#1853,5.35399023147942,3.);
#44=ELLIPSE('',#1858,5.35399027251751,3.);
#45=CYLINDRICAL_SURFACE('',#1829,3.);
#46=CYLINDRICAL_SURFACE('',#1832,3.);
#47=CYLINDRICAL_SURFACE('',#1834,3.);
#48=CYLINDRICAL_SURFACE('',#1839,3.);
#49=CYLINDRICAL_SURFACE('',#1844,3.);
#50=CYLINDRICAL_SURFACE('',#1847,3.);
#51=CYLINDRICAL_SURFACE('',#1850,3.);
#52=CYLINDRICAL_SURFACE('',#1852,3.);
#53=CYLINDRICAL_SURFACE('',#1857,3.);
#54=CYLINDRICAL_SURFACE('',#1862,3.);
#55=CYLINDRICAL_SURFACE('',#1867,3.);
#56=CYLINDRICAL_SURFACE('',#1874,3.);
#57=CYLINDRICAL_SURFACE('',#1879,3.);
#58=CYLINDRICAL_SURFACE('',#1884,3.6);
#59=CYLINDRICAL_SURFACE('',#1886,3.6);
#60=CYLINDRICAL_SURFACE('',#1888,21.);
#61=CYLINDRICAL_SURFACE('',#1895,19.);
#62=CYLINDRICAL_SURFACE('',#1902,3.6);
#63=CYLINDRICAL_SURFACE('',#1904,3.6);
#64=CYLINDRICAL_SURFACE('',#1917,1.25);
#65=CYLINDRICAL_SURFACE('',#1921,1.25);
#66=CYLINDRICAL_SURFACE('',#1924,1.25);
#67=CYLINDRICAL_SURFACE('',#1928,1.25);
#68=CYLINDRICAL_SURFACE('',#1962,8.);
#69=CYLINDRICAL_SURFACE('',#1974,0.95);
#70=CYLINDRICAL_SURFACE('',#1975,0.95);
#71=CYLINDRICAL_SURFACE('',#1976,0.95);
#72=CYLINDRICAL_SURFACE('',#1978,1.00000000000001);
#73=CYLINDRICAL_SURFACE('',#1980,1.);
#74=LINE('',#2501,#239);
#75=LINE('',#2505,#240);
#76=LINE('',#2509,#241);
#77=LINE('',#2513,#242);
#78=LINE('',#2516,#243);
#79=LINE('',#2522,#244);
#80=LINE('',#2536,#245);
#81=LINE('',#2549,#246);
#82=LINE('',#2552,#247);
#83=LINE('',#2555,#248);
#84=LINE('',#2557,#249);
#85=LINE('',#2558,#250);
#86=LINE('',#2561,#251);
#87=LINE('',#2565,#252);
#88=LINE('',#2569,#253);
#89=LINE('',#2575,#254);
#90=LINE('',#2599,#255);
#91=LINE('',#2601,#256);
#92=LINE('',#2609,#257);
#93=LINE('',#2612,#258);
#94=LINE('',#2615,#259);
#95=LINE('',#2618,#260);
#96=LINE('',#2620,#261);
#97=LINE('',#2622,#262);
#98=LINE('',#2623,#263);
#99=LINE('',#2626,#264);
#100=LINE('',#2628,#265);
#101=LINE('',#2630,#266);
#102=LINE('',#2632,#267);
#103=LINE('',#2634,#268);
#104=LINE('',#2636,#269);
#105=LINE('',#2638,#270);
#106=LINE('',#2640,#271);
#107=LINE('',#2642,#272);
#108=LINE('',#2644,#273);
#109=LINE('',#2660,#274);
#110=LINE('',#2661,#275);
#111=LINE('',#2664,#276);
#112=LINE('',#2668,#277);
#113=LINE('',#2670,#278);
#114=LINE('',#2672,#279);
#115=LINE('',#2674,#280);
#116=LINE('',#2676,#281);
#117=LINE('',#2678,#282);
#118=LINE('',#2680,#283);
#119=LINE('',#2682,#284);
#120=LINE('',#2684,#285);
#121=LINE('',#2686,#286);
#122=LINE('',#2687,#287);
#123=LINE('',#2694,#288);
#124=LINE('',#2696,#289);
#125=LINE('',#2698,#290);
#126=LINE('',#2699,#291);
#127=LINE('',#2709,#292);
#128=LINE('',#2710,#293);
#129=LINE('',#2715,#294);
#130=LINE('',#2719,#295);
#131=LINE('',#2721,#296);
#132=LINE('',#2722,#297);
#133=LINE('',#2725,#298);
#134=LINE('',#2727,#299);
#135=LINE('',#2729,#300);
#136=LINE('',#2730,#301);
#137=LINE('',#2736,#302);
#138=LINE('',#2737,#303);
#139=LINE('',#2740,#304);
#140=LINE('',#2741,#305);
#141=LINE('',#2886,#306);
#142=LINE('',#2889,#307);
#143=LINE('',#2890,#308);
#144=LINE('',#2893,#309);
#145=LINE('',#3008,#310);
#146=LINE('',#3012,#311);
#147=LINE('',#3038,#312);
#148=LINE('',#3039,#313);
#149=LINE('',#3041,#314);
#150=LINE('',#3044,#315);
#151=LINE('',#3045,#316);
#152=LINE('',#3047,#317);
#153=LINE('',#3049,#318);
#154=LINE('',#3052,#319);
#155=LINE('',#3054,#320);
#156=LINE('',#3057,#321);
#157=LINE('',#3061,#322);
#158=LINE('',#3064,#323);
#159=LINE('',#3069,#324);
#160=LINE('',#3071,#325);
#161=LINE('',#3073,#326);
#162=LINE('',#3074,#327);
#163=LINE('',#3078,#328);
#164=LINE('',#3080,#329);
#165=LINE('',#3082,#330);
#166=LINE('',#3083,#331);
#167=LINE('',#3086,#332);
#168=LINE('',#3088,#333);
#169=LINE('',#3089,#334);
#170=LINE('',#3092,#335);
#171=LINE('',#3093,#336);
#172=LINE('',#3096,#337);
#173=LINE('',#3097,#338);
#174=LINE('',#3100,#339);
#175=LINE('',#3102,#340);
#176=LINE('',#3103,#341);
#177=LINE('',#3106,#342);
#178=LINE('',#3107,#343);
#179=LINE('',#3110,#344);
#180=LINE('',#3111,#345);
#181=LINE('',#3113,#346);
#182=LINE('',#3116,#347);
#183=LINE('',#3117,#348);
#184=LINE('',#3119,#349);
#185=LINE('',#3120,#350);
#186=LINE('',#3123,#351);
#187=LINE('',#3125,#352);
#188=LINE('',#3126,#353);
#189=LINE('',#3131,#354);
#190=LINE('',#3136,#355);
#191=LINE('',#3143,#356);
#192=LINE('',#3148,#357);
#193=LINE('',#3153,#358);
#194=LINE('',#3155,#359);
#195=LINE('',#3156,#360);
#196=LINE('',#3158,#361);
#197=LINE('',#3159,#362);
#198=LINE('',#3161,#363);
#199=LINE('',#3162,#364);
#200=LINE('',#3176,#365);
#201=LINE('',#3177,#366);
#202=LINE('',#3180,#367);
#203=LINE('',#3182,#368);
#204=LINE('',#3183,#369);
#205=LINE('',#3186,#370);
#206=LINE('',#3194,#371);
#207=LINE('',#3201,#372);
#208=LINE('',#3202,#373);
#209=LINE('',#3203,#374);
#210=LINE('',#3231,#375);
#211=LINE('',#3247,#376);
#212=LINE('',#3256,#377);
#213=LINE('',#3258,#378);
#214=LINE('',#3260,#379);
#215=LINE('',#3262,#380);
#216=LINE('',#3264,#381);
#217=LINE('',#3265,#382);
#218=LINE('',#3272,#383);
#219=LINE('',#3276,#384);
#220=LINE('',#3279,#385);
#221=LINE('',#3304,#386);
#222=LINE('',#3310,#387);
#223=LINE('',#3312,#388);
#224=LINE('',#3316,#389);
#225=LINE('',#3319,#390);
#226=LINE('',#3324,#391);
#227=LINE('',#3333,#392);
#228=LINE('',#3335,#393);
#229=LINE('',#3338,#394);
#230=LINE('',#3339,#395);
#231=LINE('',#3341,#396);
#232=LINE('',#3345,#397);
#233=LINE('',#3377,#398);
#234=LINE('',#3379,#399);
#235=LINE('',#3381,#400);
#236=LINE('',#3383,#401);
#237=LINE('',#3385,#402);
#238=LINE('',#3387,#403);
#239=VECTOR('',#1996,10.);
#240=VECTOR('',#1999,10.);
#241=VECTOR('',#2002,10.);
#242=VECTOR('',#2007,10.);
#243=VECTOR('',#2010,10.);
#244=VECTOR('',#2017,10.);
#245=VECTOR('',#2026,10.);
#246=VECTOR('',#2035,10.);
#247=VECTOR('',#2038,10.);
#248=VECTOR('',#2041,10.);
#249=VECTOR('',#2042,10.);
#250=VECTOR('',#2043,10.);
#251=VECTOR('',#2046,10.);
#252=VECTOR('',#2049,10.);
#253=VECTOR('',#2054,10.);
#254=VECTOR('',#2061,10.);
#255=VECTOR('',#2078,10.);
#256=VECTOR('',#2079,10.);
#257=VECTOR('',#2080,10.);
#258=VECTOR('',#2083,10.);
#259=VECTOR('',#2086,10.);
#260=VECTOR('',#2089,10.);
#261=VECTOR('',#2090,10.);
#262=VECTOR('',#2091,10.);
#263=VECTOR('',#2092,10.);
#264=VECTOR('',#2095,10.);
#265=VECTOR('',#2096,10.);
#266=VECTOR('',#2097,10.);
#267=VECTOR('',#2098,10.);
#268=VECTOR('',#2099,10.);
#269=VECTOR('',#2100,10.);
#270=VECTOR('',#2101,10.);
#271=VECTOR('',#2102,10.);
#272=VECTOR('',#2103,10.);
#273=VECTOR('',#2104,10.);
#274=VECTOR('',#2107,10.);
#275=VECTOR('',#2108,10.);
#276=VECTOR('',#2111,10.);
#277=VECTOR('',#2116,10.);
#278=VECTOR('',#2117,10.);
#279=VECTOR('',#2118,10.);
#280=VECTOR('',#2119,10.);
#281=VECTOR('',#2120,10.);
#282=VECTOR('',#2121,10.);
#283=VECTOR('',#2122,10.);
#284=VECTOR('',#2123,10.);
#285=VECTOR('',#2124,10.);
#286=VECTOR('',#2125,10.);
#287=VECTOR('',#2126,10.);
#288=VECTOR('',#2133,10.);
#289=VECTOR('',#2134,10.);
#290=VECTOR('',#2135,10.);
#291=VECTOR('',#2136,10.);
#292=VECTOR('',#2139,10.);
#293=VECTOR('',#2140,10.);
#294=VECTOR('',#2145,10.);
#295=VECTOR('',#2150,10.);
#296=VECTOR('',#2151,10.);
#297=VECTOR('',#2152,10.);
#298=VECTOR('',#2155,10.);
#299=VECTOR('',#2156,10.);
#300=VECTOR('',#2157,10.);
#301=VECTOR('',#2158,10.);
#302=VECTOR('',#2167,10.);
#303=VECTOR('',#2168,10.);
#304=VECTOR('',#2171,10.);
#305=VECTOR('',#2172,10.);
#306=VECTOR('',#2175,3.6);
#307=VECTOR('',#2178,10.);
#308=VECTOR('',#2179,10.);
#309=VECTOR('',#2182,3.6);
#310=VECTOR('',#2193,10.);
#311=VECTOR('',#2196,10.);
#312=VECTOR('',#2207,10.);
#313=VECTOR('',#2208,10.);
#314=VECTOR('',#2209,10.);
#315=VECTOR('',#2212,10.);
#316=VECTOR('',#2213,10.);
#317=VECTOR('',#2214,10.);
#318=VECTOR('',#2215,10.);
#319=VECTOR('',#2218,10.);
#320=VECTOR('',#2219,3.6);
#321=VECTOR('',#2222,10.);
#322=VECTOR('',#2227,3.6);
#323=VECTOR('',#2232,10.);
#324=VECTOR('',#2237,10.);
#325=VECTOR('',#2238,10.);
#326=VECTOR('',#2239,10.);
#327=VECTOR('',#2240,10.);
#328=VECTOR('',#2243,10.);
#329=VECTOR('',#2244,10.);
#330=VECTOR('',#2245,10.);
#331=VECTOR('',#2246,10.);
#332=VECTOR('',#2249,10.);
#333=VECTOR('',#2250,10.);
#334=VECTOR('',#2251,10.);
#335=VECTOR('',#2254,10.);
#336=VECTOR('',#2255,10.);
#337=VECTOR('',#2258,10.);
#338=VECTOR('',#2259,10.);
#339=VECTOR('',#2262,10.);
#340=VECTOR('',#2263,10.);
#341=VECTOR('',#2264,10.);
#342=VECTOR('',#2267,10.);
#343=VECTOR('',#2268,10.);
#344=VECTOR('',#2271,10.);
#345=VECTOR('',#2272,10.);
#346=VECTOR('',#2275,10.);
#347=VECTOR('',#2278,10.);
#348=VECTOR('',#2279,10.);
#349=VECTOR('',#2280,10.);
#350=VECTOR('',#2281,10.);
#351=VECTOR('',#2284,10.);
#352=VECTOR('',#2285,10.);
#353=VECTOR('',#2286,10.);
#354=VECTOR('',#2291,1.25);
#355=VECTOR('',#2298,1.25);
#356=VECTOR('',#2307,1.25);
#357=VECTOR('',#2314,1.25);
#358=VECTOR('',#2321,10.);
#359=VECTOR('',#2322,10.);
#360=VECTOR('',#2323,10.);
#361=VECTOR('',#2326,10.);
#362=VECTOR('',#2327,10.);
#363=VECTOR('',#2330,10.);
#364=VECTOR('',#2331,10.);
#365=VECTOR('',#2334,10.);
#366=VECTOR('',#2335,10.);
#367=VECTOR('',#2338,10.);
#368=VECTOR('',#2339,10.);
#369=VECTOR('',#2340,10.);
#370=VECTOR('',#2343,10.);
#371=VECTOR('',#2344,10.);
#372=VECTOR('',#2353,10.);
#373=VECTOR('',#2354,10.);
#374=VECTOR('',#2355,10.);
#375=VECTOR('',#2356,10.);
#376=VECTOR('',#2359,10.);
#377=VECTOR('',#2362,10.);
#378=VECTOR('',#2363,10.);
#379=VECTOR('',#2364,10.);
#380=VECTOR('',#2365,10.);
#381=VECTOR('',#2366,10.);
#382=VECTOR('',#2367,10.);
#383=VECTOR('',#2378,10.);
#384=VECTOR('',#2381,10.);
#385=VECTOR('',#2384,10.);
#386=VECTOR('',#2397,10.);
#387=VECTOR('',#2404,10.);
#388=VECTOR('',#2405,10.);
#389=VECTOR('',#2408,10.);
#390=VECTOR('',#2411,10.);
#391=VECTOR('',#2416,10.);
#392=VECTOR('',#2427,10.);
#393=VECTOR('',#2430,10.);
#394=VECTOR('',#2435,10.);
#395=VECTOR('',#2436,10.);
#396=VECTOR('',#2439,10.);
#397=VECTOR('',#2446,0.95);
#398=VECTOR('',#2449,0.95);
#399=VECTOR('',#2452,0.95);
#400=VECTOR('',#2455,10.);
#401=VECTOR('',#2458,10.);
#402=VECTOR('',#2461,10.);
#403=VECTOR('',#2464,10.);
#404=PLANE('',#1828);
#405=PLANE('',#1846);
#406=PLANE('',#1861);
#407=PLANE('',#1864);
#408=PLANE('',#1865);
#409=PLANE('',#1866);
#410=PLANE('',#1869);
#411=PLANE('',#1872);
#412=PLANE('',#1873);
#413=PLANE('',#1877);
#414=PLANE('',#1878);
#415=PLANE('',#1882);
#416=PLANE('',#1883);
#417=PLANE('',#1901);
#418=PLANE('',#1906);
#419=PLANE('',#1907);
#420=PLANE('',#1908);
#421=PLANE('',#1909);
#422=PLANE('',#1910);
#423=PLANE('',#1911);
#424=PLANE('',#1912);
#425=PLANE('',#1913);
#426=PLANE('',#1914);
#427=PLANE('',#1915);
#428=PLANE('',#1916);
#429=PLANE('',#1920);
#430=PLANE('',#1923);
#431=PLANE('',#1927);
#432=PLANE('',#1930);
#433=PLANE('',#1931);
#434=PLANE('',#1932);
#435=PLANE('',#1933);
#436=PLANE('',#1934);
#437=PLANE('',#1935);
#438=PLANE('',#1936);
#439=PLANE('',#1937);
#440=PLANE('',#1938);
#441=PLANE('',#1939);
#442=PLANE('',#1940);
#443=PLANE('',#1941);
#444=PLANE('',#1942);
#445=PLANE('',#1943);
#446=PLANE('',#1945);
#447=PLANE('',#1947);
#448=PLANE('',#1955);
#449=PLANE('',#1958);
#450=PLANE('',#1968);
#451=PLANE('',#1970);
#452=PLANE('',#1971);
#453=PLANE('',#1972);
#454=PLANE('',#1973);
#455=PLANE('',#1977);
#456=PLANE('',#1979);
#457=PLANE('',#1981);
#458=PLANE('',#1982);
#459=FACE_OUTER_BOUND('',#552,.T.);
#460=FACE_OUTER_BOUND('',#553,.T.);
#461=FACE_OUTER_BOUND('',#554,.T.);
#462=FACE_OUTER_BOUND('',#555,.T.);
#463=FACE_OUTER_BOUND('',#556,.T.);
#464=FACE_OUTER_BOUND('',#557,.T.);
#465=FACE_OUTER_BOUND('',#558,.T.);
#466=FACE_OUTER_BOUND('',#559,.T.);
#467=FACE_OUTER_BOUND('',#560,.T.);
#468=FACE_OUTER_BOUND('',#561,.T.);
#469=FACE_OUTER_BOUND('',#562,.T.);
#470=FACE_OUTER_BOUND('',#563,.T.);
#471=FACE_OUTER_BOUND('',#564,.T.);
#472=FACE_OUTER_BOUND('',#565,.T.);
#473=FACE_OUTER_BOUND('',#566,.T.);
#474=FACE_OUTER_BOUND('',#567,.T.);
#475=FACE_OUTER_BOUND('',#568,.T.);
#476=FACE_OUTER_BOUND('',#569,.T.);
#477=FACE_OUTER_BOUND('',#570,.T.);
#478=FACE_OUTER_BOUND('',#571,.T.);
#479=FACE_OUTER_BOUND('',#572,.T.);
#480=FACE_OUTER_BOUND('',#573,.T.);
#481=FACE_OUTER_BOUND('',#574,.T.);
#482=FACE_OUTER_BOUND('',#577,.T.);
#483=FACE_OUTER_BOUND('',#578,.T.);
#484=FACE_OUTER_BOUND('',#579,.T.);
#485=FACE_OUTER_BOUND('',#580,.T.);
#486=FACE_OUTER_BOUND('',#581,.T.);
#487=FACE_OUTER_BOUND('',#582,.T.);
#488=FACE_OUTER_BOUND('',#583,.T.);
#489=FACE_OUTER_BOUND('',#584,.T.);
#490=FACE_OUTER_BOUND('',#585,.T.);
#491=FACE_OUTER_BOUND('',#586,.T.);
#492=FACE_OUTER_BOUND('',#587,.T.);
#493=FACE_OUTER_BOUND('',#588,.T.);
#494=FACE_OUTER_BOUND('',#589,.T.);
#495=FACE_OUTER_BOUND('',#590,.T.);
#496=FACE_OUTER_BOUND('',#591,.T.);
#497=FACE_OUTER_BOUND('',#592,.T.);
#498=FACE_OUTER_BOUND('',#593,.T.);
#499=FACE_OUTER_BOUND('',#594,.T.);
#500=FACE_OUTER_BOUND('',#596,.T.);
#501=FACE_OUTER_BOUND('',#597,.T.);
#502=FACE_OUTER_BOUND('',#598,.T.);
#503=FACE_OUTER_BOUND('',#599,.T.);
#504=FACE_OUTER_BOUND('',#600,.T.);
#505=FACE_OUTER_BOUND('',#601,.T.);
#506=FACE_OUTER_BOUND('',#602,.T.);
#507=FACE_OUTER_BOUND('',#603,.T.);
#508=FACE_OUTER_BOUND('',#604,.T.);
#509=FACE_OUTER_BOUND('',#605,.T.);
#510=FACE_OUTER_BOUND('',#606,.T.);
#511=FACE_OUTER_BOUND('',#607,.T.);
#512=FACE_OUTER_BOUND('',#608,.T.);
#513=FACE_OUTER_BOUND('',#609,.T.);
#514=FACE_OUTER_BOUND('',#610,.T.);
#515=FACE_OUTER_BOUND('',#611,.T.);
#516=FACE_OUTER_BOUND('',#612,.T.);
#517=FACE_OUTER_BOUND('',#613,.T.);
#518=FACE_OUTER_BOUND('',#614,.T.);
#519=FACE_OUTER_BOUND('',#615,.T.);
#520=FACE_OUTER_BOUND('',#618,.T.);
#521=FACE_OUTER_BOUND('',#619,.T.);
#522=FACE_OUTER_BOUND('',#620,.T.);
#523=FACE_OUTER_BOUND('',#621,.T.);
#524=FACE_OUTER_BOUND('',#622,.T.);
#525=FACE_OUTER_BOUND('',#623,.T.);
#526=FACE_OUTER_BOUND('',#624,.T.);
#527=FACE_OUTER_BOUND('',#625,.T.);
#528=FACE_OUTER_BOUND('',#626,.T.);
#529=FACE_OUTER_BOUND('',#627,.T.);
#530=FACE_OUTER_BOUND('',#628,.T.);
#531=FACE_OUTER_BOUND('',#629,.T.);
#532=FACE_OUTER_BOUND('',#630,.T.);
#533=FACE_OUTER_BOUND('',#631,.T.);
#534=FACE_OUTER_BOUND('',#636,.T.);
#535=FACE_OUTER_BOUND('',#639,.T.);
#536=FACE_OUTER_BOUND('',#641,.T.);
#537=FACE_OUTER_BOUND('',#642,.T.);
#538=FACE_OUTER_BOUND('',#643,.T.);
#539=FACE_OUTER_BOUND('',#644,.T.);
#540=FACE_OUTER_BOUND('',#645,.T.);
#541=FACE_OUTER_BOUND('',#646,.T.);
#542=FACE_OUTER_BOUND('',#647,.T.);
#543=FACE_OUTER_BOUND('',#648,.T.);
#544=FACE_OUTER_BOUND('',#649,.T.);
#545=FACE_OUTER_BOUND('',#650,.T.);
#546=FACE_OUTER_BOUND('',#651,.T.);
#547=FACE_OUTER_BOUND('',#652,.T.);
#548=FACE_OUTER_BOUND('',#653,.T.);
#549=FACE_OUTER_BOUND('',#654,.T.);
#550=FACE_OUTER_BOUND('',#655,.T.);
#551=FACE_OUTER_BOUND('',#656,.T.);
#552=EDGE_LOOP('',(#1186,#1187,#1188,#1189,#1190,#1191));
#553=EDGE_LOOP('',(#1192,#1193));
#554=EDGE_LOOP('',(#1194,#1195,#1196,#1197));
#555=EDGE_LOOP('',(#1198,#1199,#1200,#1201));
#556=EDGE_LOOP('',(#1202,#1203,#1204,#1205));
#557=EDGE_LOOP('',(#1206,#1207,#1208));
#558=EDGE_LOOP('',(#1209,#1210,#1211,#1212));
#559=EDGE_LOOP('',(#1213,#1214,#1215));
#560=EDGE_LOOP('',(#1216,#1217,#1218,#1219));
#561=EDGE_LOOP('',(#1220,#1221,#1222,#1223,#1224,#1225));
#562=EDGE_LOOP('',(#1226,#1227,#1228,#1229));
#563=EDGE_LOOP('',(#1230,#1231,#1232,#1233));
#564=EDGE_LOOP('',(#1234,#1235,#1236,#1237));
#565=EDGE_LOOP('',(#1238,#1239,#1240));
#566=EDGE_LOOP('',(#1241,#1242,#1243,#1244));
#567=EDGE_LOOP('',(#1245,#1246,#1247));
#568=EDGE_LOOP('',(#1248,#1249,#1250,#1251,#1252,#1253));
#569=EDGE_LOOP('',(#1254,#1255,#1256,#1257));
#570=EDGE_LOOP('',(#1258,#1259,#1260,#1261,#1262,#1263,#1264,#1265,#1266,
#1267));
#571=EDGE_LOOP('',(#1268,#1269,#1270,#1271,#1272,#1273,#1274,#1275,#1276,
#1277,#1278,#1279,#1280,#1281));
#572=EDGE_LOOP('',(#1282,#1283,#1284,#1285,#1286,#1287,#1288,#1289));
#573=EDGE_LOOP('',(#1290,#1291,#1292,#1293));
#574=EDGE_LOOP('',(#1294,#1295,#1296,#1297,#1298,#1299,#1300,#1301,#1302,
#1303,#1304,#1305));
#575=EDGE_LOOP('',(#1306));
#576=EDGE_LOOP('',(#1307));
#577=EDGE_LOOP('',(#1308,#1309,#1310,#1311,#1312,#1313,#1314));
#578=EDGE_LOOP('',(#1315,#1316,#1317,#1318,#1319,#1320));
#579=EDGE_LOOP('',(#1321,#1322,#1323,#1324));
#580=EDGE_LOOP('',(#1325,#1326,#1327,#1328));
#581=EDGE_LOOP('',(#1329,#1330,#1331,#1332,#1333,#1334,#1335));
#582=EDGE_LOOP('',(#1336,#1337,#1338,#1339));
#583=EDGE_LOOP('',(#1340,#1341,#1342,#1343));
#584=EDGE_LOOP('',(#1344,#1345,#1346,#1347));
#585=EDGE_LOOP('',(#1348,#1349,#1350,#1351,#1352,#1353,#1354));
#586=EDGE_LOOP('',(#1355,#1356,#1357,#1358,#1359,#1360));
#587=EDGE_LOOP('',(#1361,#1362,#1363,#1364));
#588=EDGE_LOOP('',(#1365,#1366,#1367,#1368,#1369,#1370,#1371));
#589=EDGE_LOOP('',(#1372,#1373,#1374,#1375,#1376,#1377,#1378,#1379,#1380,
#1381,#1382,#1383,#1384,#1385,#1386,#1387));
#590=EDGE_LOOP('',(#1388,#1389,#1390,#1391,#1392,#1393,#1394,#1395,#1396,
#1397,#1398,#1399,#1400,#1401,#1402,#1403,#1404,#1405,#1406,#1407,#1408,
#1409,#1410,#1411,#1412,#1413));
#591=EDGE_LOOP('',(#1414,#1415,#1416));
#592=EDGE_LOOP('',(#1417,#1418,#1419,#1420));
#593=EDGE_LOOP('',(#1421,#1422,#1423,#1424,#1425,#1426));
#594=EDGE_LOOP('',(#1427,#1428,#1429,#1430,#1431,#1432,#1433,#1434));
#595=EDGE_LOOP('',(#1435,#1436,#1437,#1438));
#596=EDGE_LOOP('',(#1439,#1440,#1441,#1442));
#597=EDGE_LOOP('',(#1443,#1444,#1445,#1446));
#598=EDGE_LOOP('',(#1447,#1448,#1449,#1450));
#599=EDGE_LOOP('',(#1451,#1452,#1453,#1454));
#600=EDGE_LOOP('',(#1455,#1456,#1457,#1458));
#601=EDGE_LOOP('',(#1459,#1460,#1461,#1462));
#602=EDGE_LOOP('',(#1463,#1464,#1465,#1466));
#603=EDGE_LOOP('',(#1467,#1468,#1469,#1470));
#604=EDGE_LOOP('',(#1471,#1472,#1473,#1474,#1475,#1476,#1477,#1478));
#605=EDGE_LOOP('',(#1479,#1480,#1481,#1482,#1483,#1484,#1485,#1486));
#606=EDGE_LOOP('',(#1487,#1488,#1489,#1490));
#607=EDGE_LOOP('',(#1491));
#608=EDGE_LOOP('',(#1492,#1493,#1494,#1495));
#609=EDGE_LOOP('',(#1496));
#610=EDGE_LOOP('',(#1497,#1498,#1499,#1500));
#611=EDGE_LOOP('',(#1501));
#612=EDGE_LOOP('',(#1502,#1503,#1504,#1505));
#613=EDGE_LOOP('',(#1506));
#614=EDGE_LOOP('',(#1507,#1508,#1509,#1510));
#615=EDGE_LOOP('',(#1511,#1512,#1513,#1514,#1515,#1516,#1517,#1518));
#616=EDGE_LOOP('',(#1519));
#617=EDGE_LOOP('',(#1520));
#618=EDGE_LOOP('',(#1521,#1522,#1523,#1524));
#619=EDGE_LOOP('',(#1525,#1526,#1527,#1528));
#620=EDGE_LOOP('',(#1529,#1530,#1531,#1532,#1533,#1534,#1535,#1536,#1537,
#1538));
#621=EDGE_LOOP('',(#1539,#1540,#1541,#1542,#1543,#1544,#1545,#1546,#1547,
#1548,#1549,#1550,#1551,#1552,#1553));
#622=EDGE_LOOP('',(#1554,#1555));
#623=EDGE_LOOP('',(#1556,#1557));
#624=EDGE_LOOP('',(#1558,#1559,#1560));
#625=EDGE_LOOP('',(#1561,#1562,#1563,#1564,#1565,#1566,#1567,#1568));
#626=EDGE_LOOP('',(#1569,#1570,#1571,#1572));
#627=EDGE_LOOP('',(#1573,#1574,#1575,#1576,#1577,#1578,#1579,#1580,#1581,
#1582,#1583,#1584,#1585,#1586,#1587));
#628=EDGE_LOOP('',(#1588,#1589,#1590,#1591,#1592,#1593,#1594,#1595,#1596,
#1597,#1598,#1599,#1600,#1601,#1602,#1603,#1604,#1605,#1606,#1607));
#629=EDGE_LOOP('',(#1608,#1609));
#630=EDGE_LOOP('',(#1610,#1611));
#631=EDGE_LOOP('',(#1612,#1613,#1614,#1615,#1616,#1617));
#632=EDGE_LOOP('',(#1618));
#633=EDGE_LOOP('',(#1619));
#634=EDGE_LOOP('',(#1620,#1621,#1622));
#635=EDGE_LOOP('',(#1623,#1624,#1625,#1626));
#636=EDGE_LOOP('',(#1627,#1628,#1629,#1630));
#637=EDGE_LOOP('',(#1631));
#638=EDGE_LOOP('',(#1632));
#639=EDGE_LOOP('',(#1633,#1634,#1635,#1636,#1637,#1638,#1639,#1640));
#640=EDGE_LOOP('',(#1641));
#641=EDGE_LOOP('',(#1642,#1643,#1644,#1645,#1646,#1647,#1648,#1649,#1650,
#1651));
#642=EDGE_LOOP('',(#1652,#1653,#1654,#1655));
#643=EDGE_LOOP('',(#1656,#1657,#1658,#1659,#1660,#1661));
#644=EDGE_LOOP('',(#1662,#1663,#1664,#1665));
#645=EDGE_LOOP('',(#1666,#1667,#1668));
#646=EDGE_LOOP('',(#1669,#1670,#1671));
#647=EDGE_LOOP('',(#1672,#1673,#1674,#1675));
#648=EDGE_LOOP('',(#1676,#1677,#1678,#1679));
#649=EDGE_LOOP('',(#1680,#1681,#1682,#1683));
#650=EDGE_LOOP('',(#1684,#1685,#1686,#1687,#1688,#1689,#1690,#1691));
#651=EDGE_LOOP('',(#1692,#1693,#1694,#1695));
#652=EDGE_LOOP('',(#1696,#1697,#1698,#1699));
#653=EDGE_LOOP('',(#1700,#1701,#1702,#1703));
#654=EDGE_LOOP('',(#1704,#1705,#1706,#1707));
#655=EDGE_LOOP('',(#1708,#1709,#1710,#1711));
#656=EDGE_LOOP('',(#1712,#1713,#1714,#1715));
#657=(
BOUNDED_CURVE()
B_SPLINE_CURVE(2,(#2492,#2493,#2494),.UNSPECIFIED.,.F.,.F.)
B_SPLINE_CURVE_WITH_KNOTS((3,3),(4.47149316940974,4.69869177822298),
 .UNSPECIFIED.)
CURVE()
GEOMETRIC_REPRESENTATION_ITEM()
RATIONAL_B_SPLINE_CURVE((1.33333333333513,1.29562369603803,1.25322140348214))
REPRESENTATION_ITEM('')
);
#658=(
BOUNDED_CURVE()
B_SPLINE_CURVE(2,(#2497,#2498,#2499),.UNSPECIFIED.,.F.,.F.)
B_SPLINE_CURVE_WITH_KNOTS((3,3),(0.59281084390604,0.820009452719447),
 .UNSPECIFIED.)
CURVE()
GEOMETRIC_REPRESENTATION_ITEM()
RATIONAL_B_SPLINE_CURVE((1.25322140348208,1.295623696038,1.33333333333513))
REPRESENTATION_ITEM('')
);
#659=(
BOUNDED_CURVE()
B_SPLINE_CURVE(5,(#3232,#3233,#3234,#3235,#3236,#3237,#3238,#3239,#3240,
#3241,#3242,#3243,#3244),.UNSPECIFIED.,.F.,.F.)
B_SPLINE_CURVE_WITH_KNOTS((6,1,1,1,1,1,1,1,6),(-0.888461532672865,-0.8,
-0.7,-0.6,-0.5,-0.4,-0.3,-0.2,-0.111538467327095),.UNSPECIFIED.)
CURVE()
GEOMETRIC_REPRESENTATION_ITEM()
RATIONAL_B_SPLINE_CURVE((1.,1.,1.,1.,1.,1.,1.,1.,1.,1.,1.,1.,1.))
REPRESENTATION_ITEM('')
);
#660=(
BOUNDED_CURVE()
B_SPLINE_CURVE(5,(#3290,#3291,#3292,#3293,#3294,#3295,#3296,#3297,#3298,
#3299,#3300,#3301,#3302),.UNSPECIFIED.,.F.,.F.)
B_SPLINE_CURVE_WITH_KNOTS((6,1,1,1,1,1,1,1,6),(-0.888461532672865,-0.8,
-0.7,-0.6,-0.5,-0.4,-0.3,-0.2,-0.11153846732713),.UNSPECIFIED.)
CURVE()
GEOMETRIC_REPRESENTATION_ITEM()
RATIONAL_B_SPLINE_CURVE((1.,1.,1.,1.,1.,1.,1.,1.,1.,1.,1.,1.,1.))
REPRESENTATION_ITEM('')
);
#661=CIRCLE('',#1826,19.);
#662=CIRCLE('',#1827,16.);
#663=CIRCLE('',#1830,3.);
#664=CIRCLE('',#1833,3.);
#665=CIRCLE('',#1836,3.);
#666=CIRCLE('',#1838,3.);
#667=CIRCLE('',#1841,3.);
#668=CIRCLE('',#1843,3.);
#669=CIRCLE('',#1845,3.);
#670=CIRCLE('',#1848,3.);
#671=CIRCLE('',#1851,3.);
#672=CIRCLE('',#1854,3.);
#673=CIRCLE('',#1856,3.);
#674=CIRCLE('',#1859,3.);
#675=CIRCLE('',#1863,3.);
#676=CIRCLE('',#1868,3.);
#677=CIRCLE('',#1870,1.25);
#678=CIRCLE('',#1871,1.25);
#679=CIRCLE('',#1875,3.);
#680=CIRCLE('',#1876,3.);
#681=CIRCLE('',#1880,3.);
#682=CIRCLE('',#1881,3.);
#683=CIRCLE('',#1885,3.6);
#684=CIRCLE('',#1887,3.6);
#685=CIRCLE('',#1889,21.);
#686=CIRCLE('',#1890,21.0000000000004);
#687=CIRCLE('',#1891,21.);
#688=CIRCLE('',#1892,21.);
#689=CIRCLE('',#1893,21.);
#690=CIRCLE('',#1894,21.);
#691=CIRCLE('',#1896,19.);
#692=CIRCLE('',#1897,19.);
#693=CIRCLE('',#1898,19.);
#694=CIRCLE('',#1899,19.);
#695=CIRCLE('',#1900,19.);
#696=CIRCLE('',#1903,3.6);
#697=CIRCLE('',#1905,3.6);
#698=CIRCLE('',#1918,1.25);
#699=CIRCLE('',#1919,1.25);
#700=CIRCLE('',#1922,1.25);
#701=CIRCLE('',#1925,1.25);
#702=CIRCLE('',#1926,1.25);
#703=CIRCLE('',#1929,1.25);
#704=CIRCLE('',#1944,8.);
#705=CIRCLE('',#1946,8.);
#706=CIRCLE('',#1948,1.00000000000001);
#707=CIRCLE('',#1949,1.);
#708=CIRCLE('',#1950,0.95);
#709=CIRCLE('',#1951,0.95);
#710=CIRCLE('',#1952,8.);
#711=CIRCLE('',#1953,0.95);
#712=CIRCLE('',#1954,0.95);
#713=CIRCLE('',#1956,0.95);
#714=CIRCLE('',#1957,0.95);
#715=CIRCLE('',#1959,1.);
#716=CIRCLE('',#1960,1.00000000000001);
#717=CIRCLE('',#1961,0.95);
#718=CIRCLE('',#1963,8.);
#719=CIRCLE('',#1964,8.);
#720=CIRCLE('',#1965,8.);
#721=CIRCLE('',#1966,8.);
#722=CIRCLE('',#1967,8.);
#723=CIRCLE('',#1969,0.95);
#724=B_SPLINE_CURVE_WITH_KNOTS('',3,(#2476,#2477,#2478,#2479,#2480,#2481),
 .UNSPECIFIED.,.F.,.F.,(4,2,4),(1.46747946745117,1.54665075369293,1.70996965491889),
 .UNSPECIFIED.);
#725=B_SPLINE_CURVE_WITH_KNOTS('',3,(#2485,#2486,#2487,#2488,#2489,#2490),
 .UNSPECIFIED.,.F.,.F.,(4,2,4),(0.933562710263115,1.09688161148952,1.17605289773125),
 .UNSPECIFIED.);
#726=B_SPLINE_CURVE_WITH_KNOTS('',3,(#2525,#2526,#2527,#2528,#2529,#2530),
 .UNSPECIFIED.,.F.,.F.,(4,2,4),(0.,0.176344228618452,0.255545241038905),
 .UNSPECIFIED.);
#727=B_SPLINE_CURVE_WITH_KNOTS('',3,(#2540,#2541,#2542,#2543,#2544,#2545),
 .UNSPECIFIED.,.F.,.F.,(4,2,4),(1.84312961905485,1.92233062842199,2.09867485720226),
 .UNSPECIFIED.);
#728=B_SPLINE_CURVE_WITH_KNOTS('',3,(#2579,#2580,#2581,#2582,#2583,#2584),
 .UNSPECIFIED.,.F.,.F.,(4,2,4),(1.84312955367416,1.92233061734175,2.09867484923271),
 .UNSPECIFIED.);
#729=B_SPLINE_CURVE_WITH_KNOTS('',3,(#2591,#2592,#2593,#2594,#2595,#2596),
 .UNSPECIFIED.,.F.,.F.,(4,2,4),(0.,0.176344229861646,0.255545226249866),
 .UNSPECIFIED.);
#730=B_SPLINE_CURVE_WITH_KNOTS('',3,(#2603,#2604,#2605,#2606,#2607,#2608),
 .UNSPECIFIED.,.F.,.F.,(4,2,4),(0.,0.149705953490634,0.203867682842059),
 .UNSPECIFIED.);
#731=B_SPLINE_CURVE_WITH_KNOTS('',3,(#2645,#2646,#2647,#2648,#2649,#2650),
 .UNSPECIFIED.,.F.,.F.,(4,2,4),(0.0224459851906543,0.105631791661594,0.124048613929049),
 .UNSPECIFIED.);
#732=B_SPLINE_CURVE_WITH_KNOTS('',3,(#2653,#2654,#2655,#2656,#2657,#2658),
 .UNSPECIFIED.,.F.,.F.,(4,2,4),(0.101161035126509,0.119465317571807,0.202740956791449),
 .UNSPECIFIED.);
#733=B_SPLINE_CURVE_WITH_KNOTS('',3,(#2702,#2703,#2704,#2705,#2706,#2707),
 .UNSPECIFIED.,.F.,.F.,(4,2,4),(0.0580587391795798,0.112065870671127,0.261354516168593),
 .UNSPECIFIED.);
#734=B_SPLINE_CURVE_WITH_KNOTS('',3,(#2799,#2800,#2801,#2802,#2803,#2804),
 .UNSPECIFIED.,.F.,.F.,(4,2,4),(-0.00124855042278835,0.,0.204880750208849),
 .UNSPECIFIED.);
#735=B_SPLINE_CURVE_WITH_KNOTS('',3,(#2806,#2807,#2808,#2809,#2810,#2811,
#2812,#2813,#2814,#2815,#2816,#2817,#2818,#2819,#2820,#2821,#2822,#2823,
#2824,#2825,#2826,#2827,#2828,#2829,#2830,#2831,#2832,#2833,#2834,#2835,
#2836,#2837,#2838,#2839,#2840,#2841,#2842,#2843,#2844,#2845,#2846,#2847,
#2848,#2849,#2850,#2851,#2852,#2853,#2854,#2855,#2856,#2857,#2858,#2859,
#2860),.UNSPECIFIED.,.F.,.F.,(4,3,3,3,3,3,3,3,3,3,3,3,3,3,3,3,3,3,4),(-5.4301149979967,
-5.40462370782386,-5.38672583213695,-5.34118828433352,-5.27105936985134,
-5.21964231454575,-5.17272258636881,-5.09817443848025,-5.00295413193552,
-4.95725943380856,-4.85510653794306,-4.68152943734644,-4.61205914340283,
-4.48622439931236,-4.44885951895315,-4.2874277234785,-4.23975932243005,
-4.16174396379081,-4.12599592800384),.UNSPECIFIED.);
#736=B_SPLINE_CURVE_WITH_KNOTS('',3,(#2862,#2863,#2864,#2865,#2866,#2867,
#2868,#2869),.UNSPECIFIED.,.F.,.F.,(4,2,2,4),(-0.00229261871807369,0.,0.63877326155473,
0.923445056802565),.UNSPECIFIED.);
#737=B_SPLINE_CURVE_WITH_KNOTS('',3,(#2870,#2871,#2872,#2873,#2874,#2875,
#2876,#2877),.UNSPECIFIED.,.F.,.F.,(4,1,1,1,1,4),(5.10047777749927,5.21966631908643,
5.34118525142894,5.58422311611395,5.64498258228521,5.82726098079897),
 .UNSPECIFIED.);
#738=B_SPLINE_CURVE_WITH_KNOTS('',3,(#2878,#2879,#2880,#2881,#2882,#2883),
 .UNSPECIFIED.,.F.,.F.,(4,2,4),(0.134877364649435,0.141350026144846,0.191864005351851),
 .UNSPECIFIED.);
#739=B_SPLINE_CURVE_WITH_KNOTS('',3,(#2946,#2947,#2948,#2949,#2950,#2951,
#2952),.UNSPECIFIED.,.F.,.F.,(4,1,1,1,4),(4.51679266939431,4.75983663118246,
5.00288059297061,5.12440257386468,5.24365053167555),.UNSPECIFIED.);
#740=B_SPLINE_CURVE_WITH_KNOTS('',3,(#2954,#2955,#2956,#2957,#2958,#2959,
#2960,#2961),.UNSPECIFIED.,.F.,.F.,(4,2,2,4),(0.,0.153825471139018,0.813500553788623,
0.81553403279964),.UNSPECIFIED.);
#741=B_SPLINE_CURVE_WITH_KNOTS('',3,(#2963,#2964,#2965,#2966,#2967,#2968,
#2969,#2970,#2971),.UNSPECIFIED.,.F.,.F.,(4,1,1,1,1,1,4),(-6.21810040191135,
-5.73201247833505,-5.4889685165469,-5.24592455475875,-5.12440257386468,
-5.00288059297061,-4.91395001307374),.UNSPECIFIED.);
#742=B_SPLINE_CURVE_WITH_KNOTS('',3,(#2973,#2974,#2975,#2976,#2977,#2978),
 .UNSPECIFIED.,.F.,.F.,(4,2,4),(0.,0.113023670630261,0.113712440323448),
 .UNSPECIFIED.);
#743=B_SPLINE_CURVE_WITH_KNOTS('',3,(#2979,#2980,#2981,#2982),
 .UNSPECIFIED.,.F.,.F.,(4,4),(0.0293296688473263,0.0920128077938278),
 .UNSPECIFIED.);
#744=B_SPLINE_CURVE_WITH_KNOTS('',3,(#2988,#2989,#2990,#2991),
 .UNSPECIFIED.,.F.,.F.,(4,4),(12.0323351433825,12.0928500777213),
 .UNSPECIFIED.);
#745=B_SPLINE_CURVE_WITH_KNOTS('',3,(#2995,#2996,#2997,#2998,#2999,#3000,
#3001,#3002,#3003,#3004,#3005,#3006),.UNSPECIFIED.,.F.,.F.,(4,2,2,2,2,4),
(10.6780943858829,10.7623345512647,11.1470235223659,11.5630235210948,11.9790235198238,
12.0323355584235),.UNSPECIFIED.);
#746=B_SPLINE_CURVE_WITH_KNOTS('',3,(#3014,#3015,#3016,#3017,#3018,#3019,
#3020,#3021,#3022,#3023,#3024,#3025),.UNSPECIFIED.,.F.,.F.,(4,2,2,2,2,4),
(7.18419971749916,7.23751175609869,7.65351175482762,8.06951175355656,8.45420072465772,
8.53844089003957),.UNSPECIFIED.);
#747=B_SPLINE_CURVE_WITH_KNOTS('',3,(#3029,#3030,#3031,#3032),
 .UNSPECIFIED.,.F.,.F.,(4,4),(7.12368522986608,7.1842001325399),
 .UNSPECIFIED.);
#748=B_SPLINE_CURVE_WITH_KNOTS('',3,(#3166,#3167,#3168,#3169,#3170,#3171,
#3172,#3173,#3174,#3175),.UNSPECIFIED.,.F.,.F.,(4,2,2,2,4),(-1.993585659034,
-1.45684470036887,-1.06167975439199,-0.643177708265932,0.),
 .UNSPECIFIED.);
#749=B_SPLINE_CURVE_WITH_KNOTS('',3,(#3188,#3189,#3190,#3191,#3192,#3193),
 .UNSPECIFIED.,.F.,.F.,(4,2,4),(-1.0216,-0.5108,0.),.UNSPECIFIED.);
#750=B_SPLINE_CURVE_WITH_KNOTS('',3,(#3248,#3249,#3250,#3251,#3252,#3253),
 .UNSPECIFIED.,.F.,.F.,(4,2,4),(-1.0216,-0.5108,0.),.UNSPECIFIED.);
#751=VERTEX_POINT('',#2474);
#752=VERTEX_POINT('',#2475);
#753=VERTEX_POINT('',#2482);
#754=VERTEX_POINT('',#2484);
#755=VERTEX_POINT('',#2491);
#756=VERTEX_POINT('',#2495);
#757=VERTEX_POINT('',#2503);
#758=VERTEX_POINT('',#2504);
#759=VERTEX_POINT('',#2506);
#760=VERTEX_POINT('',#2508);
#761=VERTEX_POINT('',#2512);
#762=VERTEX_POINT('',#2514);
#763=VERTEX_POINT('',#2518);
#764=VERTEX_POINT('',#2520);
#765=VERTEX_POINT('',#2524);
#766=VERTEX_POINT('',#2533);
#767=VERTEX_POINT('',#2535);
#768=VERTEX_POINT('',#2539);
#769=VERTEX_POINT('',#2548);
#770=VERTEX_POINT('',#2550);
#771=VERTEX_POINT('',#2554);
#772=VERTEX_POINT('',#2556);
#773=VERTEX_POINT('',#2560);
#774=VERTEX_POINT('',#2562);
#775=VERTEX_POINT('',#2564);
#776=VERTEX_POINT('',#2568);
#777=VERTEX_POINT('',#2572);
#778=VERTEX_POINT('',#2574);
#779=VERTEX_POINT('',#2578);
#780=VERTEX_POINT('',#2587);
#781=VERTEX_POINT('',#2598);
#782=VERTEX_POINT('',#2600);
#783=VERTEX_POINT('',#2602);
#784=VERTEX_POINT('',#2611);
#785=VERTEX_POINT('',#2613);
#786=VERTEX_POINT('',#2617);
#787=VERTEX_POINT('',#2619);
#788=VERTEX_POINT('',#2621);
#789=VERTEX_POINT('',#2625);
#790=VERTEX_POINT('',#2627);
#791=VERTEX_POINT('',#2629);
#792=VERTEX_POINT('',#2631);
#793=VERTEX_POINT('',#2633);
#794=VERTEX_POINT('',#2635);
#795=VERTEX_POINT('',#2637);
#796=VERTEX_POINT('',#2639);
#797=VERTEX_POINT('',#2641);
#798=VERTEX_POINT('',#2643);
#799=VERTEX_POINT('',#2652);
#800=VERTEX_POINT('',#2659);
#801=VERTEX_POINT('',#2663);
#802=VERTEX_POINT('',#2667);
#803=VERTEX_POINT('',#2669);
#804=VERTEX_POINT('',#2671);
#805=VERTEX_POINT('',#2673);
#806=VERTEX_POINT('',#2675);
#807=VERTEX_POINT('',#2677);
#808=VERTEX_POINT('',#2679);
#809=VERTEX_POINT('',#2681);
#810=VERTEX_POINT('',#2683);
#811=VERTEX_POINT('',#2685);
#812=VERTEX_POINT('',#2688);
#813=VERTEX_POINT('',#2690);
#814=VERTEX_POINT('',#2693);
#815=VERTEX_POINT('',#2695);
#816=VERTEX_POINT('',#2697);
#817=VERTEX_POINT('',#2701);
#818=VERTEX_POINT('',#2708);
#819=VERTEX_POINT('',#2712);
#820=VERTEX_POINT('',#2714);
#821=VERTEX_POINT('',#2718);
#822=VERTEX_POINT('',#2720);
#823=VERTEX_POINT('',#2724);
#824=VERTEX_POINT('',#2726);
#825=VERTEX_POINT('',#2728);
#826=VERTEX_POINT('',#2735);
#827=VERTEX_POINT('',#2739);
#828=VERTEX_POINT('',#2797);
#829=VERTEX_POINT('',#2798);
#830=VERTEX_POINT('',#2805);
#831=VERTEX_POINT('',#2861);
#832=VERTEX_POINT('',#2885);
#833=VERTEX_POINT('',#2887);
#834=VERTEX_POINT('',#2892);
#835=VERTEX_POINT('',#2945);
#836=VERTEX_POINT('',#2953);
#837=VERTEX_POINT('',#2962);
#838=VERTEX_POINT('',#2972);
#839=VERTEX_POINT('',#2985);
#840=VERTEX_POINT('',#2987);
#841=VERTEX_POINT('',#2992);
#842=VERTEX_POINT('',#2994);
#843=VERTEX_POINT('',#3007);
#844=VERTEX_POINT('',#3009);
#845=VERTEX_POINT('',#3011);
#846=VERTEX_POINT('',#3013);
#847=VERTEX_POINT('',#3026);
#848=VERTEX_POINT('',#3028);
#849=VERTEX_POINT('',#3036);
#850=VERTEX_POINT('',#3040);
#851=VERTEX_POINT('',#3042);
#852=VERTEX_POINT('',#3046);
#853=VERTEX_POINT('',#3048);
#854=VERTEX_POINT('',#3050);
#855=VERTEX_POINT('',#3053);
#856=VERTEX_POINT('',#3055);
#857=VERTEX_POINT('',#3060);
#858=VERTEX_POINT('',#3067);
#859=VERTEX_POINT('',#3068);
#860=VERTEX_POINT('',#3070);
#861=VERTEX_POINT('',#3072);
#862=VERTEX_POINT('',#3076);
#863=VERTEX_POINT('',#3077);
#864=VERTEX_POINT('',#3079);
#865=VERTEX_POINT('',#3081);
#866=VERTEX_POINT('',#3085);
#867=VERTEX_POINT('',#3087);
#868=VERTEX_POINT('',#3091);
#869=VERTEX_POINT('',#3095);
#870=VERTEX_POINT('',#3099);
#871=VERTEX_POINT('',#3101);
#872=VERTEX_POINT('',#3105);
#873=VERTEX_POINT('',#3109);
#874=VERTEX_POINT('',#3115);
#875=VERTEX_POINT('',#3118);
#876=VERTEX_POINT('',#3122);
#877=VERTEX_POINT('',#3124);
#878=VERTEX_POINT('',#3128);
#879=VERTEX_POINT('',#3130);
#880=VERTEX_POINT('',#3135);
#881=VERTEX_POINT('',#3140);
#882=VERTEX_POINT('',#3142);
#883=VERTEX_POINT('',#3147);
#884=VERTEX_POINT('',#3152);
#885=VERTEX_POINT('',#3154);
#886=VERTEX_POINT('',#3164);
#887=VERTEX_POINT('',#3165);
#888=VERTEX_POINT('',#3179);
#889=VERTEX_POINT('',#3181);
#890=VERTEX_POINT('',#3185);
#891=VERTEX_POINT('',#3187);
#892=VERTEX_POINT('',#3199);
#893=VERTEX_POINT('',#3200);
#894=VERTEX_POINT('',#3230);
#895=VERTEX_POINT('',#3246);
#896=VERTEX_POINT('',#3255);
#897=VERTEX_POINT('',#3257);
#898=VERTEX_POINT('',#3259);
#899=VERTEX_POINT('',#3261);
#900=VERTEX_POINT('',#3263);
#901=VERTEX_POINT('',#3271);
#902=VERTEX_POINT('',#3273);
#903=VERTEX_POINT('',#3275);
#904=VERTEX_POINT('',#3277);
#905=VERTEX_POINT('',#3280);
#906=VERTEX_POINT('',#3282);
#907=VERTEX_POINT('',#3284);
#908=VERTEX_POINT('',#3285);
#909=VERTEX_POINT('',#3287);
#910=VERTEX_POINT('',#3305);
#911=VERTEX_POINT('',#3307);
#912=VERTEX_POINT('',#3311);
#913=VERTEX_POINT('',#3313);
#914=VERTEX_POINT('',#3315);
#915=VERTEX_POINT('',#3317);
#916=VERTEX_POINT('',#3320);
#917=VERTEX_POINT('',#3323);
#918=VERTEX_POINT('',#3325);
#919=VERTEX_POINT('',#3329);
#920=VERTEX_POINT('',#3331);
#921=EDGE_CURVE('',#751,#752,#724,.F.);
#922=EDGE_CURVE('',#751,#753,#661,.T.);
#923=EDGE_CURVE('',#753,#754,#725,.T.);
#924=EDGE_CURVE('',#754,#755,#657,.F.);
#925=EDGE_CURVE('',#755,#756,#662,.T.);
#926=EDGE_CURVE('',#752,#756,#658,.T.);
#927=EDGE_CURVE('',#755,#756,#74,.T.);
#928=EDGE_CURVE('',#757,#758,#75,.T.);
#929=EDGE_CURVE('',#758,#759,#663,.T.);
#930=EDGE_CURVE('',#759,#760,#76,.T.);
#931=EDGE_CURVE('',#760,#757,#39,.T.);
#932=EDGE_CURVE('',#760,#761,#77,.T.);
#933=EDGE_CURVE('',#761,#762,#664,.T.);
#934=EDGE_CURVE('',#762,#757,#78,.T.);
#935=EDGE_CURVE('',#763,#758,#40,.T.);
#936=EDGE_CURVE('',#763,#764,#665,.T.);
#937=EDGE_CURVE('',#764,#759,#79,.T.);
#938=EDGE_CURVE('',#765,#763,#726,.T.);
#939=EDGE_CURVE('',#765,#764,#666,.T.);
#940=EDGE_CURVE('',#766,#762,#41,.F.);
#941=EDGE_CURVE('',#761,#767,#80,.T.);
#942=EDGE_CURVE('',#767,#766,#667,.T.);
#943=EDGE_CURVE('',#768,#766,#727,.F.);
#944=EDGE_CURVE('',#767,#768,#668,.T.);
#945=EDGE_CURVE('',#767,#769,#81,.T.);
#946=EDGE_CURVE('',#770,#769,#669,.T.);
#947=EDGE_CURVE('',#770,#768,#82,.T.);
#948=EDGE_CURVE('',#771,#760,#83,.T.);
#949=EDGE_CURVE('',#772,#771,#84,.T.);
#950=EDGE_CURVE('',#769,#772,#85,.T.);
#951=EDGE_CURVE('',#771,#773,#86,.T.);
#952=EDGE_CURVE('',#773,#774,#670,.T.);
#953=EDGE_CURVE('',#774,#775,#87,.T.);
#954=EDGE_CURVE('',#775,#771,#42,.T.);
#955=EDGE_CURVE('',#775,#776,#88,.T.);
#956=EDGE_CURVE('',#776,#772,#671,.T.);
#957=EDGE_CURVE('',#777,#774,#43,.F.);
#958=EDGE_CURVE('',#773,#778,#89,.T.);
#959=EDGE_CURVE('',#778,#777,#672,.T.);
#960=EDGE_CURVE('',#779,#777,#728,.F.);
#961=EDGE_CURVE('',#778,#779,#673,.T.);
#962=EDGE_CURVE('',#780,#776,#44,.T.);
#963=EDGE_CURVE('',#780,#769,#674,.T.);
#964=EDGE_CURVE('',#770,#780,#729,.T.);
#965=EDGE_CURVE('',#781,#774,#90,.T.);
#966=EDGE_CURVE('',#782,#781,#91,.T.);
#967=EDGE_CURVE('',#782,#783,#730,.T.);
#968=EDGE_CURVE('',#776,#783,#92,.T.);
#969=EDGE_CURVE('',#778,#784,#93,.T.);
#970=EDGE_CURVE('',#784,#785,#675,.T.);
#971=EDGE_CURVE('',#785,#779,#94,.T.);
#972=EDGE_CURVE('',#786,#764,#95,.T.);
#973=EDGE_CURVE('',#787,#786,#96,.T.);
#974=EDGE_CURVE('',#788,#787,#97,.T.);
#975=EDGE_CURVE('',#784,#788,#98,.T.);
#976=EDGE_CURVE('',#789,#762,#99,.T.);
#977=EDGE_CURVE('',#790,#770,#100,.T.);
#978=EDGE_CURVE('',#791,#790,#101,.T.);
#979=EDGE_CURVE('',#792,#791,#102,.T.);
#980=EDGE_CURVE('',#793,#792,#103,.T.);
#981=EDGE_CURVE('',#793,#794,#104,.T.);
#982=EDGE_CURVE('',#795,#794,#105,.T.);
#983=EDGE_CURVE('',#795,#796,#106,.T.);
#984=EDGE_CURVE('',#797,#796,#107,.T.);
#985=EDGE_CURVE('',#797,#798,#108,.T.);
#986=EDGE_CURVE('',#798,#789,#731,.T.);
#987=EDGE_CURVE('',#783,#799,#732,.T.);
#988=EDGE_CURVE('',#800,#799,#109,.T.);
#989=EDGE_CURVE('',#791,#800,#110,.T.);
#990=EDGE_CURVE('',#765,#801,#111,.T.);
#991=EDGE_CURVE('',#801,#786,#676,.T.);
#992=EDGE_CURVE('',#802,#787,#112,.T.);
#993=EDGE_CURVE('',#803,#802,#113,.T.);
#994=EDGE_CURVE('',#804,#803,#114,.T.);
#995=EDGE_CURVE('',#804,#805,#115,.T.);
#996=EDGE_CURVE('',#805,#806,#116,.T.);
#997=EDGE_CURVE('',#806,#807,#117,.T.);
#998=EDGE_CURVE('',#807,#808,#118,.T.);
#999=EDGE_CURVE('',#808,#809,#119,.T.);
#1000=EDGE_CURVE('',#810,#809,#120,.T.);
#1001=EDGE_CURVE('',#811,#810,#121,.T.);
#1002=EDGE_CURVE('',#788,#811,#122,.T.);
#1003=EDGE_CURVE('',#812,#812,#677,.T.);
#1004=EDGE_CURVE('',#813,#813,#678,.T.);
#1005=EDGE_CURVE('',#814,#801,#123,.T.);
#1006=EDGE_CURVE('',#815,#814,#124,.T.);
#1007=EDGE_CURVE('',#816,#815,#125,.T.);
#1008=EDGE_CURVE('',#802,#816,#126,.T.);
#1009=EDGE_CURVE('',#789,#817,#733,.T.);
#1010=EDGE_CURVE('',#817,#818,#127,.T.);
#1011=EDGE_CURVE('',#758,#818,#128,.T.);
#1012=EDGE_CURVE('',#819,#814,#679,.T.);
#1013=EDGE_CURVE('',#820,#819,#129,.T.);
#1014=EDGE_CURVE('',#815,#820,#680,.T.);
#1015=EDGE_CURVE('',#821,#819,#130,.T.);
#1016=EDGE_CURVE('',#822,#821,#131,.T.);
#1017=EDGE_CURVE('',#820,#822,#132,.T.);
#1018=EDGE_CURVE('',#823,#811,#133,.T.);
#1019=EDGE_CURVE('',#824,#823,#134,.T.);
#1020=EDGE_CURVE('',#824,#825,#135,.T.);
#1021=EDGE_CURVE('',#785,#825,#136,.T.);
#1022=EDGE_CURVE('',#825,#821,#681,.T.);
#1023=EDGE_CURVE('',#822,#824,#682,.T.);
#1024=EDGE_CURVE('',#826,#816,#137,.T.);
#1025=EDGE_CURVE('',#826,#803,#138,.T.);
#1026=EDGE_CURVE('',#827,#810,#139,.T.);
#1027=EDGE_CURVE('',#823,#827,#140,.T.);
#1028=EDGE_CURVE('',#828,#829,#734,.T.);
#1029=EDGE_CURVE('',#828,#830,#735,.T.);
#1030=EDGE_CURVE('',#830,#831,#736,.T.);
#1031=EDGE_CURVE('',#831,#817,#737,.T.);
#1032=EDGE_CURVE('',#829,#798,#738,.T.);
#1033=EDGE_CURVE('',#832,#828,#141,.T.);
#1034=EDGE_CURVE('',#832,#833,#683,.T.);
#1035=EDGE_CURVE('',#833,#751,#142,.T.);
#1036=EDGE_CURVE('',#752,#830,#143,.T.);
#1037=EDGE_CURVE('',#829,#834,#144,.T.);
#1038=EDGE_CURVE('',#834,#832,#684,.T.);
#1039=EDGE_CURVE('',#782,#835,#739,.T.);
#1040=EDGE_CURVE('',#835,#836,#740,.T.);
#1041=EDGE_CURVE('',#836,#837,#741,.T.);
#1042=EDGE_CURVE('',#838,#837,#742,.T.);
#1043=EDGE_CURVE('',#799,#838,#743,.T.);
#1044=EDGE_CURVE('',#831,#835,#685,.T.);
#1045=EDGE_CURVE('',#839,#781,#686,.T.);
#1046=EDGE_CURVE('',#840,#839,#744,.T.);
#1047=EDGE_CURVE('',#841,#840,#687,.T.);
#1048=EDGE_CURVE('',#842,#841,#745,.T.);
#1049=EDGE_CURVE('',#843,#842,#145,.T.);
#1050=EDGE_CURVE('',#843,#844,#688,.T.);
#1051=EDGE_CURVE('',#844,#845,#146,.T.);
#1052=EDGE_CURVE('',#846,#845,#746,.T.);
#1053=EDGE_CURVE('',#847,#846,#689,.T.);
#1054=EDGE_CURVE('',#848,#847,#747,.T.);
#1055=EDGE_CURVE('',#818,#848,#690,.T.);
#1056=EDGE_CURVE('',#833,#834,#691,.T.);
#1057=EDGE_CURVE('',#849,#797,#692,.T.);
#1058=EDGE_CURVE('',#849,#848,#147,.T.);
#1059=EDGE_CURVE('',#847,#846,#148,.T.);
#1060=EDGE_CURVE('',#845,#850,#149,.T.);
#1061=EDGE_CURVE('',#850,#851,#693,.T.);
#1062=EDGE_CURVE('',#851,#842,#150,.T.);
#1063=EDGE_CURVE('',#841,#840,#151,.T.);
#1064=EDGE_CURVE('',#852,#839,#152,.T.);
#1065=EDGE_CURVE('',#853,#852,#153,.T.);
#1066=EDGE_CURVE('',#853,#854,#694,.T.);
#1067=EDGE_CURVE('',#854,#800,#154,.T.);
#1068=EDGE_CURVE('',#855,#838,#155,.T.);
#1069=EDGE_CURVE('',#855,#856,#695,.T.);
#1070=EDGE_CURVE('',#753,#856,#156,.T.);
#1071=EDGE_CURVE('',#837,#857,#157,.T.);
#1072=EDGE_CURVE('',#855,#857,#696,.F.);
#1073=EDGE_CURVE('',#836,#754,#158,.T.);
#1074=EDGE_CURVE('',#856,#857,#697,.T.);
#1075=EDGE_CURVE('',#858,#859,#159,.T.);
#1076=EDGE_CURVE('',#859,#860,#160,.T.);
#1077=EDGE_CURVE('',#860,#861,#161,.T.);
#1078=EDGE_CURVE('',#861,#858,#162,.T.);
#1079=EDGE_CURVE('',#862,#863,#163,.T.);
#1080=EDGE_CURVE('',#862,#864,#164,.T.);
#1081=EDGE_CURVE('',#864,#865,#165,.T.);
#1082=EDGE_CURVE('',#863,#865,#166,.T.);
#1083=EDGE_CURVE('',#865,#866,#167,.T.);
#1084=EDGE_CURVE('',#867,#864,#168,.T.);
#1085=EDGE_CURVE('',#866,#867,#169,.T.);
#1086=EDGE_CURVE('',#868,#862,#170,.T.);
#1087=EDGE_CURVE('',#868,#867,#171,.T.);
#1088=EDGE_CURVE('',#869,#868,#172,.T.);
#1089=EDGE_CURVE('',#866,#869,#173,.T.);
#1090=EDGE_CURVE('',#807,#870,#174,.T.);
#1091=EDGE_CURVE('',#870,#871,#175,.T.);
#1092=EDGE_CURVE('',#808,#871,#176,.T.);
#1093=EDGE_CURVE('',#806,#872,#177,.T.);
#1094=EDGE_CURVE('',#872,#870,#178,.T.);
#1095=EDGE_CURVE('',#873,#805,#179,.T.);
#1096=EDGE_CURVE('',#873,#872,#180,.T.);
#1097=EDGE_CURVE('',#871,#873,#181,.T.);
#1098=EDGE_CURVE('',#874,#869,#182,.T.);
#1099=EDGE_CURVE('',#858,#874,#183,.T.);
#1100=EDGE_CURVE('',#861,#875,#184,.T.);
#1101=EDGE_CURVE('',#863,#875,#185,.T.);
#1102=EDGE_CURVE('',#804,#876,#186,.T.);
#1103=EDGE_CURVE('',#876,#877,#187,.T.);
#1104=EDGE_CURVE('',#809,#877,#188,.T.);
#1105=EDGE_CURVE('',#878,#878,#698,.T.);
#1106=EDGE_CURVE('',#878,#879,#189,.T.);
#1107=EDGE_CURVE('',#879,#879,#699,.T.);
#1108=EDGE_CURVE('',#813,#880,#190,.T.);
#1109=EDGE_CURVE('',#880,#880,#700,.T.);
#1110=EDGE_CURVE('',#881,#881,#701,.T.);
#1111=EDGE_CURVE('',#881,#882,#191,.T.);
#1112=EDGE_CURVE('',#882,#882,#702,.T.);
#1113=EDGE_CURVE('',#812,#883,#192,.T.);
#1114=EDGE_CURVE('',#883,#883,#703,.T.);
#1115=EDGE_CURVE('',#859,#884,#193,.T.);
#1116=EDGE_CURVE('',#885,#884,#194,.T.);
#1117=EDGE_CURVE('',#860,#885,#195,.T.);
#1118=EDGE_CURVE('',#844,#875,#196,.T.);
#1119=EDGE_CURVE('',#874,#843,#197,.T.);
#1120=EDGE_CURVE('',#877,#884,#198,.T.);
#1121=EDGE_CURVE('',#885,#876,#199,.T.);
#1122=EDGE_CURVE('',#886,#887,#748,.T.);
#1123=EDGE_CURVE('',#851,#886,#200,.T.);
#1124=EDGE_CURVE('',#850,#887,#201,.T.);
#1125=EDGE_CURVE('',#827,#888,#202,.T.);
#1126=EDGE_CURVE('',#888,#889,#203,.T.);
#1127=EDGE_CURVE('',#889,#826,#204,.T.);
#1128=EDGE_CURVE('',#890,#886,#205,.T.);
#1129=EDGE_CURVE('',#891,#890,#749,.T.);
#1130=EDGE_CURVE('',#891,#888,#206,.T.);
#1131=EDGE_CURVE('',#892,#893,#207,.T.);
#1132=EDGE_CURVE('',#852,#892,#208,.T.);
#1133=EDGE_CURVE('',#779,#893,#209,.T.);
#1134=EDGE_CURVE('',#894,#887,#210,.T.);
#1135=EDGE_CURVE('',#894,#890,#659,.T.);
#1136=EDGE_CURVE('',#889,#895,#211,.T.);
#1137=EDGE_CURVE('',#894,#895,#750,.T.);
#1138=EDGE_CURVE('',#896,#849,#212,.T.);
#1139=EDGE_CURVE('',#897,#896,#213,.T.);
#1140=EDGE_CURVE('',#898,#897,#214,.T.);
#1141=EDGE_CURVE('',#898,#899,#215,.T.);
#1142=EDGE_CURVE('',#900,#899,#216,.T.);
#1143=EDGE_CURVE('',#900,#892,#217,.T.);
#1144=EDGE_CURVE('',#794,#793,#704,.T.);
#1145=EDGE_CURVE('',#899,#898,#705,.T.);
#1146=EDGE_CURVE('',#853,#901,#218,.T.);
#1147=EDGE_CURVE('',#902,#901,#706,.T.);
#1148=EDGE_CURVE('',#903,#902,#219,.T.);
#1149=EDGE_CURVE('',#904,#903,#707,.T.);
#1150=EDGE_CURVE('',#854,#904,#220,.T.);
#1151=EDGE_CURVE('',#905,#905,#708,.T.);
#1152=EDGE_CURVE('',#906,#906,#709,.T.);
#1153=EDGE_CURVE('',#907,#908,#710,.T.);
#1154=EDGE_CURVE('',#909,#907,#711,.T.);
#1155=EDGE_CURVE('',#908,#909,#712,.T.);
#1156=EDGE_CURVE('',#895,#891,#660,.T.);
#1157=EDGE_CURVE('',#796,#896,#221,.T.);
#1158=EDGE_CURVE('',#910,#910,#713,.T.);
#1159=EDGE_CURVE('',#911,#911,#714,.T.);
#1160=EDGE_CURVE('',#892,#791,#222,.T.);
#1161=EDGE_CURVE('',#800,#912,#223,.T.);
#1162=EDGE_CURVE('',#912,#913,#715,.T.);
#1163=EDGE_CURVE('',#913,#914,#224,.T.);
#1164=EDGE_CURVE('',#914,#915,#716,.T.);
#1165=EDGE_CURVE('',#915,#852,#225,.T.);
#1166=EDGE_CURVE('',#916,#916,#717,.T.);
#1167=EDGE_CURVE('',#917,#908,#226,.T.);
#1168=EDGE_CURVE('',#917,#918,#718,.T.);
#1169=EDGE_CURVE('',#794,#918,#719,.T.);
#1170=EDGE_CURVE('',#899,#793,#720,.T.);
#1171=EDGE_CURVE('',#919,#898,#721,.T.);
#1172=EDGE_CURVE('',#919,#920,#722,.T.);
#1173=EDGE_CURVE('',#907,#920,#227,.T.);
#1174=EDGE_CURVE('',#918,#919,#228,.T.);
#1175=EDGE_CURVE('',#920,#917,#723,.T.);
#1176=EDGE_CURVE('',#897,#919,#229,.T.);
#1177=EDGE_CURVE('',#918,#795,#230,.T.);
#1178=EDGE_CURVE('',#792,#900,#231,.T.);
#1179=EDGE_CURVE('',#916,#905,#232,.T.);
#1180=EDGE_CURVE('',#911,#906,#233,.T.);
#1181=EDGE_CURVE('',#910,#909,#234,.T.);
#1182=EDGE_CURVE('',#901,#915,#235,.T.);
#1183=EDGE_CURVE('',#902,#914,#236,.T.);
#1184=EDGE_CURVE('',#903,#913,#237,.T.);
#1185=EDGE_CURVE('',#904,#912,#238,.T.);
#1186=ORIENTED_EDGE('',*,*,#921,.F.);
#1187=ORIENTED_EDGE('',*,*,#922,.T.);
#1188=ORIENTED_EDGE('',*,*,#923,.T.);
#1189=ORIENTED_EDGE('',*,*,#924,.T.);
#1190=ORIENTED_EDGE('',*,*,#925,.T.);
#1191=ORIENTED_EDGE('',*,*,#926,.F.);
#1192=ORIENTED_EDGE('',*,*,#925,.F.);
#1193=ORIENTED_EDGE('',*,*,#927,.T.);
#1194=ORIENTED_EDGE('',*,*,#928,.T.);
#1195=ORIENTED_EDGE('',*,*,#929,.T.);
#1196=ORIENTED_EDGE('',*,*,#930,.T.);
#1197=ORIENTED_EDGE('',*,*,#931,.T.);
#1198=ORIENTED_EDGE('',*,*,#932,.T.);
#1199=ORIENTED_EDGE('',*,*,#933,.T.);
#1200=ORIENTED_EDGE('',*,*,#934,.T.);
#1201=ORIENTED_EDGE('',*,*,#931,.F.);
#1202=ORIENTED_EDGE('',*,*,#935,.F.);
#1203=ORIENTED_EDGE('',*,*,#936,.T.);
#1204=ORIENTED_EDGE('',*,*,#937,.T.);
#1205=ORIENTED_EDGE('',*,*,#929,.F.);
#1206=ORIENTED_EDGE('',*,*,#938,.F.);
#1207=ORIENTED_EDGE('',*,*,#939,.T.);
#1208=ORIENTED_EDGE('',*,*,#936,.F.);
#1209=ORIENTED_EDGE('',*,*,#940,.T.);
#1210=ORIENTED_EDGE('',*,*,#933,.F.);
#1211=ORIENTED_EDGE('',*,*,#941,.T.);
#1212=ORIENTED_EDGE('',*,*,#942,.T.);
#1213=ORIENTED_EDGE('',*,*,#943,.T.);
#1214=ORIENTED_EDGE('',*,*,#942,.F.);
#1215=ORIENTED_EDGE('',*,*,#944,.T.);
#1216=ORIENTED_EDGE('',*,*,#944,.F.);
#1217=ORIENTED_EDGE('',*,*,#945,.T.);
#1218=ORIENTED_EDGE('',*,*,#946,.F.);
#1219=ORIENTED_EDGE('',*,*,#947,.T.);
#1220=ORIENTED_EDGE('',*,*,#941,.F.);
#1221=ORIENTED_EDGE('',*,*,#932,.F.);
#1222=ORIENTED_EDGE('',*,*,#948,.F.);
#1223=ORIENTED_EDGE('',*,*,#949,.F.);
#1224=ORIENTED_EDGE('',*,*,#950,.F.);
#1225=ORIENTED_EDGE('',*,*,#945,.F.);
#1226=ORIENTED_EDGE('',*,*,#951,.T.);
#1227=ORIENTED_EDGE('',*,*,#952,.T.);
#1228=ORIENTED_EDGE('',*,*,#953,.T.);
#1229=ORIENTED_EDGE('',*,*,#954,.T.);
#1230=ORIENTED_EDGE('',*,*,#955,.T.);
#1231=ORIENTED_EDGE('',*,*,#956,.T.);
#1232=ORIENTED_EDGE('',*,*,#949,.T.);
#1233=ORIENTED_EDGE('',*,*,#954,.F.);
#1234=ORIENTED_EDGE('',*,*,#957,.T.);
#1235=ORIENTED_EDGE('',*,*,#952,.F.);
#1236=ORIENTED_EDGE('',*,*,#958,.T.);
#1237=ORIENTED_EDGE('',*,*,#959,.T.);
#1238=ORIENTED_EDGE('',*,*,#960,.T.);
#1239=ORIENTED_EDGE('',*,*,#959,.F.);
#1240=ORIENTED_EDGE('',*,*,#961,.T.);
#1241=ORIENTED_EDGE('',*,*,#962,.F.);
#1242=ORIENTED_EDGE('',*,*,#963,.T.);
#1243=ORIENTED_EDGE('',*,*,#950,.T.);
#1244=ORIENTED_EDGE('',*,*,#956,.F.);
#1245=ORIENTED_EDGE('',*,*,#964,.F.);
#1246=ORIENTED_EDGE('',*,*,#946,.T.);
#1247=ORIENTED_EDGE('',*,*,#963,.F.);
#1248=ORIENTED_EDGE('',*,*,#955,.F.);
#1249=ORIENTED_EDGE('',*,*,#953,.F.);
#1250=ORIENTED_EDGE('',*,*,#965,.F.);
#1251=ORIENTED_EDGE('',*,*,#966,.F.);
#1252=ORIENTED_EDGE('',*,*,#967,.T.);
#1253=ORIENTED_EDGE('',*,*,#968,.F.);
#1254=ORIENTED_EDGE('',*,*,#961,.F.);
#1255=ORIENTED_EDGE('',*,*,#969,.T.);
#1256=ORIENTED_EDGE('',*,*,#970,.T.);
#1257=ORIENTED_EDGE('',*,*,#971,.T.);
#1258=ORIENTED_EDGE('',*,*,#937,.F.);
#1259=ORIENTED_EDGE('',*,*,#972,.F.);
#1260=ORIENTED_EDGE('',*,*,#973,.F.);
#1261=ORIENTED_EDGE('',*,*,#974,.F.);
#1262=ORIENTED_EDGE('',*,*,#975,.F.);
#1263=ORIENTED_EDGE('',*,*,#969,.F.);
#1264=ORIENTED_EDGE('',*,*,#958,.F.);
#1265=ORIENTED_EDGE('',*,*,#951,.F.);
#1266=ORIENTED_EDGE('',*,*,#948,.T.);
#1267=ORIENTED_EDGE('',*,*,#930,.F.);
#1268=ORIENTED_EDGE('',*,*,#976,.T.);
#1269=ORIENTED_EDGE('',*,*,#940,.F.);
#1270=ORIENTED_EDGE('',*,*,#943,.F.);
#1271=ORIENTED_EDGE('',*,*,#947,.F.);
#1272=ORIENTED_EDGE('',*,*,#977,.F.);
#1273=ORIENTED_EDGE('',*,*,#978,.F.);
#1274=ORIENTED_EDGE('',*,*,#979,.F.);
#1275=ORIENTED_EDGE('',*,*,#980,.F.);
#1276=ORIENTED_EDGE('',*,*,#981,.T.);
#1277=ORIENTED_EDGE('',*,*,#982,.F.);
#1278=ORIENTED_EDGE('',*,*,#983,.T.);
#1279=ORIENTED_EDGE('',*,*,#984,.F.);
#1280=ORIENTED_EDGE('',*,*,#985,.T.);
#1281=ORIENTED_EDGE('',*,*,#986,.T.);
#1282=ORIENTED_EDGE('',*,*,#968,.T.);
#1283=ORIENTED_EDGE('',*,*,#987,.T.);
#1284=ORIENTED_EDGE('',*,*,#988,.F.);
#1285=ORIENTED_EDGE('',*,*,#989,.F.);
#1286=ORIENTED_EDGE('',*,*,#978,.T.);
#1287=ORIENTED_EDGE('',*,*,#977,.T.);
#1288=ORIENTED_EDGE('',*,*,#964,.T.);
#1289=ORIENTED_EDGE('',*,*,#962,.T.);
#1290=ORIENTED_EDGE('',*,*,#939,.F.);
#1291=ORIENTED_EDGE('',*,*,#990,.T.);
#1292=ORIENTED_EDGE('',*,*,#991,.T.);
#1293=ORIENTED_EDGE('',*,*,#972,.T.);
#1294=ORIENTED_EDGE('',*,*,#974,.T.);
#1295=ORIENTED_EDGE('',*,*,#992,.F.);
#1296=ORIENTED_EDGE('',*,*,#993,.F.);
#1297=ORIENTED_EDGE('',*,*,#994,.F.);
#1298=ORIENTED_EDGE('',*,*,#995,.T.);
#1299=ORIENTED_EDGE('',*,*,#996,.T.);
#1300=ORIENTED_EDGE('',*,*,#997,.T.);
#1301=ORIENTED_EDGE('',*,*,#998,.T.);
#1302=ORIENTED_EDGE('',*,*,#999,.T.);
#1303=ORIENTED_EDGE('',*,*,#1000,.F.);
#1304=ORIENTED_EDGE('',*,*,#1001,.F.);
#1305=ORIENTED_EDGE('',*,*,#1002,.F.);
#1306=ORIENTED_EDGE('',*,*,#1003,.T.);
#1307=ORIENTED_EDGE('',*,*,#1004,.T.);
#1308=ORIENTED_EDGE('',*,*,#973,.T.);
#1309=ORIENTED_EDGE('',*,*,#991,.F.);
#1310=ORIENTED_EDGE('',*,*,#1005,.F.);
#1311=ORIENTED_EDGE('',*,*,#1006,.F.);
#1312=ORIENTED_EDGE('',*,*,#1007,.F.);
#1313=ORIENTED_EDGE('',*,*,#1008,.F.);
#1314=ORIENTED_EDGE('',*,*,#992,.T.);
#1315=ORIENTED_EDGE('',*,*,#934,.F.);
#1316=ORIENTED_EDGE('',*,*,#976,.F.);
#1317=ORIENTED_EDGE('',*,*,#1009,.T.);
#1318=ORIENTED_EDGE('',*,*,#1010,.T.);
#1319=ORIENTED_EDGE('',*,*,#1011,.F.);
#1320=ORIENTED_EDGE('',*,*,#928,.F.);
#1321=ORIENTED_EDGE('',*,*,#1012,.F.);
#1322=ORIENTED_EDGE('',*,*,#1013,.F.);
#1323=ORIENTED_EDGE('',*,*,#1014,.F.);
#1324=ORIENTED_EDGE('',*,*,#1006,.T.);
#1325=ORIENTED_EDGE('',*,*,#1015,.F.);
#1326=ORIENTED_EDGE('',*,*,#1016,.F.);
#1327=ORIENTED_EDGE('',*,*,#1017,.F.);
#1328=ORIENTED_EDGE('',*,*,#1013,.T.);
#1329=ORIENTED_EDGE('',*,*,#975,.T.);
#1330=ORIENTED_EDGE('',*,*,#1002,.T.);
#1331=ORIENTED_EDGE('',*,*,#1018,.F.);
#1332=ORIENTED_EDGE('',*,*,#1019,.F.);
#1333=ORIENTED_EDGE('',*,*,#1020,.T.);
#1334=ORIENTED_EDGE('',*,*,#1021,.F.);
#1335=ORIENTED_EDGE('',*,*,#970,.F.);
#1336=ORIENTED_EDGE('',*,*,#1022,.F.);
#1337=ORIENTED_EDGE('',*,*,#1020,.F.);
#1338=ORIENTED_EDGE('',*,*,#1023,.F.);
#1339=ORIENTED_EDGE('',*,*,#1016,.T.);
#1340=ORIENTED_EDGE('',*,*,#1008,.T.);
#1341=ORIENTED_EDGE('',*,*,#1024,.F.);
#1342=ORIENTED_EDGE('',*,*,#1025,.T.);
#1343=ORIENTED_EDGE('',*,*,#993,.T.);
#1344=ORIENTED_EDGE('',*,*,#1018,.T.);
#1345=ORIENTED_EDGE('',*,*,#1001,.T.);
#1346=ORIENTED_EDGE('',*,*,#1026,.F.);
#1347=ORIENTED_EDGE('',*,*,#1027,.F.);
#1348=ORIENTED_EDGE('',*,*,#1028,.F.);
#1349=ORIENTED_EDGE('',*,*,#1029,.T.);
#1350=ORIENTED_EDGE('',*,*,#1030,.T.);
#1351=ORIENTED_EDGE('',*,*,#1031,.T.);
#1352=ORIENTED_EDGE('',*,*,#1009,.F.);
#1353=ORIENTED_EDGE('',*,*,#986,.F.);
#1354=ORIENTED_EDGE('',*,*,#1032,.F.);
#1355=ORIENTED_EDGE('',*,*,#1029,.F.);
#1356=ORIENTED_EDGE('',*,*,#1033,.F.);
#1357=ORIENTED_EDGE('',*,*,#1034,.T.);
#1358=ORIENTED_EDGE('',*,*,#1035,.T.);
#1359=ORIENTED_EDGE('',*,*,#921,.T.);
#1360=ORIENTED_EDGE('',*,*,#1036,.T.);
#1361=ORIENTED_EDGE('',*,*,#1028,.T.);
#1362=ORIENTED_EDGE('',*,*,#1037,.T.);
#1363=ORIENTED_EDGE('',*,*,#1038,.T.);
#1364=ORIENTED_EDGE('',*,*,#1033,.T.);
#1365=ORIENTED_EDGE('',*,*,#967,.F.);
#1366=ORIENTED_EDGE('',*,*,#1039,.T.);
#1367=ORIENTED_EDGE('',*,*,#1040,.T.);
#1368=ORIENTED_EDGE('',*,*,#1041,.T.);
#1369=ORIENTED_EDGE('',*,*,#1042,.F.);
#1370=ORIENTED_EDGE('',*,*,#1043,.F.);
#1371=ORIENTED_EDGE('',*,*,#987,.F.);
#1372=ORIENTED_EDGE('',*,*,#1031,.F.);
#1373=ORIENTED_EDGE('',*,*,#1044,.T.);
#1374=ORIENTED_EDGE('',*,*,#1039,.F.);
#1375=ORIENTED_EDGE('',*,*,#966,.T.);
#1376=ORIENTED_EDGE('',*,*,#1045,.F.);
#1377=ORIENTED_EDGE('',*,*,#1046,.F.);
#1378=ORIENTED_EDGE('',*,*,#1047,.F.);
#1379=ORIENTED_EDGE('',*,*,#1048,.F.);
#1380=ORIENTED_EDGE('',*,*,#1049,.F.);
#1381=ORIENTED_EDGE('',*,*,#1050,.T.);
#1382=ORIENTED_EDGE('',*,*,#1051,.T.);
#1383=ORIENTED_EDGE('',*,*,#1052,.F.);
#1384=ORIENTED_EDGE('',*,*,#1053,.F.);
#1385=ORIENTED_EDGE('',*,*,#1054,.F.);
#1386=ORIENTED_EDGE('',*,*,#1055,.F.);
#1387=ORIENTED_EDGE('',*,*,#1010,.F.);
#1388=ORIENTED_EDGE('',*,*,#1035,.F.);
#1389=ORIENTED_EDGE('',*,*,#1056,.T.);
#1390=ORIENTED_EDGE('',*,*,#1037,.F.);
#1391=ORIENTED_EDGE('',*,*,#1032,.T.);
#1392=ORIENTED_EDGE('',*,*,#985,.F.);
#1393=ORIENTED_EDGE('',*,*,#1057,.F.);
#1394=ORIENTED_EDGE('',*,*,#1058,.T.);
#1395=ORIENTED_EDGE('',*,*,#1054,.T.);
#1396=ORIENTED_EDGE('',*,*,#1059,.T.);
#1397=ORIENTED_EDGE('',*,*,#1052,.T.);
#1398=ORIENTED_EDGE('',*,*,#1060,.T.);
#1399=ORIENTED_EDGE('',*,*,#1061,.T.);
#1400=ORIENTED_EDGE('',*,*,#1062,.T.);
#1401=ORIENTED_EDGE('',*,*,#1048,.T.);
#1402=ORIENTED_EDGE('',*,*,#1063,.T.);
#1403=ORIENTED_EDGE('',*,*,#1046,.T.);
#1404=ORIENTED_EDGE('',*,*,#1064,.F.);
#1405=ORIENTED_EDGE('',*,*,#1065,.F.);
#1406=ORIENTED_EDGE('',*,*,#1066,.T.);
#1407=ORIENTED_EDGE('',*,*,#1067,.T.);
#1408=ORIENTED_EDGE('',*,*,#988,.T.);
#1409=ORIENTED_EDGE('',*,*,#1043,.T.);
#1410=ORIENTED_EDGE('',*,*,#1068,.F.);
#1411=ORIENTED_EDGE('',*,*,#1069,.T.);
#1412=ORIENTED_EDGE('',*,*,#1070,.F.);
#1413=ORIENTED_EDGE('',*,*,#922,.F.);
#1414=ORIENTED_EDGE('',*,*,#1056,.F.);
#1415=ORIENTED_EDGE('',*,*,#1034,.F.);
#1416=ORIENTED_EDGE('',*,*,#1038,.F.);
#1417=ORIENTED_EDGE('',*,*,#1042,.T.);
#1418=ORIENTED_EDGE('',*,*,#1071,.T.);
#1419=ORIENTED_EDGE('',*,*,#1072,.F.);
#1420=ORIENTED_EDGE('',*,*,#1068,.T.);
#1421=ORIENTED_EDGE('',*,*,#1041,.F.);
#1422=ORIENTED_EDGE('',*,*,#1073,.T.);
#1423=ORIENTED_EDGE('',*,*,#923,.F.);
#1424=ORIENTED_EDGE('',*,*,#1070,.T.);
#1425=ORIENTED_EDGE('',*,*,#1074,.T.);
#1426=ORIENTED_EDGE('',*,*,#1071,.F.);
#1427=ORIENTED_EDGE('',*,*,#1036,.F.);
#1428=ORIENTED_EDGE('',*,*,#926,.T.);
#1429=ORIENTED_EDGE('',*,*,#927,.F.);
#1430=ORIENTED_EDGE('',*,*,#924,.F.);
#1431=ORIENTED_EDGE('',*,*,#1073,.F.);
#1432=ORIENTED_EDGE('',*,*,#1040,.F.);
#1433=ORIENTED_EDGE('',*,*,#1044,.F.);
#1434=ORIENTED_EDGE('',*,*,#1030,.F.);
#1435=ORIENTED_EDGE('',*,*,#1075,.T.);
#1436=ORIENTED_EDGE('',*,*,#1076,.T.);
#1437=ORIENTED_EDGE('',*,*,#1077,.T.);
#1438=ORIENTED_EDGE('',*,*,#1078,.T.);
#1439=ORIENTED_EDGE('',*,*,#1079,.F.);
#1440=ORIENTED_EDGE('',*,*,#1080,.T.);
#1441=ORIENTED_EDGE('',*,*,#1081,.T.);
#1442=ORIENTED_EDGE('',*,*,#1082,.F.);
#1443=ORIENTED_EDGE('',*,*,#1083,.F.);
#1444=ORIENTED_EDGE('',*,*,#1081,.F.);
#1445=ORIENTED_EDGE('',*,*,#1084,.F.);
#1446=ORIENTED_EDGE('',*,*,#1085,.F.);
#1447=ORIENTED_EDGE('',*,*,#1086,.F.);
#1448=ORIENTED_EDGE('',*,*,#1087,.T.);
#1449=ORIENTED_EDGE('',*,*,#1084,.T.);
#1450=ORIENTED_EDGE('',*,*,#1080,.F.);
#1451=ORIENTED_EDGE('',*,*,#1088,.F.);
#1452=ORIENTED_EDGE('',*,*,#1089,.F.);
#1453=ORIENTED_EDGE('',*,*,#1085,.T.);
#1454=ORIENTED_EDGE('',*,*,#1087,.F.);
#1455=ORIENTED_EDGE('',*,*,#998,.F.);
#1456=ORIENTED_EDGE('',*,*,#1090,.T.);
#1457=ORIENTED_EDGE('',*,*,#1091,.T.);
#1458=ORIENTED_EDGE('',*,*,#1092,.F.);
#1459=ORIENTED_EDGE('',*,*,#997,.F.);
#1460=ORIENTED_EDGE('',*,*,#1093,.T.);
#1461=ORIENTED_EDGE('',*,*,#1094,.T.);
#1462=ORIENTED_EDGE('',*,*,#1090,.F.);
#1463=ORIENTED_EDGE('',*,*,#996,.F.);
#1464=ORIENTED_EDGE('',*,*,#1095,.F.);
#1465=ORIENTED_EDGE('',*,*,#1096,.T.);
#1466=ORIENTED_EDGE('',*,*,#1093,.F.);
#1467=ORIENTED_EDGE('',*,*,#1097,.F.);
#1468=ORIENTED_EDGE('',*,*,#1091,.F.);
#1469=ORIENTED_EDGE('',*,*,#1094,.F.);
#1470=ORIENTED_EDGE('',*,*,#1096,.F.);
#1471=ORIENTED_EDGE('',*,*,#1082,.T.);
#1472=ORIENTED_EDGE('',*,*,#1083,.T.);
#1473=ORIENTED_EDGE('',*,*,#1089,.T.);
#1474=ORIENTED_EDGE('',*,*,#1098,.F.);
#1475=ORIENTED_EDGE('',*,*,#1099,.F.);
#1476=ORIENTED_EDGE('',*,*,#1078,.F.);
#1477=ORIENTED_EDGE('',*,*,#1100,.T.);
#1478=ORIENTED_EDGE('',*,*,#1101,.F.);
#1479=ORIENTED_EDGE('',*,*,#1092,.T.);
#1480=ORIENTED_EDGE('',*,*,#1097,.T.);
#1481=ORIENTED_EDGE('',*,*,#1095,.T.);
#1482=ORIENTED_EDGE('',*,*,#995,.F.);
#1483=ORIENTED_EDGE('',*,*,#1102,.T.);
#1484=ORIENTED_EDGE('',*,*,#1103,.T.);
#1485=ORIENTED_EDGE('',*,*,#1104,.F.);
#1486=ORIENTED_EDGE('',*,*,#999,.F.);
#1487=ORIENTED_EDGE('',*,*,#1105,.F.);
#1488=ORIENTED_EDGE('',*,*,#1106,.T.);
#1489=ORIENTED_EDGE('',*,*,#1107,.T.);
#1490=ORIENTED_EDGE('',*,*,#1106,.F.);
#1491=ORIENTED_EDGE('',*,*,#1107,.F.);
#1492=ORIENTED_EDGE('',*,*,#1004,.F.);
#1493=ORIENTED_EDGE('',*,*,#1108,.T.);
#1494=ORIENTED_EDGE('',*,*,#1109,.T.);
#1495=ORIENTED_EDGE('',*,*,#1108,.F.);
#1496=ORIENTED_EDGE('',*,*,#1109,.F.);
#1497=ORIENTED_EDGE('',*,*,#1110,.F.);
#1498=ORIENTED_EDGE('',*,*,#1111,.T.);
#1499=ORIENTED_EDGE('',*,*,#1112,.T.);
#1500=ORIENTED_EDGE('',*,*,#1111,.F.);
#1501=ORIENTED_EDGE('',*,*,#1112,.F.);
#1502=ORIENTED_EDGE('',*,*,#1003,.F.);
#1503=ORIENTED_EDGE('',*,*,#1113,.T.);
#1504=ORIENTED_EDGE('',*,*,#1114,.T.);
#1505=ORIENTED_EDGE('',*,*,#1113,.F.);
#1506=ORIENTED_EDGE('',*,*,#1114,.F.);
#1507=ORIENTED_EDGE('',*,*,#1076,.F.);
#1508=ORIENTED_EDGE('',*,*,#1115,.T.);
#1509=ORIENTED_EDGE('',*,*,#1116,.F.);
#1510=ORIENTED_EDGE('',*,*,#1117,.F.);
#1511=ORIENTED_EDGE('',*,*,#1079,.T.);
#1512=ORIENTED_EDGE('',*,*,#1101,.T.);
#1513=ORIENTED_EDGE('',*,*,#1118,.F.);
#1514=ORIENTED_EDGE('',*,*,#1050,.F.);
#1515=ORIENTED_EDGE('',*,*,#1119,.F.);
#1516=ORIENTED_EDGE('',*,*,#1098,.T.);
#1517=ORIENTED_EDGE('',*,*,#1088,.T.);
#1518=ORIENTED_EDGE('',*,*,#1086,.T.);
#1519=ORIENTED_EDGE('',*,*,#1105,.T.);
#1520=ORIENTED_EDGE('',*,*,#1110,.T.);
#1521=ORIENTED_EDGE('',*,*,#1116,.T.);
#1522=ORIENTED_EDGE('',*,*,#1120,.F.);
#1523=ORIENTED_EDGE('',*,*,#1103,.F.);
#1524=ORIENTED_EDGE('',*,*,#1121,.F.);
#1525=ORIENTED_EDGE('',*,*,#1122,.F.);
#1526=ORIENTED_EDGE('',*,*,#1123,.F.);
#1527=ORIENTED_EDGE('',*,*,#1061,.F.);
#1528=ORIENTED_EDGE('',*,*,#1124,.T.);
#1529=ORIENTED_EDGE('',*,*,#1019,.T.);
#1530=ORIENTED_EDGE('',*,*,#1027,.T.);
#1531=ORIENTED_EDGE('',*,*,#1125,.T.);
#1532=ORIENTED_EDGE('',*,*,#1126,.T.);
#1533=ORIENTED_EDGE('',*,*,#1127,.T.);
#1534=ORIENTED_EDGE('',*,*,#1024,.T.);
#1535=ORIENTED_EDGE('',*,*,#1007,.T.);
#1536=ORIENTED_EDGE('',*,*,#1014,.T.);
#1537=ORIENTED_EDGE('',*,*,#1017,.T.);
#1538=ORIENTED_EDGE('',*,*,#1023,.T.);
#1539=ORIENTED_EDGE('',*,*,#1119,.T.);
#1540=ORIENTED_EDGE('',*,*,#1049,.T.);
#1541=ORIENTED_EDGE('',*,*,#1062,.F.);
#1542=ORIENTED_EDGE('',*,*,#1123,.T.);
#1543=ORIENTED_EDGE('',*,*,#1128,.F.);
#1544=ORIENTED_EDGE('',*,*,#1129,.F.);
#1545=ORIENTED_EDGE('',*,*,#1130,.T.);
#1546=ORIENTED_EDGE('',*,*,#1125,.F.);
#1547=ORIENTED_EDGE('',*,*,#1026,.T.);
#1548=ORIENTED_EDGE('',*,*,#1000,.T.);
#1549=ORIENTED_EDGE('',*,*,#1104,.T.);
#1550=ORIENTED_EDGE('',*,*,#1120,.T.);
#1551=ORIENTED_EDGE('',*,*,#1115,.F.);
#1552=ORIENTED_EDGE('',*,*,#1075,.F.);
#1553=ORIENTED_EDGE('',*,*,#1099,.T.);
#1554=ORIENTED_EDGE('',*,*,#1063,.F.);
#1555=ORIENTED_EDGE('',*,*,#1047,.T.);
#1556=ORIENTED_EDGE('',*,*,#1059,.F.);
#1557=ORIENTED_EDGE('',*,*,#1053,.T.);
#1558=ORIENTED_EDGE('',*,*,#1074,.F.);
#1559=ORIENTED_EDGE('',*,*,#1069,.F.);
#1560=ORIENTED_EDGE('',*,*,#1072,.T.);
#1561=ORIENTED_EDGE('',*,*,#1131,.F.);
#1562=ORIENTED_EDGE('',*,*,#1132,.F.);
#1563=ORIENTED_EDGE('',*,*,#1064,.T.);
#1564=ORIENTED_EDGE('',*,*,#1045,.T.);
#1565=ORIENTED_EDGE('',*,*,#965,.T.);
#1566=ORIENTED_EDGE('',*,*,#957,.F.);
#1567=ORIENTED_EDGE('',*,*,#960,.F.);
#1568=ORIENTED_EDGE('',*,*,#1133,.T.);
#1569=ORIENTED_EDGE('',*,*,#1122,.T.);
#1570=ORIENTED_EDGE('',*,*,#1134,.F.);
#1571=ORIENTED_EDGE('',*,*,#1135,.T.);
#1572=ORIENTED_EDGE('',*,*,#1128,.T.);
#1573=ORIENTED_EDGE('',*,*,#1121,.T.);
#1574=ORIENTED_EDGE('',*,*,#1102,.F.);
#1575=ORIENTED_EDGE('',*,*,#994,.T.);
#1576=ORIENTED_EDGE('',*,*,#1025,.F.);
#1577=ORIENTED_EDGE('',*,*,#1127,.F.);
#1578=ORIENTED_EDGE('',*,*,#1136,.T.);
#1579=ORIENTED_EDGE('',*,*,#1137,.F.);
#1580=ORIENTED_EDGE('',*,*,#1134,.T.);
#1581=ORIENTED_EDGE('',*,*,#1124,.F.);
#1582=ORIENTED_EDGE('',*,*,#1060,.F.);
#1583=ORIENTED_EDGE('',*,*,#1051,.F.);
#1584=ORIENTED_EDGE('',*,*,#1118,.T.);
#1585=ORIENTED_EDGE('',*,*,#1100,.F.);
#1586=ORIENTED_EDGE('',*,*,#1077,.F.);
#1587=ORIENTED_EDGE('',*,*,#1117,.T.);
#1588=ORIENTED_EDGE('',*,*,#971,.F.);
#1589=ORIENTED_EDGE('',*,*,#1021,.T.);
#1590=ORIENTED_EDGE('',*,*,#1022,.T.);
#1591=ORIENTED_EDGE('',*,*,#1015,.T.);
#1592=ORIENTED_EDGE('',*,*,#1012,.T.);
#1593=ORIENTED_EDGE('',*,*,#1005,.T.);
#1594=ORIENTED_EDGE('',*,*,#990,.F.);
#1595=ORIENTED_EDGE('',*,*,#938,.T.);
#1596=ORIENTED_EDGE('',*,*,#935,.T.);
#1597=ORIENTED_EDGE('',*,*,#1011,.T.);
#1598=ORIENTED_EDGE('',*,*,#1055,.T.);
#1599=ORIENTED_EDGE('',*,*,#1058,.F.);
#1600=ORIENTED_EDGE('',*,*,#1138,.F.);
#1601=ORIENTED_EDGE('',*,*,#1139,.F.);
#1602=ORIENTED_EDGE('',*,*,#1140,.F.);
#1603=ORIENTED_EDGE('',*,*,#1141,.T.);
#1604=ORIENTED_EDGE('',*,*,#1142,.F.);
#1605=ORIENTED_EDGE('',*,*,#1143,.T.);
#1606=ORIENTED_EDGE('',*,*,#1131,.T.);
#1607=ORIENTED_EDGE('',*,*,#1133,.F.);
#1608=ORIENTED_EDGE('',*,*,#1144,.F.);
#1609=ORIENTED_EDGE('',*,*,#981,.F.);
#1610=ORIENTED_EDGE('',*,*,#1145,.F.);
#1611=ORIENTED_EDGE('',*,*,#1141,.F.);
#1612=ORIENTED_EDGE('',*,*,#1146,.T.);
#1613=ORIENTED_EDGE('',*,*,#1147,.F.);
#1614=ORIENTED_EDGE('',*,*,#1148,.F.);
#1615=ORIENTED_EDGE('',*,*,#1149,.F.);
#1616=ORIENTED_EDGE('',*,*,#1150,.F.);
#1617=ORIENTED_EDGE('',*,*,#1066,.F.);
#1618=ORIENTED_EDGE('',*,*,#1151,.F.);
#1619=ORIENTED_EDGE('',*,*,#1152,.F.);
#1620=ORIENTED_EDGE('',*,*,#1153,.F.);
#1621=ORIENTED_EDGE('',*,*,#1154,.F.);
#1622=ORIENTED_EDGE('',*,*,#1155,.F.);
#1623=ORIENTED_EDGE('',*,*,#1136,.F.);
#1624=ORIENTED_EDGE('',*,*,#1126,.F.);
#1625=ORIENTED_EDGE('',*,*,#1130,.F.);
#1626=ORIENTED_EDGE('',*,*,#1156,.F.);
#1627=ORIENTED_EDGE('',*,*,#1138,.T.);
#1628=ORIENTED_EDGE('',*,*,#1057,.T.);
#1629=ORIENTED_EDGE('',*,*,#984,.T.);
#1630=ORIENTED_EDGE('',*,*,#1157,.T.);
#1631=ORIENTED_EDGE('',*,*,#1158,.T.);
#1632=ORIENTED_EDGE('',*,*,#1159,.T.);
#1633=ORIENTED_EDGE('',*,*,#1132,.T.);
#1634=ORIENTED_EDGE('',*,*,#1160,.T.);
#1635=ORIENTED_EDGE('',*,*,#989,.T.);
#1636=ORIENTED_EDGE('',*,*,#1161,.T.);
#1637=ORIENTED_EDGE('',*,*,#1162,.T.);
#1638=ORIENTED_EDGE('',*,*,#1163,.T.);
#1639=ORIENTED_EDGE('',*,*,#1164,.T.);
#1640=ORIENTED_EDGE('',*,*,#1165,.T.);
#1641=ORIENTED_EDGE('',*,*,#1166,.T.);
#1642=ORIENTED_EDGE('',*,*,#1153,.T.);
#1643=ORIENTED_EDGE('',*,*,#1167,.F.);
#1644=ORIENTED_EDGE('',*,*,#1168,.T.);
#1645=ORIENTED_EDGE('',*,*,#1169,.F.);
#1646=ORIENTED_EDGE('',*,*,#1144,.T.);
#1647=ORIENTED_EDGE('',*,*,#1170,.F.);
#1648=ORIENTED_EDGE('',*,*,#1145,.T.);
#1649=ORIENTED_EDGE('',*,*,#1171,.F.);
#1650=ORIENTED_EDGE('',*,*,#1172,.T.);
#1651=ORIENTED_EDGE('',*,*,#1173,.F.);
#1652=ORIENTED_EDGE('',*,*,#1174,.F.);
#1653=ORIENTED_EDGE('',*,*,#1168,.F.);
#1654=ORIENTED_EDGE('',*,*,#1175,.F.);
#1655=ORIENTED_EDGE('',*,*,#1172,.F.);
#1656=ORIENTED_EDGE('',*,*,#1174,.T.);
#1657=ORIENTED_EDGE('',*,*,#1176,.F.);
#1658=ORIENTED_EDGE('',*,*,#1139,.T.);
#1659=ORIENTED_EDGE('',*,*,#1157,.F.);
#1660=ORIENTED_EDGE('',*,*,#983,.F.);
#1661=ORIENTED_EDGE('',*,*,#1177,.F.);
#1662=ORIENTED_EDGE('',*,*,#1178,.F.);
#1663=ORIENTED_EDGE('',*,*,#979,.T.);
#1664=ORIENTED_EDGE('',*,*,#1160,.F.);
#1665=ORIENTED_EDGE('',*,*,#1143,.F.);
#1666=ORIENTED_EDGE('',*,*,#1140,.T.);
#1667=ORIENTED_EDGE('',*,*,#1176,.T.);
#1668=ORIENTED_EDGE('',*,*,#1171,.T.);
#1669=ORIENTED_EDGE('',*,*,#982,.T.);
#1670=ORIENTED_EDGE('',*,*,#1169,.T.);
#1671=ORIENTED_EDGE('',*,*,#1177,.T.);
#1672=ORIENTED_EDGE('',*,*,#1166,.F.);
#1673=ORIENTED_EDGE('',*,*,#1179,.T.);
#1674=ORIENTED_EDGE('',*,*,#1151,.T.);
#1675=ORIENTED_EDGE('',*,*,#1179,.F.);
#1676=ORIENTED_EDGE('',*,*,#1129,.T.);
#1677=ORIENTED_EDGE('',*,*,#1135,.F.);
#1678=ORIENTED_EDGE('',*,*,#1137,.T.);
#1679=ORIENTED_EDGE('',*,*,#1156,.T.);
#1680=ORIENTED_EDGE('',*,*,#1159,.F.);
#1681=ORIENTED_EDGE('',*,*,#1180,.T.);
#1682=ORIENTED_EDGE('',*,*,#1152,.T.);
#1683=ORIENTED_EDGE('',*,*,#1180,.F.);
#1684=ORIENTED_EDGE('',*,*,#1158,.F.);
#1685=ORIENTED_EDGE('',*,*,#1181,.T.);
#1686=ORIENTED_EDGE('',*,*,#1154,.T.);
#1687=ORIENTED_EDGE('',*,*,#1173,.T.);
#1688=ORIENTED_EDGE('',*,*,#1175,.T.);
#1689=ORIENTED_EDGE('',*,*,#1167,.T.);
#1690=ORIENTED_EDGE('',*,*,#1155,.T.);
#1691=ORIENTED_EDGE('',*,*,#1181,.F.);
#1692=ORIENTED_EDGE('',*,*,#1146,.F.);
#1693=ORIENTED_EDGE('',*,*,#1065,.T.);
#1694=ORIENTED_EDGE('',*,*,#1165,.F.);
#1695=ORIENTED_EDGE('',*,*,#1182,.F.);
#1696=ORIENTED_EDGE('',*,*,#1147,.T.);
#1697=ORIENTED_EDGE('',*,*,#1182,.T.);
#1698=ORIENTED_EDGE('',*,*,#1164,.F.);
#1699=ORIENTED_EDGE('',*,*,#1183,.F.);
#1700=ORIENTED_EDGE('',*,*,#1148,.T.);
#1701=ORIENTED_EDGE('',*,*,#1183,.T.);
#1702=ORIENTED_EDGE('',*,*,#1163,.F.);
#1703=ORIENTED_EDGE('',*,*,#1184,.F.);
#1704=ORIENTED_EDGE('',*,*,#1149,.T.);
#1705=ORIENTED_EDGE('',*,*,#1184,.T.);
#1706=ORIENTED_EDGE('',*,*,#1162,.F.);
#1707=ORIENTED_EDGE('',*,*,#1185,.F.);
#1708=ORIENTED_EDGE('',*,*,#1150,.T.);
#1709=ORIENTED_EDGE('',*,*,#1185,.T.);
#1710=ORIENTED_EDGE('',*,*,#1161,.F.);
#1711=ORIENTED_EDGE('',*,*,#1067,.F.);
#1712=ORIENTED_EDGE('',*,*,#1142,.T.);
#1713=ORIENTED_EDGE('',*,*,#1170,.T.);
#1714=ORIENTED_EDGE('',*,*,#980,.T.);
#1715=ORIENTED_EDGE('',*,*,#1178,.T.);
#1716=CONICAL_SURFACE('',#1825,17.5,0.785398163397449);
#1717=ADVANCED_FACE('',(#459),#1716,.T.);
#1718=ADVANCED_FACE('',(#460),#404,.F.);
#1719=ADVANCED_FACE('',(#461),#45,.T.);
#1720=ADVANCED_FACE('',(#462),#46,.T.);
#1721=ADVANCED_FACE('',(#463),#47,.T.);
#1722=ADVANCED_FACE('',(#464),#35,.T.);
#1723=ADVANCED_FACE('',(#465),#48,.T.);
#1724=ADVANCED_FACE('',(#466),#36,.T.);
#1725=ADVANCED_FACE('',(#467),#49,.F.);
#1726=ADVANCED_FACE('',(#468),#405,.F.);
#1727=ADVANCED_FACE('',(#469),#50,.T.);
#1728=ADVANCED_FACE('',(#470),#51,.T.);
#1729=ADVANCED_FACE('',(#471),#52,.T.);
#1730=ADVANCED_FACE('',(#472),#37,.T.);
#1731=ADVANCED_FACE('',(#473),#53,.T.);
#1732=ADVANCED_FACE('',(#474),#38,.T.);
#1733=ADVANCED_FACE('',(#475),#406,.T.);
#1734=ADVANCED_FACE('',(#476),#54,.F.);
#1735=ADVANCED_FACE('',(#477),#407,.F.);
#1736=ADVANCED_FACE('',(#478),#408,.T.);
#1737=ADVANCED_FACE('',(#479),#409,.T.);
#1738=ADVANCED_FACE('',(#480),#55,.F.);
#1739=ADVANCED_FACE('',(#481,#23,#24),#410,.F.);
#1740=ADVANCED_FACE('',(#482),#411,.F.);
#1741=ADVANCED_FACE('',(#483),#412,.T.);
#1742=ADVANCED_FACE('',(#484),#56,.F.);
#1743=ADVANCED_FACE('',(#485),#413,.F.);
#1744=ADVANCED_FACE('',(#486),#414,.F.);
#1745=ADVANCED_FACE('',(#487),#57,.F.);
#1746=ADVANCED_FACE('',(#488),#415,.F.);
#1747=ADVANCED_FACE('',(#489),#416,.F.);
#1748=ADVANCED_FACE('',(#490),#21,.T.);
#1749=ADVANCED_FACE('',(#491),#58,.T.);
#1750=ADVANCED_FACE('',(#492),#59,.F.);
#1751=ADVANCED_FACE('',(#493),#22,.T.);
#1752=ADVANCED_FACE('',(#494),#60,.T.);
#1753=ADVANCED_FACE('',(#495),#61,.T.);
#1754=ADVANCED_FACE('',(#496),#417,.T.);
#1755=ADVANCED_FACE('',(#497),#62,.F.);
#1756=ADVANCED_FACE('',(#498),#63,.T.);
#1757=ADVANCED_FACE('',(#499,#25),#418,.T.);
#1758=ADVANCED_FACE('',(#500),#419,.F.);
#1759=ADVANCED_FACE('',(#501),#420,.F.);
#1760=ADVANCED_FACE('',(#502),#421,.F.);
#1761=ADVANCED_FACE('',(#503),#422,.F.);
#1762=ADVANCED_FACE('',(#504),#423,.F.);
#1763=ADVANCED_FACE('',(#505),#424,.F.);
#1764=ADVANCED_FACE('',(#506),#425,.F.);
#1765=ADVANCED_FACE('',(#507),#426,.F.);
#1766=ADVANCED_FACE('',(#508),#427,.F.);
#1767=ADVANCED_FACE('',(#509),#428,.F.);
#1768=ADVANCED_FACE('',(#510),#64,.F.);
#1769=ADVANCED_FACE('',(#511),#429,.F.);
#1770=ADVANCED_FACE('',(#512),#65,.F.);
#1771=ADVANCED_FACE('',(#513),#430,.F.);
#1772=ADVANCED_FACE('',(#514),#66,.F.);
#1773=ADVANCED_FACE('',(#515),#431,.F.);
#1774=ADVANCED_FACE('',(#516),#67,.F.);
#1775=ADVANCED_FACE('',(#517),#432,.F.);
#1776=ADVANCED_FACE('',(#518),#433,.F.);
#1777=ADVANCED_FACE('',(#519,#26,#27),#434,.F.);
#1778=ADVANCED_FACE('',(#520),#435,.F.);
#1779=ADVANCED_FACE('',(#521),#436,.F.);
#1780=ADVANCED_FACE('',(#522),#437,.T.);
#1781=ADVANCED_FACE('',(#523),#438,.T.);
#1782=ADVANCED_FACE('',(#524),#439,.F.);
#1783=ADVANCED_FACE('',(#525),#440,.F.);
#1784=ADVANCED_FACE('',(#526),#441,.T.);
#1785=ADVANCED_FACE('',(#527),#442,.T.);
#1786=ADVANCED_FACE('',(#528),#19,.T.);
#1787=ADVANCED_FACE('',(#529),#443,.T.);
#1788=ADVANCED_FACE('',(#530),#444,.T.);
#1789=ADVANCED_FACE('',(#531),#445,.F.);
#1790=ADVANCED_FACE('',(#532),#446,.F.);
#1791=ADVANCED_FACE('',(#533,#28,#29,#30,#31),#447,.F.);
#1792=ADVANCED_FACE('',(#534,#32,#33),#448,.T.);
#1793=ADVANCED_FACE('',(#535,#34),#449,.T.);
#1794=ADVANCED_FACE('',(#536),#68,.F.);
#1795=ADVANCED_FACE('',(#537),#450,.F.);
#1796=ADVANCED_FACE('',(#538),#451,.T.);
#1797=ADVANCED_FACE('',(#539),#452,.T.);
#1798=ADVANCED_FACE('',(#540),#453,.T.);
#1799=ADVANCED_FACE('',(#541),#454,.T.);
#1800=ADVANCED_FACE('',(#542),#69,.F.);
#1801=ADVANCED_FACE('',(#543),#20,.T.);
#1802=ADVANCED_FACE('',(#544),#70,.F.);
#1803=ADVANCED_FACE('',(#545),#71,.F.);
#1804=ADVANCED_FACE('',(#546),#455,.T.);
#1805=ADVANCED_FACE('',(#547),#72,.T.);
#1806=ADVANCED_FACE('',(#548),#456,.T.);
#1807=ADVANCED_FACE('',(#549),#73,.T.);
#1808=ADVANCED_FACE('',(#550),#457,.T.);
#1809=ADVANCED_FACE('',(#551),#458,.T.);
#1810=CLOSED_SHELL('',(#1717,#1718,#1719,#1720,#1721,#1722,#1723,#1724,
#1725,#1726,#1727,#1728,#1729,#1730,#1731,#1732,#1733,#1734,#1735,#1736,
#1737,#1738,#1739,#1740,#1741,#1742,#1743,#1744,#1745,#1746,#1747,#1748,
#1749,#1750,#1751,#1752,#1753,#1754,#1755,#1756,#1757,#1758,#1759,#1760,
#1761,#1762,#1763,#1764,#1765,#1766,#1767,#1768,#1769,#1770,#1771,#1772,
#1773,#1774,#1775,#1776,#1777,#1778,#1779,#1780,#1781,#1782,#1783,#1784,
#1785,#1786,#1787,#1788,#1789,#1790,#1791,#1792,#1793,#1794,#1795,#1796,
#1797,#1798,#1799,#1800,#1801,#1802,#1803,#1804,#1805,#1806,#1807,#1808,
#1809));
#1811=DERIVED_UNIT_ELEMENT(#1813,1.);
#1812=DERIVED_UNIT_ELEMENT(#3398,-3.);
#1813=(
MASS_UNIT()
NAMED_UNIT(*)
SI_UNIT(.KILO.,.GRAM.)
);
#1814=DERIVED_UNIT((#1811,#1812));
#1815=MEASURE_REPRESENTATION_ITEM('density measure',
POSITIVE_RATIO_MEASURE(7850.),#1814);
#1816=PROPERTY_DEFINITION_REPRESENTATION(#1821,#1818);
#1817=PROPERTY_DEFINITION_REPRESENTATION(#1822,#1819);
#1818=REPRESENTATION('material name',(#1820),#3395);
#1819=REPRESENTATION('density',(#1815),#3395);
#1820=DESCRIPTIVE_REPRESENTATION_ITEM('Steel','Steel');
#1821=PROPERTY_DEFINITION('material property','material name',#3410);
#1822=PROPERTY_DEFINITION('material property','density of part',#3410);
#1823=AXIS2_PLACEMENT_3D('',#2471,#1984,#1985);
#1824=AXIS2_PLACEMENT_3D('',#2472,#1986,#1987);
#1825=AXIS2_PLACEMENT_3D('',#2473,#1988,#1989);
#1826=AXIS2_PLACEMENT_3D('',#2483,#1990,#1991);
#1827=AXIS2_PLACEMENT_3D('',#2496,#1992,#1993);
#1828=AXIS2_PLACEMENT_3D('',#2500,#1994,#1995);
#1829=AXIS2_PLACEMENT_3D('',#2502,#1997,#1998);
#1830=AXIS2_PLACEMENT_3D('',#2507,#2000,#2001);
#1831=AXIS2_PLACEMENT_3D('',#2510,#2003,#2004);
#1832=AXIS2_PLACEMENT_3D('',#2511,#2005,#2006);
#1833=AXIS2_PLACEMENT_3D('',#2515,#2008,#2009);
#1834=AXIS2_PLACEMENT_3D('',#2517,#2011,#2012);
#1835=AXIS2_PLACEMENT_3D('',#2519,#2013,#2014);
#1836=AXIS2_PLACEMENT_3D('',#2521,#2015,#2016);
#1837=AXIS2_PLACEMENT_3D('',#2523,#2018,#2019);
#1838=AXIS2_PLACEMENT_3D('',#2531,#2020,#2021);
#1839=AXIS2_PLACEMENT_3D('',#2532,#2022,#2023);
#1840=AXIS2_PLACEMENT_3D('',#2534,#2024,#2025);
#1841=AXIS2_PLACEMENT_3D('',#2537,#2027,#2028);
#1842=AXIS2_PLACEMENT_3D('',#2538,#2029,#2030);
#1843=AXIS2_PLACEMENT_3D('',#2546,#2031,#2032);
#1844=AXIS2_PLACEMENT_3D('',#2547,#2033,#2034);
#1845=AXIS2_PLACEMENT_3D('',#2551,#2036,#2037);
#1846=AXIS2_PLACEMENT_3D('',#2553,#2039,#2040);
#1847=AXIS2_PLACEMENT_3D('',#2559,#2044,#2045);
#1848=AXIS2_PLACEMENT_3D('',#2563,#2047,#2048);
#1849=AXIS2_PLACEMENT_3D('',#2566,#2050,#2051);
#1850=AXIS2_PLACEMENT_3D('',#2567,#2052,#2053);
#1851=AXIS2_PLACEMENT_3D('',#2570,#2055,#2056);
#1852=AXIS2_PLACEMENT_3D('',#2571,#2057,#2058);
#1853=AXIS2_PLACEMENT_3D('',#2573,#2059,#2060);
#1854=AXIS2_PLACEMENT_3D('',#2576,#2062,#2063);
#1855=AXIS2_PLACEMENT_3D('',#2577,#2064,#2065);
#1856=AXIS2_PLACEMENT_3D('',#2585,#2066,#2067);
#1857=AXIS2_PLACEMENT_3D('',#2586,#2068,#2069);
#1858=AXIS2_PLACEMENT_3D('',#2588,#2070,#2071);
#1859=AXIS2_PLACEMENT_3D('',#2589,#2072,#2073);
#1860=AXIS2_PLACEMENT_3D('',#2590,#2074,#2075);
#1861=AXIS2_PLACEMENT_3D('',#2597,#2076,#2077);
#1862=AXIS2_PLACEMENT_3D('',#2610,#2081,#2082);
#1863=AXIS2_PLACEMENT_3D('',#2614,#2084,#2085);
#1864=AXIS2_PLACEMENT_3D('',#2616,#2087,#2088);
#1865=AXIS2_PLACEMENT_3D('',#2624,#2093,#2094);
#1866=AXIS2_PLACEMENT_3D('',#2651,#2105,#2106);
#1867=AXIS2_PLACEMENT_3D('',#2662,#2109,#2110);
#1868=AXIS2_PLACEMENT_3D('',#2665,#2112,#2113);
#1869=AXIS2_PLACEMENT_3D('',#2666,#2114,#2115);
#1870=AXIS2_PLACEMENT_3D('',#2689,#2127,#2128);
#1871=AXIS2_PLACEMENT_3D('',#2691,#2129,#2130);
#1872=AXIS2_PLACEMENT_3D('',#2692,#2131,#2132);
#1873=AXIS2_PLACEMENT_3D('',#2700,#2137,#2138);
#1874=AXIS2_PLACEMENT_3D('',#2711,#2141,#2142);
#1875=AXIS2_PLACEMENT_3D('',#2713,#2143,#2144);
#1876=AXIS2_PLACEMENT_3D('',#2716,#2146,#2147);
#1877=AXIS2_PLACEMENT_3D('',#2717,#2148,#2149);
#1878=AXIS2_PLACEMENT_3D('',#2723,#2153,#2154);
#1879=AXIS2_PLACEMENT_3D('',#2731,#2159,#2160);
#1880=AXIS2_PLACEMENT_3D('',#2732,#2161,#2162);
#1881=AXIS2_PLACEMENT_3D('',#2733,#2163,#2164);
#1882=AXIS2_PLACEMENT_3D('',#2734,#2165,#2166);
#1883=AXIS2_PLACEMENT_3D('',#2738,#2169,#2170);
#1884=AXIS2_PLACEMENT_3D('',#2884,#2173,#2174);
#1885=AXIS2_PLACEMENT_3D('',#2888,#2176,#2177);
#1886=AXIS2_PLACEMENT_3D('',#2891,#2180,#2181);
#1887=AXIS2_PLACEMENT_3D('',#2894,#2183,#2184);
#1888=AXIS2_PLACEMENT_3D('',#2983,#2185,#2186);
#1889=AXIS2_PLACEMENT_3D('',#2984,#2187,#2188);
#1890=AXIS2_PLACEMENT_3D('',#2986,#2189,#2190);
#1891=AXIS2_PLACEMENT_3D('',#2993,#2191,#2192);
#1892=AXIS2_PLACEMENT_3D('',#3010,#2194,#2195);
#1893=AXIS2_PLACEMENT_3D('',#3027,#2197,#2198);
#1894=AXIS2_PLACEMENT_3D('',#3033,#2199,#2200);
#1895=AXIS2_PLACEMENT_3D('',#3034,#2201,#2202);
#1896=AXIS2_PLACEMENT_3D('',#3035,#2203,#2204);
#1897=AXIS2_PLACEMENT_3D('',#3037,#2205,#2206);
#1898=AXIS2_PLACEMENT_3D('',#3043,#2210,#2211);
#1899=AXIS2_PLACEMENT_3D('',#3051,#2216,#2217);
#1900=AXIS2_PLACEMENT_3D('',#3056,#2220,#2221);
#1901=AXIS2_PLACEMENT_3D('',#3058,#2223,#2224);
#1902=AXIS2_PLACEMENT_3D('',#3059,#2225,#2226);
#1903=AXIS2_PLACEMENT_3D('',#3062,#2228,#2229);
#1904=AXIS2_PLACEMENT_3D('',#3063,#2230,#2231);
#1905=AXIS2_PLACEMENT_3D('',#3065,#2233,#2234);
#1906=AXIS2_PLACEMENT_3D('',#3066,#2235,#2236);
#1907=AXIS2_PLACEMENT_3D('',#3075,#2241,#2242);
#1908=AXIS2_PLACEMENT_3D('',#3084,#2247,#2248);
#1909=AXIS2_PLACEMENT_3D('',#3090,#2252,#2253);
#1910=AXIS2_PLACEMENT_3D('',#3094,#2256,#2257);
#1911=AXIS2_PLACEMENT_3D('',#3098,#2260,#2261);
#1912=AXIS2_PLACEMENT_3D('',#3104,#2265,#2266);
#1913=AXIS2_PLACEMENT_3D('',#3108,#2269,#2270);
#1914=AXIS2_PLACEMENT_3D('',#3112,#2273,#2274);
#1915=AXIS2_PLACEMENT_3D('',#3114,#2276,#2277);
#1916=AXIS2_PLACEMENT_3D('',#3121,#2282,#2283);
#1917=AXIS2_PLACEMENT_3D('',#3127,#2287,#2288);
#1918=AXIS2_PLACEMENT_3D('',#3129,#2289,#2290);
#1919=AXIS2_PLACEMENT_3D('',#3132,#2292,#2293);
#1920=AXIS2_PLACEMENT_3D('',#3133,#2294,#2295);
#1921=AXIS2_PLACEMENT_3D('',#3134,#2296,#2297);
#1922=AXIS2_PLACEMENT_3D('',#3137,#2299,#2300);
#1923=AXIS2_PLACEMENT_3D('',#3138,#2301,#2302);
#1924=AXIS2_PLACEMENT_3D('',#3139,#2303,#2304);
#1925=AXIS2_PLACEMENT_3D('',#3141,#2305,#2306);
#1926=AXIS2_PLACEMENT_3D('',#3144,#2308,#2309);
#1927=AXIS2_PLACEMENT_3D('',#3145,#2310,#2311);
#1928=AXIS2_PLACEMENT_3D('',#3146,#2312,#2313);
#1929=AXIS2_PLACEMENT_3D('',#3149,#2315,#2316);
#1930=AXIS2_PLACEMENT_3D('',#3150,#2317,#2318);
#1931=AXIS2_PLACEMENT_3D('',#3151,#2319,#2320);
#1932=AXIS2_PLACEMENT_3D('',#3157,#2324,#2325);
#1933=AXIS2_PLACEMENT_3D('',#3160,#2328,#2329);
#1934=AXIS2_PLACEMENT_3D('',#3163,#2332,#2333);
#1935=AXIS2_PLACEMENT_3D('',#3178,#2336,#2337);
#1936=AXIS2_PLACEMENT_3D('',#3184,#2341,#2342);
#1937=AXIS2_PLACEMENT_3D('',#3195,#2345,#2346);
#1938=AXIS2_PLACEMENT_3D('',#3196,#2347,#2348);
#1939=AXIS2_PLACEMENT_3D('',#3197,#2349,#2350);
#1940=AXIS2_PLACEMENT_3D('',#3198,#2351,#2352);
#1941=AXIS2_PLACEMENT_3D('',#3245,#2357,#2358);
#1942=AXIS2_PLACEMENT_3D('',#3254,#2360,#2361);
#1943=AXIS2_PLACEMENT_3D('',#3266,#2368,#2369);
#1944=AXIS2_PLACEMENT_3D('',#3267,#2370,#2371);
#1945=AXIS2_PLACEMENT_3D('',#3268,#2372,#2373);
#1946=AXIS2_PLACEMENT_3D('',#3269,#2374,#2375);
#1947=AXIS2_PLACEMENT_3D('',#3270,#2376,#2377);
#1948=AXIS2_PLACEMENT_3D('',#3274,#2379,#2380);
#1949=AXIS2_PLACEMENT_3D('',#3278,#2382,#2383);
#1950=AXIS2_PLACEMENT_3D('',#3281,#2385,#2386);
#1951=AXIS2_PLACEMENT_3D('',#3283,#2387,#2388);
#1952=AXIS2_PLACEMENT_3D('',#3286,#2389,#2390);
#1953=AXIS2_PLACEMENT_3D('',#3288,#2391,#2392);
#1954=AXIS2_PLACEMENT_3D('',#3289,#2393,#2394);
#1955=AXIS2_PLACEMENT_3D('',#3303,#2395,#2396);
#1956=AXIS2_PLACEMENT_3D('',#3306,#2398,#2399);
#1957=AXIS2_PLACEMENT_3D('',#3308,#2400,#2401);
#1958=AXIS2_PLACEMENT_3D('',#3309,#2402,#2403);
#1959=AXIS2_PLACEMENT_3D('',#3314,#2406,#2407);
#1960=AXIS2_PLACEMENT_3D('',#3318,#2409,#2410);
#1961=AXIS2_PLACEMENT_3D('',#3321,#2412,#2413);
#1962=AXIS2_PLACEMENT_3D('',#3322,#2414,#2415);
#1963=AXIS2_PLACEMENT_3D('',#3326,#2417,#2418);
#1964=AXIS2_PLACEMENT_3D('',#3327,#2419,#2420);
#1965=AXIS2_PLACEMENT_3D('',#3328,#2421,#2422);
#1966=AXIS2_PLACEMENT_3D('',#3330,#2423,#2424);
#1967=AXIS2_PLACEMENT_3D('',#3332,#2425,#2426);
#1968=AXIS2_PLACEMENT_3D('',#3334,#2428,#2429);
#1969=AXIS2_PLACEMENT_3D('',#3336,#2431,#2432);
#1970=AXIS2_PLACEMENT_3D('',#3337,#2433,#2434);
#1971=AXIS2_PLACEMENT_3D('',#3340,#2437,#2438);
#1972=AXIS2_PLACEMENT_3D('',#3342,#2440,#2441);
#1973=AXIS2_PLACEMENT_3D('',#3343,#2442,#2443);
#1974=AXIS2_PLACEMENT_3D('',#3344,#2444,#2445);
#1975=AXIS2_PLACEMENT_3D('',#3376,#2447,#2448);
#1976=AXIS2_PLACEMENT_3D('',#3378,#2450,#2451);
#1977=AXIS2_PLACEMENT_3D('',#3380,#2453,#2454);
#1978=AXIS2_PLACEMENT_3D('',#3382,#2456,#2457);
#1979=AXIS2_PLACEMENT_3D('',#3384,#2459,#2460);
#1980=AXIS2_PLACEMENT_3D('',#3386,#2462,#2463);
#1981=AXIS2_PLACEMENT_3D('',#3388,#2465,#2466);
#1982=AXIS2_PLACEMENT_3D('',#3389,#2467,#2468);
#1983=AXIS2_PLACEMENT_3D('',#3390,#2469,#2470);
#1984=DIRECTION('axis',(0.,0.,1.));
#1985=DIRECTION('refdir',(1.,0.,0.));
#1986=DIRECTION('axis',(0.,0.,1.));
#1987=DIRECTION('refdir',(1.,0.,0.));
#1988=DIRECTION('center_axis',(0.,0.,-1.));
#1989=DIRECTION('ref_axis',(1.,0.,0.));
#1990=DIRECTION('center_axis',(0.,0.,1.));
#1991=DIRECTION('ref_axis',(1.,0.,0.));
#1992=DIRECTION('center_axis',(0.,0.,-1.));
#1993=DIRECTION('ref_axis',(1.,0.,0.));
#1994=DIRECTION('center_axis',(0.,0.,-1.));
#1995=DIRECTION('ref_axis',(0.,-1.,0.));
#1996=DIRECTION('',(0.,-1.,0.));
#1997=DIRECTION('center_axis',(0.560329748523112,0.,0.828269625737915));
#1998=DIRECTION('ref_axis',(0.585675069010124,-0.707106781186548,-0.396212964881244));
#1999=DIRECTION('',(-0.560329748523112,0.,-0.828269625737915));
#2000=DIRECTION('center_axis',(0.560329748523113,-2.07363662730928E-16,
0.828269625737915));
#2001=DIRECTION('ref_axis',(-3.70074341541719E-16,-1.,0.));
#2002=DIRECTION('',(0.560329748523112,0.,0.828269625737915));
#2003=DIRECTION('center_axis',(-1.,-1.85037170770859E-16,2.59270301332912E-9));
#2004=DIRECTION('ref_axis',(-2.59270301332912E-9,1.25178839793717E-16,-1.));
#2005=DIRECTION('center_axis',(0.560329744228198,0.,-0.828269628643452));
#2006=DIRECTION('ref_axis',(-0.585675071064649,-0.707106781186547,-0.396212961844283));
#2007=DIRECTION('',(0.560329744228198,0.,-0.828269628643452));
#2008=DIRECTION('center_axis',(-0.560329744228198,-2.0736366114149E-16,
0.828269628643452));
#2009=DIRECTION('ref_axis',(-0.828269628643452,0.,-0.560329744228198));
#2010=DIRECTION('',(-0.560329744228198,0.,0.828269628643452));
#2011=DIRECTION('center_axis',(0.560329748523112,0.,0.828269625737915));
#2012=DIRECTION('ref_axis',(0.585675069010124,-0.707106781186548,-0.396212964881244));
#2013=DIRECTION('center_axis',(-1.,1.64562729225204E-9,0.));
#2014=DIRECTION('ref_axis',(-3.84891021020716E-17,-1.11327739153587E-9,
-1.));
#2015=DIRECTION('center_axis',(0.560329748523113,0.,0.828269625737915));
#2016=DIRECTION('ref_axis',(0.,-1.,0.));
#2017=DIRECTION('',(0.560329748523112,0.,0.828269625737915));
#2018=DIRECTION('center_axis',(0.,-1.,0.));
#2019=DIRECTION('ref_axis',(0.,0.,-1.));
#2020=DIRECTION('center_axis',(0.,1.,0.));
#2021=DIRECTION('ref_axis',(-0.956103976794548,0.,0.293027619103815));
#2022=DIRECTION('center_axis',(0.560329744228198,0.,-0.828269628643452));
#2023=DIRECTION('ref_axis',(-0.585675071064649,-0.707106781186547,-0.396212961844283));
#2024=DIRECTION('center_axis',(1.,-1.64562739050186E-9,0.));
#2025=DIRECTION('ref_axis',(-3.48250232896883E-17,1.11327748668446E-9,-1.));
#2026=DIRECTION('',(0.560329744228198,0.,-0.828269628643452));
#2027=DIRECTION('center_axis',(-0.560329744228199,0.,0.828269628643452));
#2028=DIRECTION('ref_axis',(-0.828269628643452,0.,-0.560329744228199));
#2029=DIRECTION('center_axis',(0.,-1.,0.));
#2030=DIRECTION('ref_axis',(0.,0.,-1.));
#2031=DIRECTION('center_axis',(0.,1.,0.));
#2032=DIRECTION('ref_axis',(0.956103975908654,0.,0.293027621994351));
#2033=DIRECTION('center_axis',(1.64562739050186E-9,1.,-2.43253762923813E-9));
#2034=DIRECTION('ref_axis',(0.956103976731467,-8.60590154497469E-10,0.293027619309638));
#2035=DIRECTION('',(1.64562739050186E-9,1.,-2.43253762923813E-9));
#2036=DIRECTION('center_axis',(0.,-1.,0.));
#2037=DIRECTION('ref_axis',(0.828269628643452,0.,0.560329744228198));
#2038=DIRECTION('',(-1.64562739050186E-9,-1.,2.43253762923813E-9));
#2039=DIRECTION('center_axis',(0.828269628643452,0.,0.560329744228198));
#2040=DIRECTION('ref_axis',(-0.560329744228198,0.,0.828269628643452));
#2041=DIRECTION('',(0.,-1.,0.));
#2042=DIRECTION('',(-0.560329744228198,0.,0.828269628643452));
#2043=DIRECTION('',(-0.560329744228198,0.,0.828269628643452));
#2044=DIRECTION('center_axis',(-0.560329748523112,0.,-0.828269625737915));
#2045=DIRECTION('ref_axis',(0.585675069010124,0.707106781186548,-0.396212964881244));
#2046=DIRECTION('',(-0.560329748523112,0.,-0.828269625737915));
#2047=DIRECTION('center_axis',(0.560329748523112,2.07363662730928E-16,0.828269625737915));
#2048=DIRECTION('ref_axis',(0.828269625737915,0.,-0.560329748523112));
#2049=DIRECTION('',(0.560329748523112,0.,0.828269625737915));
#2050=DIRECTION('center_axis',(-1.,-1.38777878078145E-16,2.59270270228362E-9));
#2051=DIRECTION('ref_axis',(2.59270270228362E-9,-9.38841298452879E-17,1.));
#2052=DIRECTION('center_axis',(-0.560329744228198,0.,0.828269628643452));
#2053=DIRECTION('ref_axis',(-0.585675071064649,0.707106781186547,-0.396212961844283));
#2054=DIRECTION('',(0.560329744228198,0.,-0.828269628643452));
#2055=DIRECTION('center_axis',(-0.560329744228198,-6.2209098342447E-16,
0.828269628643452));
#2056=DIRECTION('ref_axis',(-1.11022302462516E-15,1.,0.));
#2057=DIRECTION('center_axis',(-0.560329748523112,0.,-0.828269625737915));
#2058=DIRECTION('ref_axis',(0.585675069010124,0.707106781186548,-0.396212964881244));
#2059=DIRECTION('center_axis',(-0.999999999999979,2.05401622000661E-7,0.));
#2060=DIRECTION('ref_axis',(-2.85416898861149E-14,-1.38955523223681E-7,
-0.99999999999999));
#2061=DIRECTION('',(-0.560329748523112,0.,-0.828269625737915));
#2062=DIRECTION('center_axis',(0.560329748523112,0.,0.828269625737915));
#2063=DIRECTION('ref_axis',(0.828269625737915,0.,-0.560329748523112));
#2064=DIRECTION('center_axis',(0.,1.,0.));
#2065=DIRECTION('ref_axis',(0.,0.,1.));
#2066=DIRECTION('center_axis',(0.,-1.,0.));
#2067=DIRECTION('ref_axis',(-0.828269625737915,0.,0.560329748523112));
#2068=DIRECTION('center_axis',(-0.560329744228198,0.,0.828269628643452));
#2069=DIRECTION('ref_axis',(-0.585675071064649,0.707106781186547,-0.396212961844283));
#2070=DIRECTION('center_axis',(1.,0.,0.));
#2071=DIRECTION('ref_axis',(0.,-5.18409152853725E-17,-1.));
#2072=DIRECTION('center_axis',(-0.560329744228198,0.,0.828269628643452));
#2073=DIRECTION('ref_axis',(0.,1.,0.));
#2074=DIRECTION('center_axis',(0.,1.,0.));
#2075=DIRECTION('ref_axis',(0.,0.,1.));
#2076=DIRECTION('center_axis',(0.,1.,0.));
#2077=DIRECTION('ref_axis',(0.,0.,-1.));
#2078=DIRECTION('',(0.,0.,-1.));
#2079=DIRECTION('',(-1.,0.,0.));
#2080=DIRECTION('',(0.,0.,1.));
#2081=DIRECTION('center_axis',(-1.64562729225204E-9,-1.,-2.43253745682837E-9));
#2082=DIRECTION('ref_axis',(-0.956103975971734,8.60590155181306E-10,0.29302762178853));
#2083=DIRECTION('',(-1.64562729225204E-9,-1.,-2.43253745682837E-9));
#2084=DIRECTION('center_axis',(0.,-1.,0.));
#2085=DIRECTION('ref_axis',(-0.956103975971734,0.,0.29302762178853));
#2086=DIRECTION('',(1.64562729225204E-9,1.,2.43253745682837E-9));
#2087=DIRECTION('center_axis',(-0.828269625737915,0.,0.560329748523112));
#2088=DIRECTION('ref_axis',(-0.560329748523112,0.,-0.828269625737915));
#2089=DIRECTION('',(-1.64562729225204E-9,-1.,-2.43253745682837E-9));
#2090=DIRECTION('',(-0.560329748523112,0.,-0.828269625737915));
#2091=DIRECTION('',(0.,-1.,0.));
#2092=DIRECTION('',(0.560329748523112,0.,0.828269625737915));
#2093=DIRECTION('center_axis',(-1.,1.64562739050186E-9,0.));
#2094=DIRECTION('ref_axis',(-1.64562739050186E-9,-1.,0.));
#2095=DIRECTION('',(0.,0.,-1.));
#2096=DIRECTION('',(-1.64562739050186E-9,-1.,2.43253762923813E-9));
#2097=DIRECTION('',(0.,0.,1.));
#2098=DIRECTION('',(0.,0.,1.));
#2099=DIRECTION('',(1.64562739050186E-9,1.,0.));
#2100=DIRECTION('',(-1.64562739050186E-9,-1.,0.));
#2101=DIRECTION('',(1.64562739050186E-9,1.,0.));
#2102=DIRECTION('',(0.,0.,1.));
#2103=DIRECTION('',(1.64562739050186E-9,1.,0.));
#2104=DIRECTION('',(0.,0.,1.));
#2105=DIRECTION('center_axis',(-1.,0.,0.));
#2106=DIRECTION('ref_axis',(0.,-1.,0.));
#2107=DIRECTION('',(0.,0.,1.));
#2108=DIRECTION('',(0.,1.,0.));
#2109=DIRECTION('center_axis',(-1.64562729225204E-9,-1.,-2.43253745682837E-9));
#2110=DIRECTION('ref_axis',(-0.956103975971734,8.60590155181306E-10,0.29302762178853));
#2111=DIRECTION('',(1.64562729225204E-9,1.,2.43253745682837E-9));
#2112=DIRECTION('center_axis',(0.,1.,0.));
#2113=DIRECTION('ref_axis',(-0.956103975971734,0.,0.29302762178853));
#2114=DIRECTION('center_axis',(1.,0.,0.));
#2115=DIRECTION('ref_axis',(0.,0.,-1.));
#2116=DIRECTION('',(0.,0.,-1.));
#2117=DIRECTION('',(0.,1.,0.));
#2118=DIRECTION('',(0.,0.,-1.));
#2119=DIRECTION('',(0.,1.,0.));
#2120=DIRECTION('',(0.,0.,-1.));
#2121=DIRECTION('',(0.,1.,0.));
#2122=DIRECTION('',(0.,0.,1.));
#2123=DIRECTION('',(0.,1.,0.));
#2124=DIRECTION('',(0.,0.,1.));
#2125=DIRECTION('',(0.,1.,0.));
#2126=DIRECTION('',(0.,0.,1.));
#2127=DIRECTION('center_axis',(1.,0.,0.));
#2128=DIRECTION('ref_axis',(0.,1.,0.));
#2129=DIRECTION('center_axis',(1.,0.,0.));
#2130=DIRECTION('ref_axis',(0.,1.,0.));
#2131=DIRECTION('center_axis',(0.,-1.,0.));
#2132=DIRECTION('ref_axis',(0.,0.,-1.));
#2133=DIRECTION('',(0.,0.,1.));
#2134=DIRECTION('',(1.,0.,0.));
#2135=DIRECTION('',(0.,0.,-1.));
#2136=DIRECTION('',(-1.,0.,0.));
#2137=DIRECTION('center_axis',(0.,-1.,0.));
#2138=DIRECTION('ref_axis',(0.,0.,1.));
#2139=DIRECTION('',(-1.,0.,0.));
#2140=DIRECTION('',(0.,0.,1.));
#2141=DIRECTION('center_axis',(1.,0.,0.));
#2142=DIRECTION('ref_axis',(0.,0.,-1.));
#2143=DIRECTION('center_axis',(-1.,1.64562729225204E-9,0.));
#2144=DIRECTION('ref_axis',(0.,0.,-1.));
#2145=DIRECTION('',(1.,0.,0.));
#2146=DIRECTION('center_axis',(1.,0.,0.));
#2147=DIRECTION('ref_axis',(0.,0.,-1.));
#2148=DIRECTION('center_axis',(0.,0.,-1.));
#2149=DIRECTION('ref_axis',(0.,1.,0.));
#2150=DIRECTION('',(-1.64562729225204E-9,-1.,0.));
#2151=DIRECTION('',(1.,0.,0.));
#2152=DIRECTION('',(0.,1.,0.));
#2153=DIRECTION('center_axis',(0.,1.,0.));
#2154=DIRECTION('ref_axis',(0.,0.,1.));
#2155=DIRECTION('',(1.,0.,0.));
#2156=DIRECTION('',(0.,0.,1.));
#2157=DIRECTION('',(1.,0.,0.));
#2158=DIRECTION('',(0.,0.,-1.));
#2159=DIRECTION('center_axis',(1.,0.,0.));
#2160=DIRECTION('ref_axis',(0.,1.,0.));
#2161=DIRECTION('center_axis',(-1.,1.64562729225204E-9,0.));
#2162=DIRECTION('ref_axis',(1.64562729225204E-9,1.,0.));
#2163=DIRECTION('center_axis',(1.,0.,0.));
#2164=DIRECTION('ref_axis',(0.,1.,0.));
#2165=DIRECTION('center_axis',(0.,0.,-1.));
#2166=DIRECTION('ref_axis',(0.,1.,0.));
#2167=DIRECTION('',(0.,1.,0.));
#2168=DIRECTION('',(1.,0.,0.));
#2169=DIRECTION('center_axis',(0.,0.,-1.));
#2170=DIRECTION('ref_axis',(0.,1.,0.));
#2171=DIRECTION('',(1.,0.,0.));
#2172=DIRECTION('',(0.,1.,0.));
#2173=DIRECTION('center_axis',(0.,0.,1.));
#2174=DIRECTION('ref_axis',(0.707106781186547,-0.707106781186548,0.));
#2175=DIRECTION('',(0.,0.,1.));
#2176=DIRECTION('center_axis',(0.,0.,1.));
#2177=DIRECTION('ref_axis',(0.707106781186547,-0.707106781186548,0.));
#2178=DIRECTION('',(0.,0.,-1.));
#2179=DIRECTION('',(0.,0.,1.));
#2180=DIRECTION('center_axis',(0.,0.,-1.));
#2181=DIRECTION('ref_axis',(0.363550578306477,-0.931574461335768,0.));
#2182=DIRECTION('',(0.,0.,-1.));
#2183=DIRECTION('center_axis',(0.,0.,-1.));
#2184=DIRECTION('ref_axis',(0.363550578306477,-0.931574461335768,0.));
#2185=DIRECTION('center_axis',(-1.,0.,0.));
#2186=DIRECTION('ref_axis',(0.,1.98902044324305E-10,1.));
#2187=DIRECTION('center_axis',(-1.,0.,0.));
#2188=DIRECTION('ref_axis',(0.,1.,0.));
#2189=DIRECTION('center_axis',(-0.999999999999979,2.05401622000661E-7,0.));
#2190=DIRECTION('ref_axis',(2.05401622000661E-7,0.999999999999979,0.));
#2191=DIRECTION('center_axis',(-1.,0.,0.));
#2192=DIRECTION('ref_axis',(0.,1.,0.));
#2193=DIRECTION('',(-1.,0.,0.));
#2194=DIRECTION('center_axis',(1.,0.,0.));
#2195=DIRECTION('ref_axis',(0.,1.,0.));
#2196=DIRECTION('',(-1.,0.,0.));
#2197=DIRECTION('center_axis',(-1.,0.,0.));
#2198=DIRECTION('ref_axis',(0.,1.,0.));
#2199=DIRECTION('center_axis',(-1.,1.64562729225204E-9,0.));
#2200=DIRECTION('ref_axis',(1.64562729225204E-9,1.,0.));
#2201=DIRECTION('center_axis',(0.,0.,1.));
#2202=DIRECTION('ref_axis',(6.12323399573677E-17,-1.,0.));
#2203=DIRECTION('center_axis',(0.,0.,-1.));
#2204=DIRECTION('ref_axis',(1.,0.,0.));
#2205=DIRECTION('center_axis',(0.,0.,1.));
#2206=DIRECTION('ref_axis',(1.,0.,0.));
#2207=DIRECTION('',(0.,0.,1.));
#2208=DIRECTION('',(0.,0.,1.));
#2209=DIRECTION('',(0.,0.,-1.));
#2210=DIRECTION('center_axis',(0.,0.,-1.));
#2211=DIRECTION('ref_axis',(1.,0.,0.));
#2212=DIRECTION('',(0.,0.,1.));
#2213=DIRECTION('',(0.,0.,-1.));
#2214=DIRECTION('',(0.,0.,1.));
#2215=DIRECTION('',(0.,0.,1.));
#2216=DIRECTION('center_axis',(0.,0.,1.));
#2217=DIRECTION('ref_axis',(1.,0.,0.));
#2218=DIRECTION('',(0.,0.,1.));
#2219=DIRECTION('',(0.,0.,1.));
#2220=DIRECTION('center_axis',(0.,0.,-1.));
#2221=DIRECTION('ref_axis',(1.,0.,0.));
#2222=DIRECTION('',(0.,0.,1.));
#2223=DIRECTION('center_axis',(0.,0.,-1.));
#2224=DIRECTION('ref_axis',(0.,-1.,0.));
#2225=DIRECTION('center_axis',(0.,0.,1.));
#2226=DIRECTION('ref_axis',(0.363550578306778,0.93157446133565,0.));
#2227=DIRECTION('',(0.,0.,-1.));
#2228=DIRECTION('center_axis',(0.,0.,-1.));
#2229=DIRECTION('ref_axis',(0.363550578306778,0.93157446133565,0.));
#2230=DIRECTION('center_axis',(0.,0.,-1.));
#2231=DIRECTION('ref_axis',(0.707106781186547,0.707106781186548,0.));
#2232=DIRECTION('',(0.,0.,-1.));
#2233=DIRECTION('center_axis',(0.,0.,1.));
#2234=DIRECTION('ref_axis',(0.707106781186547,0.707106781186548,0.));
#2235=DIRECTION('center_axis',(1.,0.,0.));
#2236=DIRECTION('ref_axis',(0.,1.,0.));
#2237=DIRECTION('',(0.,0.,-1.));
#2238=DIRECTION('',(0.,-1.,0.));
#2239=DIRECTION('',(0.,0.,1.));
#2240=DIRECTION('',(0.,1.,0.));
#2241=DIRECTION('center_axis',(0.,-1.,0.));
#2242=DIRECTION('ref_axis',(0.,0.,-1.));
#2243=DIRECTION('',(0.,0.,-1.));
#2244=DIRECTION('',(1.,0.,0.));
#2245=DIRECTION('',(0.,0.,-1.));
#2246=DIRECTION('',(1.,0.,0.));
#2247=DIRECTION('center_axis',(1.,0.,0.));
#2248=DIRECTION('ref_axis',(0.,0.,-1.));
#2249=DIRECTION('',(0.,1.,0.));
#2250=DIRECTION('',(0.,-1.,0.));
#2251=DIRECTION('',(0.,0.,1.));
#2252=DIRECTION('center_axis',(0.,0.,1.));
#2253=DIRECTION('ref_axis',(0.,-1.,0.));
#2254=DIRECTION('',(0.,-1.,0.));
#2255=DIRECTION('',(1.,0.,0.));
#2256=DIRECTION('center_axis',(0.,1.,0.));
#2257=DIRECTION('ref_axis',(0.,0.,1.));
#2258=DIRECTION('',(0.,0.,1.));
#2259=DIRECTION('',(-1.,0.,0.));
#2260=DIRECTION('center_axis',(0.,1.,0.));
#2261=DIRECTION('ref_axis',(0.,0.,1.));
#2262=DIRECTION('',(1.,0.,0.));
#2263=DIRECTION('',(0.,0.,1.));
#2264=DIRECTION('',(1.,0.,0.));
#2265=DIRECTION('center_axis',(0.,0.,-1.));
#2266=DIRECTION('ref_axis',(0.,1.,0.));
#2267=DIRECTION('',(1.,0.,0.));
#2268=DIRECTION('',(0.,1.,0.));
#2269=DIRECTION('center_axis',(0.,-1.,0.));
#2270=DIRECTION('ref_axis',(0.,0.,-1.));
#2271=DIRECTION('',(-1.,0.,0.));
#2272=DIRECTION('',(0.,0.,-1.));
#2273=DIRECTION('center_axis',(1.,0.,0.));
#2274=DIRECTION('ref_axis',(0.,0.,-1.));
#2275=DIRECTION('',(0.,-1.,0.));
#2276=DIRECTION('center_axis',(0.,0.,1.));
#2277=DIRECTION('ref_axis',(0.,1.,0.));
#2278=DIRECTION('',(0.,-1.,0.));
#2279=DIRECTION('',(-1.,0.,0.));
#2280=DIRECTION('',(-1.,0.,0.));
#2281=DIRECTION('',(0.,-1.,0.));
#2282=DIRECTION('center_axis',(0.,0.,-1.));
#2283=DIRECTION('ref_axis',(0.,1.,0.));
#2284=DIRECTION('',(1.,0.,0.));
#2285=DIRECTION('',(0.,1.,0.));
#2286=DIRECTION('',(1.,0.,0.));
#2287=DIRECTION('center_axis',(1.,0.,0.));
#2288=DIRECTION('ref_axis',(0.,1.,0.));
#2289=DIRECTION('center_axis',(1.,0.,0.));
#2290=DIRECTION('ref_axis',(0.,1.,0.));
#2291=DIRECTION('',(1.,0.,0.));
#2292=DIRECTION('center_axis',(1.,0.,0.));
#2293=DIRECTION('ref_axis',(0.,1.,0.));
#2294=DIRECTION('center_axis',(1.,0.,0.));
#2295=DIRECTION('ref_axis',(0.,1.,0.));
#2296=DIRECTION('center_axis',(1.,0.,0.));
#2297=DIRECTION('ref_axis',(0.,1.,0.));
#2298=DIRECTION('',(1.,0.,0.));
#2299=DIRECTION('center_axis',(1.,0.,0.));
#2300=DIRECTION('ref_axis',(0.,1.,0.));
#2301=DIRECTION('center_axis',(1.,0.,0.));
#2302=DIRECTION('ref_axis',(0.,1.,0.));
#2303=DIRECTION('center_axis',(1.,0.,0.));
#2304=DIRECTION('ref_axis',(0.,1.,0.));
#2305=DIRECTION('center_axis',(1.,0.,0.));
#2306=DIRECTION('ref_axis',(0.,1.,0.));
#2307=DIRECTION('',(1.,0.,0.));
#2308=DIRECTION('center_axis',(1.,0.,0.));
#2309=DIRECTION('ref_axis',(0.,1.,0.));
#2310=DIRECTION('center_axis',(1.,0.,0.));
#2311=DIRECTION('ref_axis',(0.,1.,0.));
#2312=DIRECTION('center_axis',(1.,0.,0.));
#2313=DIRECTION('ref_axis',(0.,1.,0.));
#2314=DIRECTION('',(1.,0.,0.));
#2315=DIRECTION('center_axis',(1.,0.,0.));
#2316=DIRECTION('ref_axis',(0.,1.,0.));
#2317=DIRECTION('center_axis',(1.,0.,0.));
#2318=DIRECTION('ref_axis',(0.,1.,0.));
#2319=DIRECTION('center_axis',(0.,0.,-1.));
#2320=DIRECTION('ref_axis',(0.,-1.,0.));
#2321=DIRECTION('',(-1.,0.,0.));
#2322=DIRECTION('',(0.,1.,0.));
#2323=DIRECTION('',(-1.,0.,0.));
#2324=DIRECTION('center_axis',(1.,0.,0.));
#2325=DIRECTION('ref_axis',(0.,0.,-1.));
#2326=DIRECTION('',(0.,0.,-1.));
#2327=DIRECTION('',(0.,0.,1.));
#2328=DIRECTION('center_axis',(1.,0.,0.));
#2329=DIRECTION('ref_axis',(0.,0.,-1.));
#2330=DIRECTION('',(0.,0.,1.));
#2331=DIRECTION('',(0.,0.,-1.));
#2332=DIRECTION('center_axis',(0.,0.,-1.));
#2333=DIRECTION('ref_axis',(0.,1.,0.));
#2334=DIRECTION('',(1.,0.,0.));
#2335=DIRECTION('',(1.,0.,0.));
#2336=DIRECTION('center_axis',(-1.,0.,0.));
#2337=DIRECTION('ref_axis',(0.,-1.,0.));
#2338=DIRECTION('',(0.,0.,-1.));
#2339=DIRECTION('',(0.,-1.,0.));
#2340=DIRECTION('',(0.,0.,1.));
#2341=DIRECTION('center_axis',(0.,-1.,0.));
#2342=DIRECTION('ref_axis',(1.,0.,0.));
#2343=DIRECTION('',(0.,0.,1.));
#2344=DIRECTION('',(1.,0.,0.));
#2345=DIRECTION('center_axis',(1.,0.,0.));
#2346=DIRECTION('ref_axis',(0.,1.,0.));
#2347=DIRECTION('center_axis',(1.,0.,0.));
#2348=DIRECTION('ref_axis',(0.,1.,0.));
#2349=DIRECTION('center_axis',(0.,0.,-1.));
#2350=DIRECTION('ref_axis',(0.,-1.,0.));
#2351=DIRECTION('center_axis',(0.999999999999979,-2.05401622000661E-7,0.));
#2352=DIRECTION('ref_axis',(2.05401622000661E-7,0.999999999999979,0.));
#2353=DIRECTION('',(0.,0.,1.));
#2354=DIRECTION('',(-2.05401622000661E-7,-0.999999999999979,0.));
#2355=DIRECTION('',(1.64562729225204E-9,1.,2.43253745682837E-9));
#2356=DIRECTION('',(0.,0.,1.));
#2357=DIRECTION('center_axis',(0.,1.,0.));
#2358=DIRECTION('ref_axis',(-1.,0.,0.));
#2359=DIRECTION('',(-1.,0.,0.));
#2360=DIRECTION('center_axis',(1.,-1.64562729225204E-9,0.));
#2361=DIRECTION('ref_axis',(1.64562729225204E-9,1.,0.));
#2362=DIRECTION('',(-1.64562729225204E-9,-1.,0.));
#2363=DIRECTION('',(0.,0.,1.));
#2364=DIRECTION('',(-1.64562729225204E-9,-1.,0.));
#2365=DIRECTION('',(1.64562729225204E-9,1.,0.));
#2366=DIRECTION('',(-1.64562729225204E-9,-1.,0.));
#2367=DIRECTION('',(0.,0.,1.));
#2368=DIRECTION('center_axis',(0.,0.,1.));
#2369=DIRECTION('ref_axis',(1.,0.,0.));
#2370=DIRECTION('center_axis',(0.,0.,1.));
#2371=DIRECTION('ref_axis',(1.,0.,0.));
#2372=DIRECTION('center_axis',(0.,0.,1.));
#2373=DIRECTION('ref_axis',(1.,0.,0.));
#2374=DIRECTION('center_axis',(0.,0.,1.));
#2375=DIRECTION('ref_axis',(1.,0.,0.));
#2376=DIRECTION('center_axis',(0.,0.,1.));
#2377=DIRECTION('ref_axis',(1.,0.,0.));
#2378=DIRECTION('',(0.,1.,0.));
#2379=DIRECTION('center_axis',(0.,0.,1.));
#2380=DIRECTION('ref_axis',(-4.4408920985006E-15,1.,0.));
#2381=DIRECTION('',(-1.,0.,0.));
#2382=DIRECTION('center_axis',(0.,0.,1.));
#2383=DIRECTION('ref_axis',(1.,4.44089209850061E-15,0.));
#2384=DIRECTION('',(0.,1.,0.));
#2385=DIRECTION('center_axis',(0.,0.,-1.));
#2386=DIRECTION('ref_axis',(1.,0.,0.));
#2387=DIRECTION('center_axis',(0.,0.,-1.));
#2388=DIRECTION('ref_axis',(1.,0.,0.));
#2389=DIRECTION('center_axis',(0.,0.,-1.));
#2390=DIRECTION('ref_axis',(1.,0.,0.));
#2391=DIRECTION('center_axis',(0.,0.,-1.));
#2392=DIRECTION('ref_axis',(1.,0.,0.));
#2393=DIRECTION('center_axis',(0.,0.,-1.));
#2394=DIRECTION('ref_axis',(1.,0.,0.));
#2395=DIRECTION('center_axis',(0.,0.,1.));
#2396=DIRECTION('ref_axis',(1.,0.,0.));
#2397=DIRECTION('',(-1.,1.64562722423293E-9,0.));
#2398=DIRECTION('center_axis',(0.,0.,-1.));
#2399=DIRECTION('ref_axis',(1.,0.,0.));
#2400=DIRECTION('center_axis',(0.,0.,-1.));
#2401=DIRECTION('ref_axis',(1.,0.,0.));
#2402=DIRECTION('center_axis',(0.,0.,1.));
#2403=DIRECTION('ref_axis',(1.,0.,0.));
#2404=DIRECTION('',(1.,6.83214169000096E-16,0.));
#2405=DIRECTION('',(0.,1.,0.));
#2406=DIRECTION('center_axis',(0.,0.,1.));
#2407=DIRECTION('ref_axis',(1.,4.44089209850061E-15,0.));
#2408=DIRECTION('',(-1.,0.,0.));
#2409=DIRECTION('center_axis',(0.,0.,1.));
#2410=DIRECTION('ref_axis',(-4.4408920985006E-15,1.,0.));
#2411=DIRECTION('',(0.,-1.,0.));
#2412=DIRECTION('center_axis',(0.,0.,-1.));
#2413=DIRECTION('ref_axis',(1.,0.,0.));
#2414=DIRECTION('center_axis',(0.,0.,1.));
#2415=DIRECTION('ref_axis',(1.11538263682411E-8,1.,0.));
#2416=DIRECTION('',(0.,0.,-1.));
#2417=DIRECTION('center_axis',(0.,0.,1.));
#2418=DIRECTION('ref_axis',(1.,0.,0.));
#2419=DIRECTION('center_axis',(0.,0.,-1.));
#2420=DIRECTION('ref_axis',(1.,0.,0.));
#2421=DIRECTION('center_axis',(0.,0.,-1.));
#2422=DIRECTION('ref_axis',(1.,0.,0.));
#2423=DIRECTION('center_axis',(0.,0.,-1.));
#2424=DIRECTION('ref_axis',(1.,0.,0.));
#2425=DIRECTION('center_axis',(0.,0.,1.));
#2426=DIRECTION('ref_axis',(1.,0.,0.));
#2427=DIRECTION('',(0.,0.,1.));
#2428=DIRECTION('center_axis',(0.,0.,1.));
#2429=DIRECTION('ref_axis',(1.,0.,0.));
#2430=DIRECTION('',(-1.,1.64562722423293E-9,0.));
#2431=DIRECTION('center_axis',(0.,0.,-1.));
#2432=DIRECTION('ref_axis',(1.,0.,0.));
#2433=DIRECTION('center_axis',(1.64562722423293E-9,1.,0.));
#2434=DIRECTION('ref_axis',(-1.,1.64562722423293E-9,0.));
#2435=DIRECTION('',(1.,-1.64562722423293E-9,0.));
#2436=DIRECTION('',(1.,-1.64562722423293E-9,0.));
#2437=DIRECTION('center_axis',(6.83214169000096E-16,-1.,0.));
#2438=DIRECTION('ref_axis',(1.,6.83214169000096E-16,0.));
#2439=DIRECTION('',(-1.,-6.83214169000096E-16,0.));
#2440=DIRECTION('center_axis',(0.,0.,1.));
#2441=DIRECTION('ref_axis',(1.,0.,0.));
#2442=DIRECTION('center_axis',(0.,0.,1.));
#2443=DIRECTION('ref_axis',(1.,0.,0.));
#2444=DIRECTION('center_axis',(0.,0.,1.));
#2445=DIRECTION('ref_axis',(1.,0.,0.));
#2446=DIRECTION('',(0.,0.,-1.));
#2447=DIRECTION('center_axis',(0.,0.,1.));
#2448=DIRECTION('ref_axis',(1.,0.,0.));
#2449=DIRECTION('',(0.,0.,-1.));
#2450=DIRECTION('center_axis',(0.,0.,1.));
#2451=DIRECTION('ref_axis',(1.,0.,0.));
#2452=DIRECTION('',(0.,0.,-1.));
#2453=DIRECTION('center_axis',(-1.,0.,0.));
#2454=DIRECTION('ref_axis',(0.,-1.,0.));
#2455=DIRECTION('',(0.,0.,1.));
#2456=DIRECTION('center_axis',(0.,0.,1.));
#2457=DIRECTION('ref_axis',(-4.4408920985006E-15,1.,0.));
#2458=DIRECTION('',(0.,0.,1.));
#2459=DIRECTION('center_axis',(0.,1.,0.));
#2460=DIRECTION('ref_axis',(-1.,0.,0.));
#2461=DIRECTION('',(0.,0.,1.));
#2462=DIRECTION('center_axis',(0.,0.,1.));
#2463=DIRECTION('ref_axis',(1.,4.44089209850061E-15,0.));
#2464=DIRECTION('',(0.,0.,1.));
#2465=DIRECTION('center_axis',(1.,0.,0.));
#2466=DIRECTION('ref_axis',(0.,1.,0.));
#2467=DIRECTION('center_axis',(0.,0.,1.));
#2468=DIRECTION('ref_axis',(1.,0.,0.));
#2469=DIRECTION('',(0.,0.,1.));
#2470=DIRECTION('',(1.,0.,0.));
#2471=CARTESIAN_POINT('',(0.,0.,0.));
#2472=CARTESIAN_POINT('',(0.,0.,0.));
#2473=CARTESIAN_POINT('Origin',(0.,0.,43.8918147089696));
#2474=CARTESIAN_POINT('',(10.386996482533,-15.9094407215291,42.3918147089696));
#2475=CARTESIAN_POINT('',(11.,-13.9000000000009,43.6658450598919));
#2476=CARTESIAN_POINT('Ctrl Pts',(11.,-13.9000000000009,43.6658450598919));
#2477=CARTESIAN_POINT('Ctrl Pts',(11.,-14.1154367609914,43.4969081251543));
#2478=CARTESIAN_POINT('Ctrl Pts',(10.9805712406482,-14.3326900224575,43.3370875885181));
#2479=CARTESIAN_POINT('Ctrl Pts',(10.8602310247853,-14.9907930916418,42.8834704779747));
#2480=CARTESIAN_POINT('Ctrl Pts',(10.6799514815553,-15.4739685315584,42.5962987325395));
#2481=CARTESIAN_POINT('Ctrl Pts',(10.386996482533,-15.9094407215291,42.3918147089697));
#2482=CARTESIAN_POINT('',(10.3869964825307,15.9094407215305,42.3918147089696));
#2483=CARTESIAN_POINT('Origin',(0.,0.,42.3918147089696));
#2484=CARTESIAN_POINT('',(11.,13.8999999999991,43.6658450598933));
#2485=CARTESIAN_POINT('Ctrl Pts',(10.3869964825308,15.9094407215305,42.3918147089696));
#2486=CARTESIAN_POINT('Ctrl Pts',(10.6799514815544,15.4739685315589,42.5962987325396));
#2487=CARTESIAN_POINT('Ctrl Pts',(10.8602310247851,14.9907930916409,42.8834704779755));
#2488=CARTESIAN_POINT('Ctrl Pts',(10.9805712406482,14.3326900224555,43.3370875885197));
#2489=CARTESIAN_POINT('Ctrl Pts',(11.,14.1154367609894,43.4969081251558));
#2490=CARTESIAN_POINT('Ctrl Pts',(11.,13.8999999999991,43.6658450598934));
#2491=CARTESIAN_POINT('',(11.,11.6189500386223,45.3918147089696));
#2492=CARTESIAN_POINT('Ctrl Pts',(11.,11.6189500385722,45.391814709006));
#2493=CARTESIAN_POINT('Ctrl Pts',(11.,12.7011071940975,44.6059690887585));
#2494=CARTESIAN_POINT('Ctrl Pts',(11.,13.8999999999984,43.6658450598939));
#2495=CARTESIAN_POINT('',(11.,-11.6189500386223,45.3918147089696));
#2496=CARTESIAN_POINT('Origin',(0.,0.,45.3918147089696));
#2497=CARTESIAN_POINT('Ctrl Pts',(11.,-13.9000000000002,43.6658450598925));
#2498=CARTESIAN_POINT('Ctrl Pts',(11.,-12.7011071940983,44.6059690887579));
#2499=CARTESIAN_POINT('Ctrl Pts',(11.,-11.6189500385722,45.391814709006));
#2500=CARTESIAN_POINT('Origin',(19.,17.4999999999991,45.3918147089696));
#2501=CARTESIAN_POINT('',(11.,17.4999999999991,45.3918147089696));
#2502=CARTESIAN_POINT('Origin',(-1.73169865701981,-14.5000000000009,57.7942244094877));
#2503=CARTESIAN_POINT('',(1.3881305549468E-8,-17.5000000000009,60.3539910715623));
#2504=CARTESIAN_POINT('',(-6.50000011737611,-17.5000000000009,50.7458046595376));
#2505=CARTESIAN_POINT('',(-1.73169865701981,-17.5000000000009,57.7942244094877));
#2506=CARTESIAN_POINT('',(-4.01519124016237,-14.5000000000009,49.0648154139682));
#2507=CARTESIAN_POINT('Origin',(-6.50000011737611,-14.5000000000009,50.7458046595376));
#2508=CARTESIAN_POINT('',(0.,-14.5000000000009,55.0000008195639));
#2509=CARTESIAN_POINT('',(0.75311022019393,-14.5000000000009,56.1132351639183));
#2510=CARTESIAN_POINT('Origin',(1.3881306659691E-8,-14.5000000000009,60.3539910715623));
#2511=CARTESIAN_POINT('Origin',(10.9471176526195,-14.5000000000009,44.1721532256292));
#2512=CARTESIAN_POINT('',(4.01519099669353,-14.5000000000009,49.0648157075462));
#2513=CARTESIAN_POINT('',(8.46230876668915,-14.5000000000009,42.4911639929446));
#2514=CARTESIAN_POINT('',(6.49999988262389,-17.5000000000009,50.7458049402308));
#2515=CARTESIAN_POINT('Origin',(6.49999988262389,-14.5000000000009,50.7458049402308));
#2516=CARTESIAN_POINT('',(10.9471176526195,-17.5000000000009,44.1721532256292));
#2517=CARTESIAN_POINT('Origin',(-1.73169865701981,-14.5000000000009,57.7942244094877));
#2518=CARTESIAN_POINT('',(-6.50000011544904,-16.3289774733794,46.5018910569812));
#2519=CARTESIAN_POINT('Origin',(-6.50000011243923,-14.5000000000009,50.7458046668352));
#2520=CARTESIAN_POINT('',(-5.98480898965297,-14.5000000000009,46.1533609346777));
#2521=CARTESIAN_POINT('Origin',(-8.46961786686672,-14.5000000000009,47.8343501802471));
#2522=CARTESIAN_POINT('',(0.75311022019393,-14.5000000000009,56.1132351639183));
#2523=CARTESIAN_POINT('Origin',(-3.50000011243923,-14.5000000000009,44.4723716891084));
#2524=CARTESIAN_POINT('',(-6.50000011243923,-14.5000000000009,44.4723716891084));
#2525=CARTESIAN_POINT('Ctrl Pts',(-6.50000011243923,-14.5000000049378,44.4723716891084));
#2526=CARTESIAN_POINT('Ctrl Pts',(-6.50000011312323,-14.9156473378685,44.8880190220391));
#2527=CARTESIAN_POINT('Ctrl Pts',(-6.50000011387754,-15.3740229664488,45.3446976968128));
#2528=CARTESIAN_POINT('Ctrl Pts',(-6.50000011487813,-15.9820483416854,46.0491499198991));
#2529=CARTESIAN_POINT('Ctrl Pts',(-6.50000011517529,-16.1626245162421,46.2735494850843));
#2530=CARTESIAN_POINT('Ctrl Pts',(-6.50000011544904,-16.3289774733794,46.5018910569812));
#2531=CARTESIAN_POINT('Origin',(-3.50000011243923,-14.5000000000009,44.4723716891084));
#2532=CARTESIAN_POINT('Origin',(10.9471176526195,-14.5000000000009,44.1721532256292));
#2533=CARTESIAN_POINT('',(6.49999988455096,-16.3289774474102,46.5018912638016));
#2534=CARTESIAN_POINT('Origin',(6.49999988756077,-14.5000000000009,50.7458049329332));
#2535=CARTESIAN_POINT('',(5.98480877349112,-14.5000000000009,46.1533611553615));
#2536=CARTESIAN_POINT('',(8.46230876668915,-14.5000000000009,42.4911639929446));
#2537=CARTESIAN_POINT('Origin',(8.46961765942148,-14.5000000000009,47.8343503880461));
#2538=CARTESIAN_POINT('Origin',(3.49999988756077,-14.5000000000009,44.4723719226769));
#2539=CARTESIAN_POINT('',(6.49999988756077,-14.5000000000009,44.4723719226769));
#2540=CARTESIAN_POINT('Ctrl Pts',(6.49999988455096,-16.3289774474102,46.5018912638016));
#2541=CARTESIAN_POINT('Ctrl Pts',(6.49999988482471,-16.1626244952027,46.2735497012721));
#2542=CARTESIAN_POINT('Ctrl Pts',(6.49999988512187,-15.9820483269499,46.0491501452469));
#2543=CARTESIAN_POINT('Ctrl Pts',(6.49999988612246,-15.3740229576894,45.3446979308614));
#2544=CARTESIAN_POINT('Ctrl Pts',(6.49999988687677,-14.9156473283762,44.888019255989));
#2545=CARTESIAN_POINT('Ctrl Pts',(6.49999988756077,-14.4999999950641,44.4723719226769));
#2546=CARTESIAN_POINT('Origin',(3.49999988756077,-14.5000000000009,44.4723719226769));
#2547=CARTESIAN_POINT('Origin',(3.49999993968602,17.1750000525602,44.4723718456262));
#2548=CARTESIAN_POINT('',(5.98480882121432,14.4999999999991,46.1533610848179));
#2549=CARTESIAN_POINT('',(5.98480882561637,17.1750000525602,46.1533610783108));
#2550=CARTESIAN_POINT('',(6.49999993528397,14.4999999999991,44.4723718521333));
#2551=CARTESIAN_POINT('Origin',(3.49999993528396,14.4999999999991,44.4723718521333));
#2552=CARTESIAN_POINT('',(6.49999993968602,17.1750000476233,44.4723718456262));
#2553=CARTESIAN_POINT('Origin',(6.49999985471368,17.4999999999991,45.3918147089696));
#2554=CARTESIAN_POINT('',(0.,14.4999999999991,55.0000008195639));
#2555=CARTESIAN_POINT('',(0.,17.4999999999991,55.0000008195639));
#2556=CARTESIAN_POINT('',(4.01519096878332,14.4999999999991,49.0648157488026));
#2557=CARTESIAN_POINT('',(-1.28387752587603,14.4999999999991,56.897806125341));
#2558=CARTESIAN_POINT('',(-1.28387752587603,14.4999999999991,56.897806125341));
#2559=CARTESIAN_POINT('Origin',(8.01448767606041,14.4999999999991,72.2008664408082));
#2560=CARTESIAN_POINT('',(-4.01519105012402,14.4999999999991,49.0648156948796));
#2561=CARTESIAN_POINT('',(10.4992965532742,14.4999999999991,70.5198771952389));
#2562=CARTESIAN_POINT('',(-6.49999992733776,17.4999999999991,50.7458049404489));
#2563=CARTESIAN_POINT('Origin',(-6.49999992733776,14.4999999999991,50.7458049404489));
#2564=CARTESIAN_POINT('',(1.38813041616892E-8,17.4999999999991,60.3539910715623));
#2565=CARTESIAN_POINT('',(8.01448767606041,17.4999999999991,72.2008664408082));
#2566=CARTESIAN_POINT('Origin',(1.38813049943565E-8,14.4999999999991,60.3539910715623));
#2567=CARTESIAN_POINT('Origin',(1.20093136005433,14.4999999999991,58.5787953580256));
#2568=CARTESIAN_POINT('',(6.49999985471368,17.4999999999991,50.7458049814872));
#2569=CARTESIAN_POINT('',(1.20093136005433,17.4999999999991,58.5787953580256));
#2570=CARTESIAN_POINT('Origin',(6.49999985471368,14.4999999999991,50.7458049814872));
#2571=CARTESIAN_POINT('Origin',(8.01448767606041,14.4999999999991,72.2008664408082));
#2572=CARTESIAN_POINT('',(-6.50000016786766,16.328977630575,46.5018911952713));
#2573=CARTESIAN_POINT('Origin',(-6.50000054354263,14.4999999999991,50.7458040295857));
#2574=CARTESIAN_POINT('',(-5.98480894192978,14.4999999999991,46.1533610052213));
#2575=CARTESIAN_POINT('',(10.4992965532742,14.4999999999991,70.5198771952389));
#2576=CARTESIAN_POINT('Origin',(-8.46961781914353,14.4999999999991,47.8343502507907));
#2577=CARTESIAN_POINT('Origin',(-3.50000006471604,14.4999999999991,44.472371759652));
#2578=CARTESIAN_POINT('',(-6.50000006471604,14.4999999999991,44.472371759652));
#2579=CARTESIAN_POINT('Ctrl Pts',(-6.50000016786765,16.328977630575,46.5018911952713));
#2580=CARTESIAN_POINT('Ctrl Pts',(-6.50000020203684,16.1626246085486,46.2735494521574));
#2581=CARTESIAN_POINT('Ctrl Pts',(-6.50000023912749,15.9820483613159,46.0491497071993));
#2582=CARTESIAN_POINT('Ctrl Pts',(-6.50000036401686,15.3740231188403,45.3446971218088));
#2583=CARTESIAN_POINT('Ctrl Pts',(-6.50000045816812,14.9156467078531,44.8880191168813));
#2584=CARTESIAN_POINT('Ctrl Pts',(-6.50000054354275,14.4999993837943,44.472371759652));
#2585=CARTESIAN_POINT('Origin',(-3.50000006471604,14.4999999999991,44.472371759652));
#2586=CARTESIAN_POINT('Origin',(1.20093136005433,14.4999999999991,58.5787953580256));
#2587=CARTESIAN_POINT('',(6.49999985471368,16.3289773256579,46.5018911407879));
#2588=CARTESIAN_POINT('Origin',(6.49999985471368,14.4999999999991,50.7458049814872));
#2589=CARTESIAN_POINT('Origin',(8.46961770714468,14.4999999999991,47.8343503175025));
#2590=CARTESIAN_POINT('Origin',(3.49999993528396,14.4999999999991,44.4723718521333));
#2591=CARTESIAN_POINT('Ctrl Pts',(6.49999985471368,14.4999999999991,44.4723718521333));
#2592=CARTESIAN_POINT('Ctrl Pts',(6.49999985471368,14.9156473386508,44.8880191852035));
#2593=CARTESIAN_POINT('Ctrl Pts',(6.49999985471368,15.3740228437033,45.3446979737835));
#2594=CARTESIAN_POINT('Ctrl Pts',(6.49999985471368,15.9820482379364,46.0491501123357));
#2595=CARTESIAN_POINT('Ctrl Pts',(6.49999985471368,16.162624387949,46.2735496227561));
#2596=CARTESIAN_POINT('Ctrl Pts',(6.49999985471368,16.3289773256579,46.5018911407879));
#2597=CARTESIAN_POINT('Origin',(19.,17.4999999999991,87.3918147089696));
#2598=CARTESIAN_POINT('',(-6.49999992733776,17.4999999999991,87.3918147089696));
#2599=CARTESIAN_POINT('',(-6.49999992733776,17.4999999999991,43.6959073544848));
#2600=CARTESIAN_POINT('',(4.52250108601124,17.4999999999989,87.3918147089694));
#2601=CARTESIAN_POINT('',(19.,17.4999999999991,87.3918147089696));
#2602=CARTESIAN_POINT('',(6.49999985471368,17.4999999999991,86.9809597885618));
#2603=CARTESIAN_POINT('Ctrl Pts',(4.522501086012,17.4999999999991,87.3918147089696));
#2604=CARTESIAN_POINT('Ctrl Pts',(5.02152093098078,17.4999999999991,87.3918147089696));
#2605=CARTESIAN_POINT('Ctrl Pts',(5.52380735224556,17.4999999999991,87.3267079571509));
#2606=CARTESIAN_POINT('Ctrl Pts',(6.16977428925622,17.4999999999991,87.1232599961859));
#2607=CARTESIAN_POINT('Ctrl Pts',(6.3378069376508,17.4999999999991,87.0580987422579));
#2608=CARTESIAN_POINT('Ctrl Pts',(6.49999985471368,17.4999999999991,86.9809597885618));
#2609=CARTESIAN_POINT('',(6.49999985471368,17.4999999999991,43.6959073544848));
#2610=CARTESIAN_POINT('Origin',(-3.50000007890957,5.8749999644733,44.4723717386714));
#2611=CARTESIAN_POINT('',(-5.9848089608545,3.00000004470348,46.1533609772471));
#2612=CARTESIAN_POINT('',(-5.98480895612332,5.8749999644733,46.1533609842407));
#2613=CARTESIAN_POINT('',(-6.50000008364075,3.00000004470348,44.4723717316778));
#2614=CARTESIAN_POINT('Origin',(-3.50000008364075,3.00000004470348,44.4723717316778));
#2615=CARTESIAN_POINT('',(-6.50000007890957,5.87499996941018,44.4723717386714));
#2616=CARTESIAN_POINT('Origin',(0.,17.4999999999991,55.0000008195639));
#2617=CARTESIAN_POINT('',(-5.9848089789564,-7.99999995529652,46.1533609504892));
#2618=CARTESIAN_POINT('',(-5.98480895612332,5.8749999644733,46.1533609842407));
#2619=CARTESIAN_POINT('',(-3.00000013411045,-7.99999995529652,50.5654531360923));
#2620=CARTESIAN_POINT('',(-0.252602147876304,-7.99999995529652,54.6266087463542));
#2621=CARTESIAN_POINT('',(-3.00000013411045,3.00000004470348,50.5654531360923));
#2622=CARTESIAN_POINT('',(-3.,8.74999999999953,50.565453334332));
#2623=CARTESIAN_POINT('',(-6.51800764771359,3.00000004470348,45.3651960119338));
#2624=CARTESIAN_POINT('Origin',(6.49999993915119,16.8499999893034,0.));
#2625=CARTESIAN_POINT('',(6.49999988262389,-17.5000000000009,86.9809597752908));
#2626=CARTESIAN_POINT('',(6.49999988262389,-17.5000000000009,22.6959073544848));
#2627=CARTESIAN_POINT('',(6.49999985471368,16.85,44.4723718464168));
#2628=CARTESIAN_POINT('',(6.49999993968602,17.1750000476233,44.4723718456262));
#2629=CARTESIAN_POINT('',(6.49999985471368,16.85,10.216));
#2630=CARTESIAN_POINT('',(6.49999985471368,16.85,0.));
#2631=CARTESIAN_POINT('',(6.49999985471368,16.85,2.255));
#2632=CARTESIAN_POINT('',(6.49999985471368,16.85,0.));
#2633=CARTESIAN_POINT('',(6.49999991909706,4.66368963930257,2.255));
#2634=CARTESIAN_POINT('',(6.49999992613016,8.93749987167738,2.255));
#2635=CARTESIAN_POINT('',(6.49999990374767,-4.66368966069573,2.255));
#2636=CARTESIAN_POINT('',(6.49999992528678,8.42499998992053,2.255));
#2637=CARTESIAN_POINT('',(6.49999990196001,-5.75000001069658,2.255));
#2638=CARTESIAN_POINT('',(6.49999992613016,8.93749987167738,2.255));
#2639=CARTESIAN_POINT('',(6.49999990196001,-5.75000001069658,10.216));
#2640=CARTESIAN_POINT('',(6.49999990196001,-5.75000001069658,0.));
#2641=CARTESIAN_POINT('',(6.49999988204204,-17.8535711143024,10.216));
#2642=CARTESIAN_POINT('',(6.49999992613016,8.93749987167738,10.216));
#2643=CARTESIAN_POINT('',(6.49999988204204,-17.8535711143024,87.928605716173));
#2644=CARTESIAN_POINT('',(6.49999988204204,-17.8535711143024,0.));
#2645=CARTESIAN_POINT('Ctrl Pts',(6.49999988204204,-17.8535711143024,87.928605716173));
#2646=CARTESIAN_POINT('Ctrl Pts',(6.49999988225465,-17.7243764098355,87.6840187487666));
#2647=CARTESIAN_POINT('Ctrl Pts',(6.49999988242331,-17.6218885069496,87.4262758011671));
#2648=CARTESIAN_POINT('Ctrl Pts',(6.49999988257539,-17.5294698995273,87.1001296999414));
#2649=CARTESIAN_POINT('Ctrl Pts',(6.49999988260074,-17.5140684217346,87.0406846818257));
#2650=CARTESIAN_POINT('Ctrl Pts',(6.49999988262389,-17.5000000000009,86.9809597752908));
#2651=CARTESIAN_POINT('Origin',(6.49999985471368,17.8535711242519,0.));
#2652=CARTESIAN_POINT('',(6.49999985471368,17.8535711242519,87.9286057359001));
#2653=CARTESIAN_POINT('Ctrl Pts',(6.49999985471368,17.4999999999991,86.9809597885618));
#2654=CARTESIAN_POINT('Ctrl Pts',(6.49999985471368,17.5139858149178,87.0403340012927));
#2655=CARTESIAN_POINT('Ctrl Pts',(6.49999985471368,17.5292890831941,87.0994316315139));
#2656=CARTESIAN_POINT('Ctrl Pts',(6.49999985471368,17.621621834053,87.4256046536413));
#2657=CARTESIAN_POINT('Ctrl Pts',(6.49999985471368,17.7242078399936,87.6836996236013));
#2658=CARTESIAN_POINT('Ctrl Pts',(6.49999985471368,17.8535711242519,87.9286057359001));
#2659=CARTESIAN_POINT('',(6.49999985471368,17.8535711242519,10.216));
#2660=CARTESIAN_POINT('',(6.49999985471368,17.8535711242519,0.));
#2661=CARTESIAN_POINT('',(6.49999985471368,9.43928544449992,10.216));
#2662=CARTESIAN_POINT('Origin',(-3.50000007890957,5.8749999644733,44.4723717386714));
#2663=CARTESIAN_POINT('',(-6.50000010174265,-7.99999995529652,44.4723717049199));
#2664=CARTESIAN_POINT('',(-6.50000007890957,5.87499996941018,44.4723717386714));
#2665=CARTESIAN_POINT('Origin',(-3.50000010174265,-7.99999995529652,44.4723717049199));
#2666=CARTESIAN_POINT('Origin',(-3.,0.,90.0000017881393));
#2667=CARTESIAN_POINT('',(-3.00000013411045,-7.99999995529652,60.0000008940697));
#2668=CARTESIAN_POINT('',(-3.00000013411045,-7.99999995529652,60.0000008940697));
#2669=CARTESIAN_POINT('',(-3.,-10.1,60.0000017881393));
#2670=CARTESIAN_POINT('',(-3.,-10.1,60.0000017881393));
#2671=CARTESIAN_POINT('',(-3.,-10.1,69.6000017881393));
#2672=CARTESIAN_POINT('',(-3.,-10.1,120.000001788139));
#2673=CARTESIAN_POINT('',(-3.,-2.,69.6000017881394));
#2674=CARTESIAN_POINT('',(-3.,-5.05,69.6000017881394));
#2675=CARTESIAN_POINT('',(-3.,-2.,62.1000017881393));
#2676=CARTESIAN_POINT('',(-3.,-2.,79.8000017881394));
#2677=CARTESIAN_POINT('',(-3.,2.,62.1000017881393));
#2678=CARTESIAN_POINT('',(-3.,-1.,62.1000017881394));
#2679=CARTESIAN_POINT('',(-3.,2.,69.6000017881394));
#2680=CARTESIAN_POINT('',(-3.,2.,76.0500017881394));
#2681=CARTESIAN_POINT('',(-3.,10.1,69.6000017881393));
#2682=CARTESIAN_POINT('',(-3.,-5.05,69.6000017881394));
#2683=CARTESIAN_POINT('',(-3.,10.1,60.0000017881393));
#2684=CARTESIAN_POINT('',(-3.,10.1,120.000001788139));
#2685=CARTESIAN_POINT('',(-3.00000013411045,3.00000004470348,60.0000008940697));
#2686=CARTESIAN_POINT('',(-3.,-10.1,60.0000017881393));
#2687=CARTESIAN_POINT('',(-3.00000013411045,3.00000004470348,33.0000008940697));
#2688=CARTESIAN_POINT('',(-3.,3.8,65.9000017881393));
#2689=CARTESIAN_POINT('Origin',(-3.,5.05,65.9000017881393));
#2690=CARTESIAN_POINT('',(-3.,-6.3,65.9000017881393));
#2691=CARTESIAN_POINT('Origin',(-3.,-5.05,65.9000017881393));
#2692=CARTESIAN_POINT('Origin',(-9.00000013411045,-7.99999995529652,60.0000008940697));
#2693=CARTESIAN_POINT('',(-6.50000010174265,-7.99999995529652,33.0000008940697));
#2694=CARTESIAN_POINT('',(-6.50000010174265,-7.99999995529652,30.0000004470348));
#2695=CARTESIAN_POINT('',(-9.00000013411045,-7.99999995529652,33.0000008940697));
#2696=CARTESIAN_POINT('',(-9.00000013411045,-7.99999995529652,33.0000008940697));
#2697=CARTESIAN_POINT('',(-9.00000013411045,-7.99999995529652,60.0000008940697));
#2698=CARTESIAN_POINT('',(-9.00000013411045,-7.99999995529652,30.0000004470348));
#2699=CARTESIAN_POINT('',(-14.5000000670552,-7.99999995529652,60.0000017881393));
#2700=CARTESIAN_POINT('Origin',(19.,-17.5000000000009,45.3918147089696));
#2701=CARTESIAN_POINT('',(4.52250108600202,-17.499999999998,87.3918147089681));
#2702=CARTESIAN_POINT('Ctrl Pts',(6.49999988262389,-17.5000000000009,86.9809597752908));
#2703=CARTESIAN_POINT('Ctrl Pts',(6.33781496353398,-17.5000000000009,87.0580949268434));
#2704=CARTESIAN_POINT('Ctrl Pts',(6.16979088891677,-17.5000000000009,87.1232535597432));
#2705=CARTESIAN_POINT('Ctrl Pts',(5.52382534420899,-17.5000000000009,87.3267056304406));
#2706=CARTESIAN_POINT('Ctrl Pts',(5.02152984761187,-17.5000000000009,87.3918147089725));
#2707=CARTESIAN_POINT('Ctrl Pts',(4.52250108601275,-17.5000000000009,87.3918147089725));
#2708=CARTESIAN_POINT('',(-6.50000011737611,-17.4999999999991,87.3918147089697));
#2709=CARTESIAN_POINT('',(19.,-17.4999999999991,87.3918147089697));
#2710=CARTESIAN_POINT('',(-6.50000011737611,-17.5000000000009,22.6959073544848));
#2711=CARTESIAN_POINT('Origin',(-9.00000013411045,-4.99999995529652,33.0000008940697));
#2712=CARTESIAN_POINT('',(-6.50000009680577,-4.99999995529652,30.0000008940697));
#2713=CARTESIAN_POINT('Origin',(-6.50000009680577,-4.99999995529652,33.0000008940697));
#2714=CARTESIAN_POINT('',(-9.00000013411045,-4.99999995529652,30.0000008940697));
#2715=CARTESIAN_POINT('',(-9.00000013411045,-4.99999995529652,30.0000008940697));
#2716=CARTESIAN_POINT('Origin',(-9.00000013411045,-4.99999995529652,33.0000008940697));
#2717=CARTESIAN_POINT('Origin',(-9.00000013411045,-4.99999995529652,30.0000008940697));
#2718=CARTESIAN_POINT('',(-6.50000008857763,4.47034842925959E-8,30.0000008940697));
#2719=CARTESIAN_POINT('',(-6.50000009742288,-5.37499997435701,30.0000008940697));
#2720=CARTESIAN_POINT('',(-9.00000013411045,4.47034842925959E-8,30.0000008940697));
#2721=CARTESIAN_POINT('',(-9.00000013411045,4.47034842925959E-8,30.0000008940697));
#2722=CARTESIAN_POINT('',(-9.00000013411045,4.00000011920929,30.0000008940697));
#2723=CARTESIAN_POINT('Origin',(-9.00000013411045,3.00000004470348,33.0000008940697));
#2724=CARTESIAN_POINT('',(-9.00000013411045,3.00000004470348,60.0000008940697));
#2725=CARTESIAN_POINT('',(-14.5000000670552,3.00000004470348,60.0000017881393));
#2726=CARTESIAN_POINT('',(-9.00000013411045,3.00000004470348,33.0000008940697));
#2727=CARTESIAN_POINT('',(-9.00000013411045,3.00000004470348,16.5000004470348));
#2728=CARTESIAN_POINT('',(-6.50000008364075,3.00000004470348,33.0000008940697));
#2729=CARTESIAN_POINT('',(-9.00000013411045,3.00000004470348,33.0000008940697));
#2730=CARTESIAN_POINT('',(-6.50000008364075,3.00000004470348,16.5000004470348));
#2731=CARTESIAN_POINT('Origin',(-9.00000013411045,4.47034841088989E-8,33.0000008940697));
#2732=CARTESIAN_POINT('Origin',(-6.50000008857763,4.47034841088989E-8,33.0000008940697));
#2733=CARTESIAN_POINT('Origin',(-9.00000013411045,4.47034841088989E-8,33.0000008940697));
#2734=CARTESIAN_POINT('Origin',(-20.,-10.1,60.0000017881393));
#2735=CARTESIAN_POINT('',(-9.00000013411045,-10.1,60.0000017881393));
#2736=CARTESIAN_POINT('',(-9.00000013411045,1.45000009685755,60.0000017881393));
#2737=CARTESIAN_POINT('',(-20.,-10.1,60.0000017881393));
#2738=CARTESIAN_POINT('Origin',(-20.,-10.1,60.0000017881393));
#2739=CARTESIAN_POINT('',(-9.00000013411045,10.1,60.0000017881393));
#2740=CARTESIAN_POINT('',(-20.,10.1,60.0000017881393));
#2741=CARTESIAN_POINT('',(-9.00000013411045,1.45000009685755,60.0000017881393));
#2742=CARTESIAN_POINT('Ctrl Pts',(11.,-13.8999999916237,78.7034500325253));
#2743=CARTESIAN_POINT('Ctrl Pts',(11.0000000015554,-14.5684054301387,79.6189588183793));
#2744=CARTESIAN_POINT('Ctrl Pts',(10.7272412735806,-15.4925499209362,81.1899424050387));
#2745=CARTESIAN_POINT('Ctrl Pts',(9.98800012850366,-16.4570361804106,83.3465361414804));
#2746=CARTESIAN_POINT('Ctrl Pts',(9.3701030787593,-16.9453012859621,84.6441299045174));
#2747=CARTESIAN_POINT('Ctrl Pts',(8.76148410538388,-17.2460072369146,85.534966288994));
#2748=CARTESIAN_POINT('Ctrl Pts',(8.06810194716099,-17.4744838101659,86.2611045129783));
#2749=CARTESIAN_POINT('Ctrl Pts',(7.33687583872591,-17.5299708933438,86.4535031907348));
#2750=CARTESIAN_POINT('Ctrl Pts',(6.55095412530069,-17.4152865223547,86.0711281615604));
#2751=CARTESIAN_POINT('Ctrl Pts',(6.19976227574854,-17.3039874624164,85.7153738308803));
#2752=CARTESIAN_POINT('Ctrl Pts',(5.96125054300146,-17.1999999999989,85.401839834753));
#2753=CARTESIAN_POINT('Ctrl Pts',(10.9999999985837,-13.2913848296889,79.5921398856115));
#2754=CARTESIAN_POINT('Ctrl Pts',(11.1161642799706,-13.9405270132397,80.4068588545031));
#2755=CARTESIAN_POINT('Ctrl Pts',(11.0015780660704,-14.960462305168,81.8405003135794));
#2756=CARTESIAN_POINT('Ctrl Pts',(10.3170541629063,-16.1397740527745,83.8608472286157));
#2757=CARTESIAN_POINT('Ctrl Pts',(9.66352732562766,-16.7661379808067,85.0911486602507));
#2758=CARTESIAN_POINT('Ctrl Pts',(8.98195576114511,-17.1614559294017,85.9403201973126));
#2759=CARTESIAN_POINT('Ctrl Pts',(8.18555953526237,-17.4657783083868,86.6347346107912));
#2760=CARTESIAN_POINT('Ctrl Pts',(7.32514770974742,-17.5406507294377,86.8194529322501));
#2761=CARTESIAN_POINT('Ctrl Pts',(6.40759245892182,-17.386536097491,86.4531510719946));
#2762=CARTESIAN_POINT('Ctrl Pts',(6.00310609499417,-17.2379595221052,86.1129503651976));
#2763=CARTESIAN_POINT('Ctrl Pts',(5.73370067403593,-17.1007917422975,85.8138508402604));
#2764=CARTESIAN_POINT('Ctrl Pts',(11.9038943742625,-12.2376664027194,81.130762205193));
#2765=CARTESIAN_POINT('Ctrl Pts',(12.0840437959303,-13.0221701984484,81.7794505067154));
#2766=CARTESIAN_POINT('Ctrl Pts',(11.9856125435042,-14.3180636809613,82.9749304856319));
#2767=CARTESIAN_POINT('Ctrl Pts',(11.1254780703352,-15.8391268747492,84.7617424061116));
#2768=CARTESIAN_POINT('Ctrl Pts',(10.2953122088142,-16.6504805679527,85.8736722185107));
#2769=CARTESIAN_POINT('Ctrl Pts',(9.42346694271787,-17.1619805412377,86.650460514278));
#2770=CARTESIAN_POINT('Ctrl Pts',(8.40467816461844,-17.5558150909908,87.2892552137262));
#2771=CARTESIAN_POINT('Ctrl Pts',(7.30382971459551,-17.6528759809902,87.4601724220497));
#2772=CARTESIAN_POINT('Ctrl Pts',(6.1293003871623,-17.4536470361215,87.1218489109174));
#2773=CARTESIAN_POINT('Ctrl Pts',(5.61193844467928,-17.2615569045825,86.808564131028));
#2774=CARTESIAN_POINT('Ctrl Pts',(5.26726881066678,-17.0841119017432,86.5345635389086));
#2775=CARTESIAN_POINT('Ctrl Pts',(13.7921618884007,-11.8658536455144,81.6736770737953));
#2776=CARTESIAN_POINT('Ctrl Pts',(13.8453319300647,-12.9056668170425,82.3846484712701));
#2777=CARTESIAN_POINT('Ctrl Pts',(13.4341701303952,-14.4159404676061,83.6387300907326));
#2778=CARTESIAN_POINT('Ctrl Pts',(12.1405065731768,-16.0544154550297,85.4222953339291));
#2779=CARTESIAN_POINT('Ctrl Pts',(11.0266131783544,-16.8989225905261,86.513175240832));
#2780=CARTESIAN_POINT('Ctrl Pts',(9.91292370064458,-17.4237175119556,87.2682565639589));
#2781=CARTESIAN_POINT('Ctrl Pts',(8.63659924402357,-17.8243944501125,87.8866260333752));
#2782=CARTESIAN_POINT('Ctrl Pts',(7.28273089900159,-17.9222064706355,88.0513795350563));
#2783=CARTESIAN_POINT('Ctrl Pts',(5.83008261484284,-17.7204488025882,87.7248451160689));
#2784=CARTESIAN_POINT('Ctrl Pts',(5.18325293967734,-17.5251177838117,87.4218255908288));
#2785=CARTESIAN_POINT('Ctrl Pts',(4.74591368462379,-17.3434234889305,87.1557667370619));
#2786=CARTESIAN_POINT('Ctrl Pts',(14.6,-11.8658536442348,81.6736770729189));
#2787=CARTESIAN_POINT('Ctrl Pts',(14.6000000031108,-13.0070336612116,82.4552089632821));
#2788=CARTESIAN_POINT('Ctrl Pts',(14.0544825471612,-14.5848413284268,83.7962925128694));
#2789=CARTESIAN_POINT('Ctrl Pts',(12.5760002570074,-16.231525186066,85.6372871659293));
#2790=CARTESIAN_POINT('Ctrl Pts',(11.3402061575186,-17.0651485370076,86.7449891587658));
#2791=CARTESIAN_POINT('Ctrl Pts',(10.1229682107678,-17.5785489410729,87.5054592430751));
#2792=CARTESIAN_POINT('Ctrl Pts',(8.73620389432182,-17.9686308954044,88.1253333367203));
#2793=CARTESIAN_POINT('Ctrl Pts',(7.27375167745186,-18.0633649398544,88.2895761104148));
#2794=CARTESIAN_POINT('Ctrl Pts',(5.70190825060133,-17.8675623552389,87.963158402583));
#2795=CARTESIAN_POINT('Ctrl Pts',(4.99952455149709,-17.6775395699784,87.6594656812707));
#2796=CARTESIAN_POINT('Ctrl Pts',(4.52250108600292,-17.4999999999973,87.391814708967));
#2797=CARTESIAN_POINT('',(7.8081215343972,-17.4767914131478,86.2757470698727));
#2798=CARTESIAN_POINT('',(6.90746098782306,-17.6999147653796,87.5591969204611));
#2799=CARTESIAN_POINT('Ctrl Pts',(7.80812153486319,-17.4767914130947,86.2757470695208));
#2800=CARTESIAN_POINT('Ctrl Pts',(7.80614559135376,-17.4770168735716,86.279402980248));
#2801=CARTESIAN_POINT('Ctrl Pts',(7.80416633784674,-17.4772443703921,86.283056948995));
#2802=CARTESIAN_POINT('Ctrl Pts',(7.47685060697764,-17.5151425814848,86.8859925544735));
#2803=CARTESIAN_POINT('Ctrl Pts',(7.14777303041474,-17.6061320505412,87.2846206271663));
#2804=CARTESIAN_POINT('Ctrl Pts',(6.90746098782305,-17.6999147653796,87.5591969204611));
#2805=CARTESIAN_POINT('',(11.,-13.8999999949309,78.7034500301107));
#2806=CARTESIAN_POINT('Ctrl Pts',(7.80801436484168,-17.4758318072828,86.2757479788311));
#2807=CARTESIAN_POINT('Ctrl Pts',(7.84951079401717,-17.4711826104395,86.2600787374434));
#2808=CARTESIAN_POINT('Ctrl Pts',(7.89071516811934,-17.4658697206166,86.2421344213744));
#2809=CARTESIAN_POINT('Ctrl Pts',(7.9316027876273,-17.4599066786646,86.2222186816525));
#2810=CARTESIAN_POINT('Ctrl Pts',(7.96031069241066,-17.4557199237829,86.208235496363));
#2811=CARTESIAN_POINT('Ctrl Pts',(7.98886355038205,-17.4512124604793,86.1932804877585));
#2812=CARTESIAN_POINT('Ctrl Pts',(8.01726724327546,-17.4463839303146,86.1774601495942));
#2813=CARTESIAN_POINT('Ctrl Pts',(8.08953473163853,-17.4340987056859,86.1372084785006));
#2814=CARTESIAN_POINT('Ctrl Pts',(8.16054795408187,-17.419782409071,86.0906365555444));
#2815=CARTESIAN_POINT('Ctrl Pts',(8.22988860433239,-17.4035404553349,86.0382063741954));
#2816=CARTESIAN_POINT('Ctrl Pts',(8.33667486679317,-17.3785274575007,85.9574626389381));
#2817=CARTESIAN_POINT('Ctrl Pts',(8.43949711166277,-17.3489474698118,85.8628265072722));
#2818=CARTESIAN_POINT('Ctrl Pts',(8.53864730485484,-17.3156925334046,85.7583776252296));
#2819=CARTESIAN_POINT('Ctrl Pts',(8.61134215553889,-17.2913107086314,85.6817978865548));
#2820=CARTESIAN_POINT('Ctrl Pts',(8.68206184288658,-17.2649529756674,85.5999424909222));
#2821=CARTESIAN_POINT('Ctrl Pts',(8.75090590299622,-17.2369716698402,85.5144112812331));
#2822=CARTESIAN_POINT('Ctrl Pts',(8.81372833745386,-17.2114378220606,85.4363612823483));
#2823=CARTESIAN_POINT('Ctrl Pts',(8.87498865852274,-17.1845519436942,85.3552503341323));
#2824=CARTESIAN_POINT('Ctrl Pts',(8.93474400424736,-17.1564014080282,85.2715263905658));
#2825=CARTESIAN_POINT('Ctrl Pts',(9.02968595134075,-17.1116745867633,85.1385020707472));
#2826=CARTESIAN_POINT('Ctrl Pts',(9.12084960448654,-17.0637436712055,84.99885425316));
#2827=CARTESIAN_POINT('Ctrl Pts',(9.20842519187296,-17.0129844592546,84.8545722868026));
#2828=CARTESIAN_POINT('Ctrl Pts',(9.32028543941707,-16.9481497469402,84.6702810139198));
#2829=CARTESIAN_POINT('Ctrl Pts',(9.42629081821058,-16.8787000655389,84.4784299844388));
#2830=CARTESIAN_POINT('Ctrl Pts',(9.5267761228424,-16.8051334095336,84.2815560261525));
#2831=CARTESIAN_POINT('Ctrl Pts',(9.57499740912014,-16.7698299510555,84.1870793707059));
#2832=CARTESIAN_POINT('Ctrl Pts',(9.62194805772241,-16.7335788529205,84.0914465498818));
#2833=CARTESIAN_POINT('Ctrl Pts',(9.667667985389,-16.6964373929812,83.9949395431214));
#2834=CARTESIAN_POINT('Ctrl Pts',(9.76987728321447,-16.6134057099853,83.7791930645147));
#2835=CARTESIAN_POINT('Ctrl Pts',(9.86609831179046,-16.525793389293,83.5587597927908));
#2836=CARTESIAN_POINT('Ctrl Pts',(9.95683904986715,-16.4341151721771,83.3365023531614));
#2837=CARTESIAN_POINT('Ctrl Pts',(10.1110247348436,-16.2783365329127,82.9588449051758));
#2838=CARTESIAN_POINT('Ctrl Pts',(10.2493877736811,-16.1108177516009,82.575921392228));
#2839=CARTESIAN_POINT('Ctrl Pts',(10.3718399087228,-15.9317553676642,82.1931222551562));
#2840=CARTESIAN_POINT('Ctrl Pts',(10.4208485958488,-15.8600897135913,82.0399155908995));
#2841=CARTESIAN_POINT('Ctrl Pts',(10.4672781502273,-15.7866204637151,81.886856157161));
#2842=CARTESIAN_POINT('Ctrl Pts',(10.5111405190199,-15.7113515952163,81.7342677695591));
#2843=CARTESIAN_POINT('Ctrl Pts',(10.590590448463,-15.5750136258793,81.4578773929667));
#2844=CARTESIAN_POINT('Ctrl Pts',(10.6616198318162,-15.432772822311,81.1830319558905));
#2845=CARTESIAN_POINT('Ctrl Pts',(10.7233025016421,-15.2851873795979,80.9114686380397));
#2846=CARTESIAN_POINT('Ctrl Pts',(10.7416183141384,-15.2413639312363,80.8308316807765));
#2847=CARTESIAN_POINT('Ctrl Pts',(10.7591097296331,-15.1970690563913,80.7504841497736));
#2848=CARTESIAN_POINT('Ctrl Pts',(10.775751728452,-15.1523169312449,80.6704717229296));
#2849=CARTESIAN_POINT('Ctrl Pts',(10.8476520724058,-14.9589691714174,80.3247848211774));
#2850=CARTESIAN_POINT('Ctrl Pts',(10.9037239478947,-14.7570127600936,79.9852221129764));
#2851=CARTESIAN_POINT('Ctrl Pts',(10.94181652213,-14.5477840069493,79.6559185493801));
#2852=CARTESIAN_POINT('Ctrl Pts',(10.9530646910565,-14.4860018773111,79.5586801194288));
#2853=CARTESIAN_POINT('Ctrl Pts',(10.9627453795676,-14.4235836030654,79.4623331929983));
#2854=CARTESIAN_POINT('Ctrl Pts',(10.9708021303681,-14.3605724951548,79.366997624352));
#2855=CARTESIAN_POINT('Ctrl Pts',(10.9839880205878,-14.2574468590147,79.2109689257714));
#2856=CARTESIAN_POINT('Ctrl Pts',(10.9928222169381,-14.1527370805917,79.0576565160839));
#2857=CARTESIAN_POINT('Ctrl Pts',(10.9970699514283,-14.046658922965,78.907606987603));
#2858=CARTESIAN_POINT('Ctrl Pts',(10.9990163395141,-13.9980520096444,78.8388516039515));
#2859=CARTESIAN_POINT('Ctrl Pts',(11.0000000001144,-13.9491573144285,78.7707803657686));
#2860=CARTESIAN_POINT('Ctrl Pts',(11.,-13.8999999916237,78.7034500325253));
#2861=CARTESIAN_POINT('',(10.9999999925293,-17.1887415135521,86.935708492189));
#2862=CARTESIAN_POINT('Ctrl Pts',(11.,-13.9000000000009,78.7034500439995));
#2863=CARTESIAN_POINT('Ctrl Pts',(11.,-13.9026017417632,78.7106355890331));
#2864=CARTESIAN_POINT('Ctrl Pts',(11.,-13.9052013962199,78.7178219124405));
#2865=CARTESIAN_POINT('Ctrl Pts',(11.,-14.631539664191,80.7274775150341));
#2866=CARTESIAN_POINT('Ctrl Pts',(11.,-15.2471782511449,82.9340734993833));
#2867=CARTESIAN_POINT('Ctrl Pts',(11.,-16.3663350124544,85.5648925098563));
#2868=CARTESIAN_POINT('Ctrl Pts',(11.,-16.7431402517442,86.3008329210998));
#2869=CARTESIAN_POINT('Ctrl Pts',(11.,-17.1887415061881,86.935708481697));
#2870=CARTESIAN_POINT('Ctrl Pts',(11.0004140084841,-17.1888130797612,86.9361611385706));
#2871=CARTESIAN_POINT('Ctrl Pts',(10.7199077937357,-17.3267658566732,87.1325095744824));
#2872=CARTESIAN_POINT('Ctrl Pts',(10.1163196526366,-17.5804191092901,87.5084311027463));
#2873=CARTESIAN_POINT('Ctrl Pts',(8.73620389432182,-17.9686308954044,88.1253333367203));
#2874=CARTESIAN_POINT('Ctrl Pts',(7.27375167745186,-18.0633649398544,88.2895761104148));
#2875=CARTESIAN_POINT('Ctrl Pts',(5.70190825060133,-17.8675623552389,87.963158402583));
#2876=CARTESIAN_POINT('Ctrl Pts',(4.99952455149709,-17.6775395699784,87.6594656812707));
#2877=CARTESIAN_POINT('Ctrl Pts',(4.52250108600292,-17.4999999999973,87.391814708967));
#2878=CARTESIAN_POINT('Ctrl Pts',(6.90746098782305,-17.6999147653796,87.5591969204611));
#2879=CARTESIAN_POINT('Ctrl Pts',(6.89363981308907,-17.7053085328947,87.5749887504772));
#2880=CARTESIAN_POINT('Ctrl Pts',(6.87961595832757,-17.7107627354862,87.5905757266431));
#2881=CARTESIAN_POINT('Ctrl Pts',(6.75446526468039,-17.7592610732033,87.7259650288287));
#2882=CARTESIAN_POINT('Ctrl Pts',(6.63167300731699,-17.8056325090074,87.8335587290795));
#2883=CARTESIAN_POINT('Ctrl Pts',(6.49999988204204,-17.8535711143024,87.928605716173));
#2884=CARTESIAN_POINT('Origin',(7.4,-13.9000000000009,64.043861400531));
#2885=CARTESIAN_POINT('',(7.80812153486319,-17.4767914130947,45.3918147089696));
#2886=CARTESIAN_POINT('',(7.80812153486319,-17.4767914130946,0.));
#2887=CARTESIAN_POINT('',(10.386996482533,-15.9094407215291,45.3918147089696));
#2888=CARTESIAN_POINT('Origin',(7.4,-13.9000000000009,45.3918147089696));
#2889=CARTESIAN_POINT('',(10.386996482533,-15.9094407215291,64.043861400531));
#2890=CARTESIAN_POINT('',(11.,-13.9000000000009,64.043861400531));
#2891=CARTESIAN_POINT('Origin',(8.21624306972637,-21.0535828261884,0.));
#2892=CARTESIAN_POINT('',(6.90746098782306,-17.6999147653796,45.3918147089696));
#2893=CARTESIAN_POINT('',(6.90746098782306,-17.6999147653796,0.));
#2894=CARTESIAN_POINT('Origin',(8.21624306972637,-21.0535828261884,45.3918147089696));
#2895=CARTESIAN_POINT('Ctrl Pts',(5.96125054300568,17.1999999999988,85.4018398347557));
#2896=CARTESIAN_POINT('Ctrl Pts',(6.27924253365643,17.3386396375374,85.819854070016));
#2897=CARTESIAN_POINT('Ctrl Pts',(7.01742490411053,17.5509140853125,86.5239531976988));
#2898=CARTESIAN_POINT('Ctrl Pts',(8.07131375747987,17.4761946912143,86.268857970257));
#2899=CARTESIAN_POINT('Ctrl Pts',(8.76282243516639,17.2469032393989,85.5391412996924));
#2900=CARTESIAN_POINT('Ctrl Pts',(9.37192508466243,16.9461889765524,84.6486381542238));
#2901=CARTESIAN_POINT('Ctrl Pts',(9.98909540757233,16.457961018776,83.3507114492909));
#2902=CARTESIAN_POINT('Ctrl Pts',(10.7286763156484,15.4927089290881,81.1932148938084));
#2903=CARTESIAN_POINT('Ctrl Pts',(11.0000000012817,14.5684221096949,79.6189816645004));
#2904=CARTESIAN_POINT('Ctrl Pts',(11.,13.8999999930959,78.703450034543));
#2905=CARTESIAN_POINT('Ctrl Pts',(5.73370067404072,17.1007917422981,85.813850840263));
#2906=CARTESIAN_POINT('Ctrl Pts',(6.09288118527148,17.2836685125586,86.2126205453912));
#2907=CARTESIAN_POINT('Ctrl Pts',(6.94930417481691,17.5690250435493,86.8868614738892));
#2908=CARTESIAN_POINT('Ctrl Pts',(8.18992014011588,17.4683269505363,86.6421069363156));
#2909=CARTESIAN_POINT('Ctrl Pts',(8.98389061252978,17.16279618732,85.9442576949228));
#2910=CARTESIAN_POINT('Ctrl Pts',(9.66649809428353,16.767671636694,85.0952738603439));
#2911=CARTESIAN_POINT('Ctrl Pts',(10.3185006411924,16.1409693431474,83.8648199559236));
#2912=CARTESIAN_POINT('Ctrl Pts',(11.0032969449321,14.9609305640715,81.8436568743986));
#2913=CARTESIAN_POINT('Ctrl Pts',(11.1161671784977,13.9405432122138,80.4068791854888));
#2914=CARTESIAN_POINT('Ctrl Pts',(10.9999999988329,13.2913848311217,79.5921398874099));
#2915=CARTESIAN_POINT('Ctrl Pts',(5.2672688107974,17.0841119012725,86.5345635390345));
#2916=CARTESIAN_POINT('Ctrl Pts',(5.72679414221053,17.320687641316,86.8998704894463));
#2917=CARTESIAN_POINT('Ctrl Pts',(6.82203976245727,17.6893965123527,87.522670722144));
#2918=CARTESIAN_POINT('Ctrl Pts',(8.40963895224924,17.5589549846376,87.296409900187));
#2919=CARTESIAN_POINT('Ctrl Pts',(9.42546865174327,17.163652663866,86.6543393074498));
#2920=CARTESIAN_POINT('Ctrl Pts',(10.2978784338262,16.6522031479791,85.8779840816283));
#2921=CARTESIAN_POINT('Ctrl Pts',(11.1270593915349,15.8407357084958,84.7655887694075));
#2922=CARTESIAN_POINT('Ctrl Pts',(11.9864754560891,14.3190458060962,82.9786782035546));
#2923=CARTESIAN_POINT('Ctrl Pts',(12.0840482816027,13.0221897713147,81.779466700413));
#2924=CARTESIAN_POINT('Ctrl Pts',(11.9038943651695,12.2376664004091,81.1307622125185));
#2925=CARTESIAN_POINT('Ctrl Pts',(4.74591368463153,17.343423488932,87.1557667370641));
#2926=CARTESIAN_POINT('Ctrl Pts',(5.32898932079602,17.5856645302993,87.5104854905815));
#2927=CARTESIAN_POINT('Ctrl Pts',(6.69087115243754,17.9591622996268,88.1115212018176));
#2928=CARTESIAN_POINT('Ctrl Pts',(8.64250235213269,17.8275395802293,87.8932821627445));
#2929=CARTESIAN_POINT('Ctrl Pts',(9.91533373268472,17.4253943428317,87.2718276381639));
#2930=CARTESIAN_POINT('Ctrl Pts',(11.0297645605154,16.9006856034763,86.5169710600452));
#2931=CARTESIAN_POINT('Ctrl Pts',(12.1424793792301,16.0560854251567,85.4258924456873));
#2932=CARTESIAN_POINT('Ctrl Pts',(13.4363045282845,14.4166143243729,83.6417218181365));
#2933=CARTESIAN_POINT('Ctrl Pts',(13.8453332564023,12.9056927648699,82.3846662132784));
#2934=CARTESIAN_POINT('Ctrl Pts',(13.7921618885197,11.8658536478043,81.6736770753635));
#2935=CARTESIAN_POINT('Ctrl Pts',(4.52250108601136,17.4999999999988,87.3918147089693));
#2936=CARTESIAN_POINT('Ctrl Pts',(5.15848506731286,17.7367018201867,87.7486561293134));
#2937=CARTESIAN_POINT('Ctrl Pts',(6.63484980822107,18.099121609071,88.3497163602621));
#2938=CARTESIAN_POINT('Ctrl Pts',(8.74262751495978,17.9715519118302,88.1319521417142));
#2939=CARTESIAN_POINT('Ctrl Pts',(10.1256448703327,17.5800787014136,87.5090232765982));
#2940=CARTESIAN_POINT('Ctrl Pts',(11.3438501693248,17.0666641063098,86.7488376646128));
#2941=CARTESIAN_POINT('Ctrl Pts',(12.5781908151446,16.2331041783988,85.6408514530847));
#2942=CARTESIAN_POINT('Ctrl Pts',(14.0573526312967,14.585112805761,83.7990861008435));
#2943=CARTESIAN_POINT('Ctrl Pts',(14.6000000025635,13.0070621385042,82.4552284660684));
#2944=CARTESIAN_POINT('Ctrl Pts',(14.6,11.8658536467498,81.6736770746413));
#2945=CARTESIAN_POINT('',(10.9999999993653,17.1887415068121,86.9357084825861));
#2946=CARTESIAN_POINT('Ctrl Pts',(4.52250108601136,17.4999999999988,87.3918147089693));
#2947=CARTESIAN_POINT('Ctrl Pts',(5.15848506731286,17.7367018201867,87.7486561293134));
#2948=CARTESIAN_POINT('Ctrl Pts',(6.63484980822107,18.099121609071,88.3497163602621));
#2949=CARTESIAN_POINT('Ctrl Pts',(8.74262751495978,17.9715519118302,88.1319521417142));
#2950=CARTESIAN_POINT('Ctrl Pts',(10.1191748198788,17.581910096669,87.5119374708206));
#2951=CARTESIAN_POINT('Ctrl Pts',(10.7233422568447,17.3281697924944,87.136037083866));
#2952=CARTESIAN_POINT('Ctrl Pts',(11.004033248549,17.1901415779618,86.9396153674878));
#2953=CARTESIAN_POINT('',(11.,13.8999999958211,78.7034500325533));
#2954=CARTESIAN_POINT('Ctrl Pts',(11.,17.1887415061865,86.9357084816947));
#2955=CARTESIAN_POINT('Ctrl Pts',(11.,16.8941707833789,86.5160154244763));
#2956=CARTESIAN_POINT('Ctrl Pts',(11.,16.6377335760885,86.0631500682972));
#2957=CARTESIAN_POINT('Ctrl Pts',(11.,15.4370625837151,83.6383502246902));
#2958=CARTESIAN_POINT('Ctrl Pts',(11.,14.7504718179585,81.0565427499745));
#2959=CARTESIAN_POINT('Ctrl Pts',(11.,13.9052014025085,78.7178219298287));
#2960=CARTESIAN_POINT('Ctrl Pts',(11.,13.9026017448336,78.7106355975167));
#2961=CARTESIAN_POINT('Ctrl Pts',(11.,13.8999999999991,78.7034500439982));
#2962=CARTESIAN_POINT('',(7.80812153327425,17.4767914132741,86.2757470707189));
#2963=CARTESIAN_POINT('Ctrl Pts',(11.,13.8999999930959,78.703450034543));
#2964=CARTESIAN_POINT('Ctrl Pts',(11.0000000012817,14.5684221096949,79.6189816645004));
#2965=CARTESIAN_POINT('Ctrl Pts',(10.7286763156484,15.4927089290881,81.1932148938084));
#2966=CARTESIAN_POINT('Ctrl Pts',(9.98909540757233,16.457961018776,83.3507114492909));
#2967=CARTESIAN_POINT('Ctrl Pts',(9.37192508466243,16.9461889765524,84.6486381542238));
#2968=CARTESIAN_POINT('Ctrl Pts',(8.76282243516639,17.2469032393989,85.5391412996924));
#2969=CARTESIAN_POINT('Ctrl Pts',(8.29055545379967,17.4034982110837,86.0375024922279));
#2970=CARTESIAN_POINT('Ctrl Pts',(7.95327573010759,17.460403288271,86.2220614579485));
#2971=CARTESIAN_POINT('Ctrl Pts',(7.80774694673803,17.4763206190836,86.2740526134606));
#2972=CARTESIAN_POINT('',(6.90746098782878,17.6999147653774,87.5591969204565));
#2973=CARTESIAN_POINT('Ctrl Pts',(6.90746098782878,17.6999147653774,87.5591969204565));
#2974=CARTESIAN_POINT('Ctrl Pts',(7.14777303662477,17.6061320481176,87.284620620072));
#2975=CARTESIAN_POINT('Ctrl Pts',(7.47685061113829,17.5151425806098,86.8859925486939));
#2976=CARTESIAN_POINT('Ctrl Pts',(7.8041663406905,17.4772443700633,86.2830569437472));
#2977=CARTESIAN_POINT('Ctrl Pts',(7.80614559275616,17.4770168734097,86.2794029776553));
#2978=CARTESIAN_POINT('Ctrl Pts',(7.80812153486659,17.4767914130924,86.2757470695164));
#2979=CARTESIAN_POINT('Ctrl Pts',(6.49999985471367,17.8535711242519,87.9286057359001));
#2980=CARTESIAN_POINT('Ctrl Pts',(6.65538507470675,17.7969995901678,87.8164424029503));
#2981=CARTESIAN_POINT('Ctrl Pts',(6.79138632365618,17.745213357211,87.6918217805772));
#2982=CARTESIAN_POINT('Ctrl Pts',(6.90746098782878,17.6999147653774,87.5591969204565));
#2983=CARTESIAN_POINT('Origin',(19.,0.,99.000001475215));
#2984=CARTESIAN_POINT('Origin',(11.,0.,99.000001475215));
#2985=CARTESIAN_POINT('',(-6.49999985471368,17.8535711242519,87.9433293668779));
#2986=CARTESIAN_POINT('Origin',(-6.50000352186615,0.,99.000001475215));
#2987=CARTESIAN_POINT('',(-7.,17.6635217326557,87.6421847836144));
#2988=CARTESIAN_POINT('Ctrl Pts',(-6.99999999999998,17.6635217326557,87.6421847836144));
#2989=CARTESIAN_POINT('Ctrl Pts',(-6.83435953721979,17.7291645448316,87.7442715905197));
#2990=CARTESIAN_POINT('Ctrl Pts',(-6.66770030470584,17.7925159497438,87.8447415739232));
#2991=CARTESIAN_POINT('Ctrl Pts',(-6.49999985471367,17.8535711242519,87.9433293668779));
#2992=CARTESIAN_POINT('',(-7.,17.6635217326557,110.357818166816));
#2993=CARTESIAN_POINT('Origin',(-7.,0.,99.000001475215));
#2994=CARTESIAN_POINT('',(-16.0931662517651,10.0999999998279,117.4116825502));
#2995=CARTESIAN_POINT('Ctrl Pts',(-16.0931662517651,10.0999999996558,117.4116825502));
#2996=CARTESIAN_POINT('Ctrl Pts',(-15.950943074328,10.3266159639556,117.287369010875));
#2997=CARTESIAN_POINT('Ctrl Pts',(-15.8048391718577,10.5487780968122,117.160052053233));
#2998=CARTESIAN_POINT('Ctrl Pts',(-14.9723236576186,11.7593451326751,116.437194264801));
#2999=CARTESIAN_POINT('Ctrl Pts',(-14.2164380186159,12.6536196664729,115.790462860481));
#3000=CARTESIAN_POINT('Ctrl Pts',(-12.5900183518043,14.2800393332846,114.436622813548));
#3001=CARTESIAN_POINT('Ctrl Pts',(-11.6518481095607,15.0570027233951,113.674660615281));
#3002=CARTESIAN_POINT('Ctrl Pts',(-9.63718162073443,16.4196110262224,112.132226138577));
#3003=CARTESIAN_POINT('Ctrl Pts',(-8.5615599374946,17.0058140809877,111.351104853595));
#3004=CARTESIAN_POINT('Ctrl Pts',(-7.29104645464491,17.5460875959946,110.538940192873));
#3005=CARTESIAN_POINT('Ctrl Pts',(-7.14592282809691,17.6056929592016,110.447752687192));
#3006=CARTESIAN_POINT('Ctrl Pts',(-6.99999999999999,17.6635217326557,110.357818166816));
#3007=CARTESIAN_POINT('',(-3.,10.1,117.411682550011));
#3008=CARTESIAN_POINT('',(19.,10.1,117.411682550011));
#3009=CARTESIAN_POINT('',(-3.,-10.1,117.411682550011));
#3010=CARTESIAN_POINT('Origin',(-3.,0.,99.000001475215));
#3011=CARTESIAN_POINT('',(-16.0931662517651,-10.0999999998279,117.4116825502));
#3012=CARTESIAN_POINT('',(19.,-10.1,117.411682550011));
#3013=CARTESIAN_POINT('',(-7.,-17.6635217326557,110.357818166816));
#3014=CARTESIAN_POINT('Ctrl Pts',(-6.99999999999999,-17.6635217326557,110.357818166816));
#3015=CARTESIAN_POINT('Ctrl Pts',(-7.1459228280974,-17.6056929592015,110.447752687192));
#3016=CARTESIAN_POINT('Ctrl Pts',(-7.29104645464551,-17.5460875959944,110.538940192874));
#3017=CARTESIAN_POINT('Ctrl Pts',(-8.56155993749458,-17.0058140809877,111.351104853595));
#3018=CARTESIAN_POINT('Ctrl Pts',(-9.63718162073442,-16.4196110262224,112.132226138577));
#3019=CARTESIAN_POINT('Ctrl Pts',(-11.6518481095607,-15.0570027233951,113.674660615281));
#3020=CARTESIAN_POINT('Ctrl Pts',(-12.5900183518043,-14.2800393332846,114.436622813548));
#3021=CARTESIAN_POINT('Ctrl Pts',(-14.2164380186159,-12.6536196664729,115.790462860481));
#3022=CARTESIAN_POINT('Ctrl Pts',(-14.9723236576186,-11.7593451326751,116.437194264801));
#3023=CARTESIAN_POINT('Ctrl Pts',(-15.8048391718577,-10.5487780968122,117.160052053233));
#3024=CARTESIAN_POINT('Ctrl Pts',(-15.950943074328,-10.3266159639556,117.287369010875));
#3025=CARTESIAN_POINT('Ctrl Pts',(-16.0931662517651,-10.0999999996558,117.4116825502));
#3026=CARTESIAN_POINT('',(-7.,-17.6635217326557,87.6421847836144));
#3027=CARTESIAN_POINT('Origin',(-7.,0.,99.000001475215));
#3028=CARTESIAN_POINT('',(-6.50000011795796,-17.8535710284118,87.9433292121218));
#3029=CARTESIAN_POINT('Ctrl Pts',(-6.50000011795795,-17.8535710284118,87.9433292121218));
#3030=CARTESIAN_POINT('Ctrl Pts',(-6.66769967121308,-17.7925161775809,87.8447419437284));
#3031=CARTESIAN_POINT('Ctrl Pts',(-6.83436187421662,-17.7291636186868,87.7442701501921));
#3032=CARTESIAN_POINT('Ctrl Pts',(-6.99999999999999,-17.6635217326557,87.6421847836144));
#3033=CARTESIAN_POINT('Origin',(-6.50000008857764,0.,99.000001475215));
#3034=CARTESIAN_POINT('Origin',(0.,0.,0.));
#3035=CARTESIAN_POINT('Origin',(0.,0.,45.3918147089696));
#3036=CARTESIAN_POINT('',(-6.50000011795795,-17.8535710284118,10.216));
#3037=CARTESIAN_POINT('Origin',(0.,0.,10.216));
#3038=CARTESIAN_POINT('',(-6.50000011795795,-17.8535710284118,0.));
#3039=CARTESIAN_POINT('',(-7.,-17.6635217326557,0.));
#3040=CARTESIAN_POINT('',(-16.0931662515491,-10.1,60.0000017881393));
#3041=CARTESIAN_POINT('',(-16.0931662515491,-10.1,0.));
#3042=CARTESIAN_POINT('',(-16.0931662515491,10.1,60.0000017881393));
#3043=CARTESIAN_POINT('Origin',(0.,0.,60.0000017881393));
#3044=CARTESIAN_POINT('',(-16.0931662515491,10.1,0.));
#3045=CARTESIAN_POINT('',(-7.,17.6635217326557,0.));
#3046=CARTESIAN_POINT('',(-6.49999985471368,17.8535711242519,10.216));
#3047=CARTESIAN_POINT('',(-6.49999985471368,17.8535711242519,0.));
#3048=CARTESIAN_POINT('',(-6.49999985471368,17.8535711242519,0.));
#3049=CARTESIAN_POINT('',(-6.49999985471368,17.8535711242519,0.));
#3050=CARTESIAN_POINT('',(6.49999985471368,17.8535711242519,0.));
#3051=CARTESIAN_POINT('Origin',(0.,0.,0.));
#3052=CARTESIAN_POINT('',(6.49999985471368,17.8535711242519,0.));
#3053=CARTESIAN_POINT('',(6.90746098782878,17.6999147653774,45.3918147089696));
#3054=CARTESIAN_POINT('',(6.90746098782878,17.6999147653774,0.));
#3055=CARTESIAN_POINT('',(10.3869964825307,15.9094407215305,45.3918147089696));
#3056=CARTESIAN_POINT('Origin',(0.,0.,45.3918147089696));
#3057=CARTESIAN_POINT('',(10.3869964825308,15.9094407215305,85.043861400531));
#3058=CARTESIAN_POINT('Origin',(19.,17.4999999999991,45.3918147089696));
#3059=CARTESIAN_POINT('Origin',(8.21624306973318,21.0535828261857,0.));
#3060=CARTESIAN_POINT('',(7.80812153486659,17.4767914130924,45.3918147089696));
#3061=CARTESIAN_POINT('',(7.80812153486659,17.4767914130924,0.));
#3062=CARTESIAN_POINT('Origin',(8.21624306973318,21.0535828261857,45.3918147089696));
#3063=CARTESIAN_POINT('Origin',(7.4,13.8999999999991,85.043861400531));
#3064=CARTESIAN_POINT('',(11.,13.8999999999991,85.043861400531));
#3065=CARTESIAN_POINT('Origin',(7.4,13.8999999999991,45.3918147089696));
#3066=CARTESIAN_POINT('Origin',(11.,0.,82.6959080920923));
#3067=CARTESIAN_POINT('',(11.,10.1,111.500001661479));
#3068=CARTESIAN_POINT('',(11.,10.1,86.5000012889504));
#3069=CARTESIAN_POINT('',(11.,10.1,97.0979548767859));
#3070=CARTESIAN_POINT('',(11.,-10.1,86.5000012889504));
#3071=CARTESIAN_POINT('',(11.,5.05,86.5000012889504));
#3072=CARTESIAN_POINT('',(11.,-10.1,111.500001661479));
#3073=CARTESIAN_POINT('',(11.,-10.1,84.5979546905214));
#3074=CARTESIAN_POINT('',(11.,-5.05,111.500001661479));
#3075=CARTESIAN_POINT('Origin',(-20.,-2.,117.900001788139));
#3076=CARTESIAN_POINT('',(-3.,-2.,117.900001788139));
#3077=CARTESIAN_POINT('',(-3.,-2.,111.500001661479));
#3078=CARTESIAN_POINT('',(-3.,-2.,103.950001788139));
#3079=CARTESIAN_POINT('',(1.,-2.,117.900001788139));
#3080=CARTESIAN_POINT('',(-20.,-2.,117.900001788139));
#3081=CARTESIAN_POINT('',(1.,-2.,111.500001661479));
#3082=CARTESIAN_POINT('',(1.,-2.,110.400001788139));
#3083=CARTESIAN_POINT('',(-0.499999999999999,-2.,111.500001661479));
#3084=CARTESIAN_POINT('Origin',(1.,0.,114.150001788139));
#3085=CARTESIAN_POINT('',(1.,2.,111.500001661479));
#3086=CARTESIAN_POINT('',(1.,-5.05,111.500001661479));
#3087=CARTESIAN_POINT('',(1.,2.,117.900001788139));
#3088=CARTESIAN_POINT('',(1.,2.,117.900001788139));
#3089=CARTESIAN_POINT('',(1.,2.,110.400001788139));
#3090=CARTESIAN_POINT('Origin',(-20.,2.,117.900001788139));
#3091=CARTESIAN_POINT('',(-3.,2.,117.900001788139));
#3092=CARTESIAN_POINT('',(-3.,1.,117.900001788139));
#3093=CARTESIAN_POINT('',(-20.,2.,117.900001788139));
#3094=CARTESIAN_POINT('Origin',(-20.,2.,110.400001788139));
#3095=CARTESIAN_POINT('',(-3.,2.,111.500001661479));
#3096=CARTESIAN_POINT('',(-3.,2.,100.200001788139));
#3097=CARTESIAN_POINT('',(-0.499999999999999,2.,111.500001661479));
#3098=CARTESIAN_POINT('Origin',(-20.,2.,62.1000017881393));
#3099=CARTESIAN_POINT('',(1.,2.,62.1000017881393));
#3100=CARTESIAN_POINT('',(-20.,2.,62.1000017881393));
#3101=CARTESIAN_POINT('',(1.,2.,69.6000017881393));
#3102=CARTESIAN_POINT('',(1.,2.,69.6000017881393));
#3103=CARTESIAN_POINT('',(-20.,2.,69.6000017881393));
#3104=CARTESIAN_POINT('Origin',(-20.,-2.,62.1000017881393));
#3105=CARTESIAN_POINT('',(1.,-2.,62.1000017881393));
#3106=CARTESIAN_POINT('',(-20.,-2.,62.1000017881393));
#3107=CARTESIAN_POINT('',(1.,-2.,62.1000017881393));
#3108=CARTESIAN_POINT('Origin',(-20.,-2.,69.6000017881393));
#3109=CARTESIAN_POINT('',(1.,-2.,69.6000017881393));
#3110=CARTESIAN_POINT('',(-20.,-2.,69.6000017881393));
#3111=CARTESIAN_POINT('',(1.,-2.,69.6000017881393));
#3112=CARTESIAN_POINT('Origin',(1.,0.,65.8500017881393));
#3113=CARTESIAN_POINT('',(1.,-5.05,69.6000017881393));
#3114=CARTESIAN_POINT('Origin',(19.,-10.1,111.500001661479));
#3115=CARTESIAN_POINT('',(-3.,10.1,111.500001661479));
#3116=CARTESIAN_POINT('',(-3.,-5.05,111.500001661479));
#3117=CARTESIAN_POINT('',(19.,10.1,111.500001661479));
#3118=CARTESIAN_POINT('',(-3.,-10.1,111.500001661479));
#3119=CARTESIAN_POINT('',(19.,-10.1,111.500001661479));
#3120=CARTESIAN_POINT('',(-3.,-5.05,111.500001661479));
#3121=CARTESIAN_POINT('Origin',(-20.,-10.1,69.6000017881393));
#3122=CARTESIAN_POINT('',(7.,-10.1,69.6000017881393));
#3123=CARTESIAN_POINT('',(-20.,-10.1,69.6000017881393));
#3124=CARTESIAN_POINT('',(7.,10.1,69.6000017881393));
#3125=CARTESIAN_POINT('',(7.,0.,69.6000017881393));
#3126=CARTESIAN_POINT('',(-20.,10.1,69.6000017881393));
#3127=CARTESIAN_POINT('Origin',(-20.,-5.05,114.100001788139));
#3128=CARTESIAN_POINT('',(-3.,-6.3,114.100001788139));
#3129=CARTESIAN_POINT('Origin',(-3.,-5.05,114.100001788139));
#3130=CARTESIAN_POINT('',(4.5,-6.3,114.100001788139));
#3131=CARTESIAN_POINT('',(-20.,-6.3,114.100001788139));
#3132=CARTESIAN_POINT('Origin',(4.5,-5.05,114.100001788139));
#3133=CARTESIAN_POINT('Origin',(4.5,-5.05,114.100001788139));
#3134=CARTESIAN_POINT('Origin',(-20.,-5.05,65.9000017881393));
#3135=CARTESIAN_POINT('',(4.5,-6.3,65.9000017881393));
#3136=CARTESIAN_POINT('',(-20.,-6.3,65.9000017881393));
#3137=CARTESIAN_POINT('Origin',(4.5,-5.05,65.9000017881393));
#3138=CARTESIAN_POINT('Origin',(4.5,-5.05,65.9000017881393));
#3139=CARTESIAN_POINT('Origin',(-20.,5.05,114.100001788139));
#3140=CARTESIAN_POINT('',(-3.,3.8,114.100001788139));
#3141=CARTESIAN_POINT('Origin',(-3.,5.05,114.100001788139));
#3142=CARTESIAN_POINT('',(4.5,3.8,114.100001788139));
#3143=CARTESIAN_POINT('',(-20.,3.8,114.100001788139));
#3144=CARTESIAN_POINT('Origin',(4.5,5.05,114.100001788139));
#3145=CARTESIAN_POINT('Origin',(4.5,5.05,114.100001788139));
#3146=CARTESIAN_POINT('Origin',(-20.,5.05,65.9000017881393));
#3147=CARTESIAN_POINT('',(4.5,3.8,65.9000017881393));
#3148=CARTESIAN_POINT('',(-20.,3.8,65.9000017881393));
#3149=CARTESIAN_POINT('Origin',(4.5,5.05,65.9000017881393));
#3150=CARTESIAN_POINT('Origin',(4.5,5.05,65.9000017881393));
#3151=CARTESIAN_POINT('Origin',(19.,10.1,86.5000012889504));
#3152=CARTESIAN_POINT('',(7.,10.1,86.5000012889504));
#3153=CARTESIAN_POINT('',(19.,10.1,86.5000012889504));
#3154=CARTESIAN_POINT('',(7.,-10.1,86.5000012889504));
#3155=CARTESIAN_POINT('',(7.,5.05,86.5000012889504));
#3156=CARTESIAN_POINT('',(19.,-10.1,86.5000012889504));
#3157=CARTESIAN_POINT('Origin',(-3.,0.,90.0000017881393));
#3158=CARTESIAN_POINT('',(-3.,-10.1,120.000001788139));
#3159=CARTESIAN_POINT('',(-3.,10.1,120.000001788139));
#3160=CARTESIAN_POINT('Origin',(7.,0.,90.0000017881393));
#3161=CARTESIAN_POINT('',(7.,10.1,69.6000017881393));
#3162=CARTESIAN_POINT('',(7.,-10.1,90.0000017881393));
#3163=CARTESIAN_POINT('Origin',(-20.,-10.1,60.0000017881393));
#3164=CARTESIAN_POINT('',(-11.671113172995,10.1,60.0000017881393));
#3165=CARTESIAN_POINT('',(-11.6711131730058,-10.1,60.0000017881393));
#3166=CARTESIAN_POINT('Ctrl Pts',(-11.6711131729957,10.0999999999991,60.0000017881393));
#3167=CARTESIAN_POINT('Ctrl Pts',(-12.9633731741827,8.52433281028281,60.0000017881393));
#3168=CARTESIAN_POINT('Ctrl Pts',(-14.1496695046322,6.75719545935433,60.0000017881393));
#3169=CARTESIAN_POINT('Ctrl Pts',(-15.5358407807337,3.49145497734812,60.0000017881393));
#3170=CARTESIAN_POINT('Ctrl Pts',(-15.9137823540609,2.04581483013955,60.0000017881393));
#3171=CARTESIAN_POINT('Ctrl Pts',(-16.0643861004708,-1.05740267090485,60.0000017881393));
#3172=CARTESIAN_POINT('Ctrl Pts',(-15.7935184062064,-2.59600703069689,60.0000017881393));
#3173=CARTESIAN_POINT('Ctrl Pts',(-14.4267134308205,-6.39674339839041,60.0000017881393));
#3174=CARTESIAN_POINT('Ctrl Pts',(-13.0306666246842,-8.44228114736851,60.0000017881393));
#3175=CARTESIAN_POINT('Ctrl Pts',(-11.6711131730065,-10.0999999999991,60.0000017881393));
#3176=CARTESIAN_POINT('',(-20.,10.1,60.0000017881393));
#3177=CARTESIAN_POINT('',(-20.,-10.1,60.0000017881393));
#3178=CARTESIAN_POINT('Origin',(-9.00000013411045,13.0000001937151,0.));
#3179=CARTESIAN_POINT('',(-9.00000013411045,10.1,0.));
#3180=CARTESIAN_POINT('',(-9.00000013411045,10.1,0.));
#3181=CARTESIAN_POINT('',(-9.00000013411045,-10.1,0.));
#3182=CARTESIAN_POINT('',(-9.00000013411045,13.0000001937151,0.));
#3183=CARTESIAN_POINT('',(-9.00000013411045,-10.1,0.));
#3184=CARTESIAN_POINT('Origin',(-11.671113172995,10.1,0.));
#3185=CARTESIAN_POINT('',(-11.671113172995,10.1,10.216));
#3186=CARTESIAN_POINT('',(-11.671113172995,10.1,0.));
#3187=CARTESIAN_POINT('',(-11.671113172995,10.1,0.));
#3188=CARTESIAN_POINT('Ctrl Pts',(-11.671113172995,10.1,0.));
#3189=CARTESIAN_POINT('Ctrl Pts',(-11.671113172995,10.1,1.70266666666667));
#3190=CARTESIAN_POINT('Ctrl Pts',(-11.671113172995,10.1,3.40533333333333));
#3191=CARTESIAN_POINT('Ctrl Pts',(-11.671113172995,10.1,6.81066666666667));
#3192=CARTESIAN_POINT('Ctrl Pts',(-11.671113172995,10.1,8.51333333333333));
#3193=CARTESIAN_POINT('Ctrl Pts',(-11.671113172995,10.1,10.216));
#3194=CARTESIAN_POINT('',(-9.00000013411045,10.1,0.));
#3195=CARTESIAN_POINT('Origin',(-7.,0.,82.6959080920923));
#3196=CARTESIAN_POINT('Origin',(-7.,0.,82.6959080920923));
#3197=CARTESIAN_POINT('Origin',(19.,17.4999999999991,45.3918147089696));
#3198=CARTESIAN_POINT('Origin',(-6.50000006084881,16.8500000106966,0.));
#3199=CARTESIAN_POINT('',(-6.50000006084881,16.85,10.216));
#3200=CARTESIAN_POINT('',(-6.50000006084881,16.8500000106966,44.4723717653685));
#3201=CARTESIAN_POINT('',(-6.50000006084881,16.8500000106966,0.));
#3202=CARTESIAN_POINT('',(-6.50000168608904,8.93750055527786,10.216));
#3203=CARTESIAN_POINT('',(-6.50000007890957,5.87499996941018,44.4723717386714));
#3204=CARTESIAN_POINT('Ctrl Pts',(-11.6711131730065,-10.0999999999991,0.));
#3205=CARTESIAN_POINT('Ctrl Pts',(-11.6711131730065,-10.0999999999991,120.));
#3206=CARTESIAN_POINT('Ctrl Pts',(-12.0483753095708,-9.64000002324596,0.));
#3207=CARTESIAN_POINT('Ctrl Pts',(-12.0483753095708,-9.64000002324596,120.));
#3208=CARTESIAN_POINT('Ctrl Pts',(-12.8123133792431,-8.66000003874438,0.));
#3209=CARTESIAN_POINT('Ctrl Pts',(-12.8123133792431,-8.66000003874438,120.));
#3210=CARTESIAN_POINT('Ctrl Pts',(-13.8499128172917,-7.16000004649399,0.));
#3211=CARTESIAN_POINT('Ctrl Pts',(-13.8499128172917,-7.16000004649399,120.));
#3212=CARTESIAN_POINT('Ctrl Pts',(-14.9642405677646,-5.1400000464943,0.));
#3213=CARTESIAN_POINT('Ctrl Pts',(-14.9642405677646,-5.1400000464943,120.));
#3214=CARTESIAN_POINT('Ctrl Pts',(-15.8452229836946,-2.60000003874498,0.));
#3215=CARTESIAN_POINT('Ctrl Pts',(-15.8452229836946,-2.60000003874498,120.));
#3216=CARTESIAN_POINT('Ctrl Pts',(-16.1539632357676,1.10328413072125E-14,
0.));
#3217=CARTESIAN_POINT('Ctrl Pts',(-16.1539632357676,1.10328413072125E-14,
120.));
#3218=CARTESIAN_POINT('Ctrl Pts',(-15.8452229836872,2.60000003874495,0.));
#3219=CARTESIAN_POINT('Ctrl Pts',(-15.8452229836872,2.60000003874495,120.));
#3220=CARTESIAN_POINT('Ctrl Pts',(-14.9642405677517,5.14000004649422,0.));
#3221=CARTESIAN_POINT('Ctrl Pts',(-14.9642405677517,5.14000004649422,120.));
#3222=CARTESIAN_POINT('Ctrl Pts',(-13.8499128172772,7.16000004649387,0.));
#3223=CARTESIAN_POINT('Ctrl Pts',(-13.8499128172772,7.16000004649387,120.));
#3224=CARTESIAN_POINT('Ctrl Pts',(-12.8123133792296,8.66000003874428,0.));
#3225=CARTESIAN_POINT('Ctrl Pts',(-12.8123133792296,8.66000003874428,120.));
#3226=CARTESIAN_POINT('Ctrl Pts',(-12.048375309559,9.64000002324591,0.));
#3227=CARTESIAN_POINT('Ctrl Pts',(-12.048375309559,9.64000002324591,120.));
#3228=CARTESIAN_POINT('Ctrl Pts',(-11.6711131729957,10.0999999999991,0.));
#3229=CARTESIAN_POINT('Ctrl Pts',(-11.6711131729957,10.0999999999991,120.));
#3230=CARTESIAN_POINT('',(-11.6711131730058,-10.1,10.216));
#3231=CARTESIAN_POINT('',(-11.6711131730058,-10.1,0.));
#3232=CARTESIAN_POINT('Ctrl Pts',(-11.6711131730065,-10.0999999999991,10.216));
#3233=CARTESIAN_POINT('Ctrl Pts',(-12.0483753095708,-9.64000002324596,10.216));
#3234=CARTESIAN_POINT('Ctrl Pts',(-12.8123133792431,-8.66000003874438,10.216));
#3235=CARTESIAN_POINT('Ctrl Pts',(-13.8499128172917,-7.16000004649399,10.216));
#3236=CARTESIAN_POINT('Ctrl Pts',(-14.9642405677646,-5.1400000464943,10.216));
#3237=CARTESIAN_POINT('Ctrl Pts',(-15.8452229836946,-2.60000003874498,10.216));
#3238=CARTESIAN_POINT('Ctrl Pts',(-16.1539632357676,1.10328413072125E-14,
10.216));
#3239=CARTESIAN_POINT('Ctrl Pts',(-15.8452229836872,2.60000003874495,10.216));
#3240=CARTESIAN_POINT('Ctrl Pts',(-14.9642405677517,5.1400000464944,10.216));
#3241=CARTESIAN_POINT('Ctrl Pts',(-13.849912817277,7.16000004649423,10.216));
#3242=CARTESIAN_POINT('Ctrl Pts',(-12.8123133792293,8.66000003874482,10.216));
#3243=CARTESIAN_POINT('Ctrl Pts',(-12.0483753095585,9.64000002324663,10.216));
#3244=CARTESIAN_POINT('Ctrl Pts',(-11.671113172995,10.1,10.216));
#3245=CARTESIAN_POINT('Origin',(-9.00000013411045,-10.1,0.));
#3246=CARTESIAN_POINT('',(-11.6711131730058,-10.1,0.));
#3247=CARTESIAN_POINT('',(-9.00000013411045,-10.1,0.));
#3248=CARTESIAN_POINT('Ctrl Pts',(-11.6711131730058,-10.1,10.216));
#3249=CARTESIAN_POINT('Ctrl Pts',(-11.6711131730058,-10.1,8.51333333333333));
#3250=CARTESIAN_POINT('Ctrl Pts',(-11.6711131730058,-10.1,6.81066666666667));
#3251=CARTESIAN_POINT('Ctrl Pts',(-11.6711131730058,-10.1,3.40533333333333));
#3252=CARTESIAN_POINT('Ctrl Pts',(-11.6711131730058,-10.1,1.70266666666667));
#3253=CARTESIAN_POINT('Ctrl Pts',(-11.6711131730058,-10.1,0.));
#3254=CARTESIAN_POINT('Origin',(-6.50000009803999,-5.74999998930342,0.));
#3255=CARTESIAN_POINT('',(-6.50000009803999,-5.74999998930342,10.216));
#3256=CARTESIAN_POINT('',(-6.50000010242441,-8.41428562648368,10.216));
#3257=CARTESIAN_POINT('',(-6.50000009803999,-5.74999998930342,2.255));
#3258=CARTESIAN_POINT('',(-6.50000009803999,-5.74999998930342,0.));
#3259=CARTESIAN_POINT('',(-6.50000009625233,-4.66368939239308,2.255));
#3260=CARTESIAN_POINT('',(-6.50000009246543,-2.36250010692946,2.255));
#3261=CARTESIAN_POINT('',(-6.50000008090294,4.66368941378624,2.255));
#3262=CARTESIAN_POINT('',(-6.50000009330881,-2.87499998992053,2.255));
#3263=CARTESIAN_POINT('',(-6.50000006084881,16.85,2.255));
#3264=CARTESIAN_POINT('',(-6.50000009246543,-2.36250010692946,2.255));
#3265=CARTESIAN_POINT('',(-6.50000006084881,16.85,0.));
#3266=CARTESIAN_POINT('Origin',(7.24999995187384,-1.06965780677371E-8,2.255));
#3267=CARTESIAN_POINT('Origin',(0.,0.,2.255));
#3268=CARTESIAN_POINT('Origin',(-7.25000004045147,1.0696575847291E-8,2.255));
#3269=CARTESIAN_POINT('Origin',(0.,0.,2.255));
#3270=CARTESIAN_POINT('Origin',(0.,1.02499976474792,0.));
#3271=CARTESIAN_POINT('',(-6.49999985471368,20.0499995294958,0.));
#3272=CARTESIAN_POINT('',(-6.49999985471368,17.8535711242519,0.));
#3273=CARTESIAN_POINT('',(-5.49999985471368,21.0499995294958,0.));
#3274=CARTESIAN_POINT('Origin',(-5.49999985471367,20.0499995294958,0.));
#3275=CARTESIAN_POINT('',(5.49999985471368,21.0499995294958,0.));
#3276=CARTESIAN_POINT('',(5.49999985471368,21.0499995294958,0.));
#3277=CARTESIAN_POINT('',(6.49999985471368,20.0499995294958,0.));
#3278=CARTESIAN_POINT('Origin',(5.49999985471367,20.0499995294958,0.));
#3279=CARTESIAN_POINT('',(6.49999985471368,17.8535711242519,0.));
#3280=CARTESIAN_POINT('',(-0.950000023365636,19.1,0.));
#3281=CARTESIAN_POINT('Origin',(-2.3365636196966E-8,19.1,0.));
#3282=CARTESIAN_POINT('',(-0.95,-15.0999997999519,0.));
#3283=CARTESIAN_POINT('Origin',(0.,-15.0999997999519,0.));
#3284=CARTESIAN_POINT('',(-0.948324049577322,-7.94359373942256,0.));
#3285=CARTESIAN_POINT('',(0.94832387237439,-7.94359376057744,0.));
#3286=CARTESIAN_POINT('Origin',(0.,0.,0.));
#3287=CARTESIAN_POINT('',(-0.950000089230611,-8.,0.));
#3288=CARTESIAN_POINT('Origin',(-8.92306111848631E-8,-8.,0.));
#3289=CARTESIAN_POINT('Origin',(-8.92306111848631E-8,-8.,0.));
#3290=CARTESIAN_POINT('Ctrl Pts',(-11.6711131730065,-10.0999999999991,0.));
#3291=CARTESIAN_POINT('Ctrl Pts',(-12.0483753095708,-9.64000002324596,0.));
#3292=CARTESIAN_POINT('Ctrl Pts',(-12.8123133792431,-8.66000003874437,0.));
#3293=CARTESIAN_POINT('Ctrl Pts',(-13.8499128172917,-7.16000004649399,0.));
#3294=CARTESIAN_POINT('Ctrl Pts',(-14.9642405677646,-5.1400000464943,0.));
#3295=CARTESIAN_POINT('Ctrl Pts',(-15.8452229836946,-2.60000003874498,0.));
#3296=CARTESIAN_POINT('Ctrl Pts',(-16.1539632357676,1.10328413072125E-14,
0.));
#3297=CARTESIAN_POINT('Ctrl Pts',(-15.8452229836872,2.60000003874495,0.));
#3298=CARTESIAN_POINT('Ctrl Pts',(-14.9642405677517,5.14000004649422,0.));
#3299=CARTESIAN_POINT('Ctrl Pts',(-13.8499128172772,7.16000004649387,0.));
#3300=CARTESIAN_POINT('Ctrl Pts',(-12.8123133792296,8.66000003874428,0.));
#3301=CARTESIAN_POINT('Ctrl Pts',(-12.048375309559,9.64000002324591,0.));
#3302=CARTESIAN_POINT('Ctrl Pts',(-11.6711131729957,10.0999999999991,0.));
#3303=CARTESIAN_POINT('Origin',(0.,1.02499976474792,10.216));
#3304=CARTESIAN_POINT('',(6.49999990196001,-5.75000001069658,10.216));
#3305=CARTESIAN_POINT('',(-0.950000089230612,-8.,10.216));
#3306=CARTESIAN_POINT('Origin',(-8.92306111848631E-8,-8.,10.216));
#3307=CARTESIAN_POINT('',(-0.95,-15.0999997999519,10.216));
#3308=CARTESIAN_POINT('Origin',(0.,-15.0999997999519,10.216));
#3309=CARTESIAN_POINT('Origin',(0.,1.02499976474792,10.216));
#3310=CARTESIAN_POINT('',(-6.08488101445615E-8,16.85,10.216));
#3311=CARTESIAN_POINT('',(6.49999985471368,20.0499995294958,10.216));
#3312=CARTESIAN_POINT('',(6.49999985471368,17.8535711242519,10.216));
#3313=CARTESIAN_POINT('',(5.49999985471368,21.0499995294958,10.216));
#3314=CARTESIAN_POINT('Origin',(5.49999985471367,20.0499995294958,10.216));
#3315=CARTESIAN_POINT('',(-5.49999985471368,21.0499995294958,10.216));
#3316=CARTESIAN_POINT('',(5.49999985471368,21.0499995294958,10.216));
#3317=CARTESIAN_POINT('',(-6.49999985471368,20.0499995294958,10.216));
#3318=CARTESIAN_POINT('Origin',(-5.49999985471367,20.0499995294958,10.216));
#3319=CARTESIAN_POINT('',(-6.49999985471368,17.8535711242519,10.216));
#3320=CARTESIAN_POINT('',(-0.950000023365636,19.1,10.216));
#3321=CARTESIAN_POINT('Origin',(-2.3365636196966E-8,19.1,10.216));
#3322=CARTESIAN_POINT('Origin',(0.,0.,0.));
#3323=CARTESIAN_POINT('',(0.94832387237439,-7.94359376057744,2.255));
#3324=CARTESIAN_POINT('',(0.948323872374387,-7.94359376057744,0.));
#3325=CARTESIAN_POINT('',(5.56214885585939,-5.75000000915322,2.255));
#3326=CARTESIAN_POINT('Origin',(0.,0.,2.255));
#3327=CARTESIAN_POINT('Origin',(0.,0.,2.255));
#3328=CARTESIAN_POINT('Origin',(0.,0.,2.255));
#3329=CARTESIAN_POINT('',(-5.5621488747841,-5.74999999084678,2.255));
#3330=CARTESIAN_POINT('Origin',(0.,0.,2.255));
#3331=CARTESIAN_POINT('',(-0.948324049577322,-7.94359373942256,2.255));
#3332=CARTESIAN_POINT('Origin',(0.,0.,2.255));
#3333=CARTESIAN_POINT('',(-0.948324049577318,-7.94359373942256,0.));
#3334=CARTESIAN_POINT('Origin',(0.,0.0282031197112798,2.255));
#3335=CARTESIAN_POINT('',(3.24999994622562,-5.75000000534829,2.255));
#3336=CARTESIAN_POINT('Origin',(-8.92306111848631E-8,-8.,2.255));
#3337=CARTESIAN_POINT('Origin',(6.49999990196001,-5.75000001069658,0.));
#3338=CARTESIAN_POINT('',(3.24999994540544,-5.75000000534829,2.255));
#3339=CARTESIAN_POINT('',(3.24999994540544,-5.75000000534829,2.255));
#3340=CARTESIAN_POINT('Origin',(-6.50000006084881,16.85,0.));
#3341=CARTESIAN_POINT('',(-3.25000003042441,16.85,2.255));
#3342=CARTESIAN_POINT('Origin',(0.,1.02499976474792,2.255));
#3343=CARTESIAN_POINT('Origin',(0.,1.02499976474792,2.255));
#3344=CARTESIAN_POINT('Origin',(-2.3365636196966E-8,19.1,0.));
#3345=CARTESIAN_POINT('',(-0.950000023365636,19.1,0.));
#3346=CARTESIAN_POINT('Ctrl Pts',(-9.00000013411045,-13.0000001937151,0.));
#3347=CARTESIAN_POINT('Ctrl Pts',(-9.00000013411045,-13.0000001937151,10.216));
#3348=CARTESIAN_POINT('Ctrl Pts',(-9.53093340638604,-12.4800001859672,0.));
#3349=CARTESIAN_POINT('Ctrl Pts',(-9.53093340638604,-12.4800001859672,10.216));
#3350=CARTESIAN_POINT('Ctrl Pts',(-10.546433801276,-11.4400001704713,0.));
#3351=CARTESIAN_POINT('Ctrl Pts',(-10.546433801276,-11.4400001704713,10.216));
#3352=CARTESIAN_POINT('Ctrl Pts',(-11.9305902074483,-9.88000014722679,0.));
#3353=CARTESIAN_POINT('Ctrl Pts',(-11.9305902074483,-9.88000014722679,10.216));
#3354=CARTESIAN_POINT('Ctrl Pts',(-13.4933301346248,-7.80000011623307,0.));
#3355=CARTESIAN_POINT('Ctrl Pts',(-13.4933301346248,-7.80000011623307,10.216));
#3356=CARTESIAN_POINT('Ctrl Pts',(-14.9434299488273,-5.2000000774895,0.));
#3357=CARTESIAN_POINT('Ctrl Pts',(-14.9434299488273,-5.2000000774895,10.216));
#3358=CARTESIAN_POINT('Ctrl Pts',(-15.8452229836946,-2.60000003874498,0.));
#3359=CARTESIAN_POINT('Ctrl Pts',(-15.8452229836946,-2.60000003874498,10.216));
#3360=CARTESIAN_POINT('Ctrl Pts',(-16.1539632357676,1.10328413072125E-14,
0.));
#3361=CARTESIAN_POINT('Ctrl Pts',(-16.1539632357676,1.10328413072125E-14,
10.216));
#3362=CARTESIAN_POINT('Ctrl Pts',(-15.8452229836872,2.60000003874495,0.));
#3363=CARTESIAN_POINT('Ctrl Pts',(-15.8452229836872,2.60000003874495,10.216));
#3364=CARTESIAN_POINT('Ctrl Pts',(-14.9434299488143,5.2000000774894,0.));
#3365=CARTESIAN_POINT('Ctrl Pts',(-14.9434299488143,5.2000000774894,10.216));
#3366=CARTESIAN_POINT('Ctrl Pts',(-13.4933301346099,7.80000011623288,0.));
#3367=CARTESIAN_POINT('Ctrl Pts',(-13.4933301346099,7.80000011623288,10.216));
#3368=CARTESIAN_POINT('Ctrl Pts',(-11.9305902074361,9.88000014722662,0.));
#3369=CARTESIAN_POINT('Ctrl Pts',(-11.9305902074361,9.88000014722662,10.216));
#3370=CARTESIAN_POINT('Ctrl Pts',(-10.5464338012687,11.4400001704712,0.));
#3371=CARTESIAN_POINT('Ctrl Pts',(-10.5464338012687,11.4400001704712,10.216));
#3372=CARTESIAN_POINT('Ctrl Pts',(-9.53093340638338,12.4800001859672,0.));
#3373=CARTESIAN_POINT('Ctrl Pts',(-9.53093340638338,12.4800001859672,10.216));
#3374=CARTESIAN_POINT('Ctrl Pts',(-9.00000013411045,13.0000001937151,0.));
#3375=CARTESIAN_POINT('Ctrl Pts',(-9.00000013411045,13.0000001937151,10.216));
#3376=CARTESIAN_POINT('Origin',(0.,-15.0999997999519,0.));
#3377=CARTESIAN_POINT('',(-0.95,-15.0999997999519,0.));
#3378=CARTESIAN_POINT('Origin',(-8.92306111848631E-8,-8.,0.));
#3379=CARTESIAN_POINT('',(-0.950000089230611,-8.,0.));
#3380=CARTESIAN_POINT('Origin',(-6.49999985471368,20.0499995294958,0.));
#3381=CARTESIAN_POINT('',(-6.49999985471368,20.0499995294958,0.));
#3382=CARTESIAN_POINT('Origin',(-5.49999985471367,20.0499995294958,0.));
#3383=CARTESIAN_POINT('',(-5.49999985471368,21.0499995294958,0.));
#3384=CARTESIAN_POINT('Origin',(5.49999985471368,21.0499995294958,0.));
#3385=CARTESIAN_POINT('',(5.49999985471368,21.0499995294958,0.));
#3386=CARTESIAN_POINT('Origin',(5.49999985471367,20.0499995294958,0.));
#3387=CARTESIAN_POINT('',(6.49999985471368,20.0499995294958,0.));
#3388=CARTESIAN_POINT('Origin',(6.49999985471368,17.8535711242519,0.));
#3389=CARTESIAN_POINT('Origin',(0.,1.02499976474792,2.255));
#3390=CARTESIAN_POINT('',(0.,0.,0.));
#3391=UNCERTAINTY_MEASURE_WITH_UNIT(LENGTH_MEASURE(0.01),#3397,
'DISTANCE_ACCURACY_VALUE',
'Maximum model space distance between geometric entities at asserted c
onnectivities');
#3392=UNCERTAINTY_MEASURE_WITH_UNIT(LENGTH_MEASURE(0.01),#3397,
'DISTANCE_ACCURACY_VALUE',
'Maximum model space distance between geometric entities at asserted c
onnectivities');
#3393=UNCERTAINTY_MEASURE_WITH_UNIT(LENGTH_MEASURE(0.01),#3397,
'DISTANCE_ACCURACY_VALUE',
'Maximum model space distance between geometric entities at asserted c
onnectivities');
#3394=(
GEOMETRIC_REPRESENTATION_CONTEXT(3)
GLOBAL_UNCERTAINTY_ASSIGNED_CONTEXT((#3391))
GLOBAL_UNIT_ASSIGNED_CONTEXT((#3397,#3399,#3400))
REPRESENTATION_CONTEXT('','3D')
);
#3395=(
GEOMETRIC_REPRESENTATION_CONTEXT(3)
GLOBAL_UNCERTAINTY_ASSIGNED_CONTEXT((#3392))
GLOBAL_UNIT_ASSIGNED_CONTEXT((#3397,#3399,#3400))
REPRESENTATION_CONTEXT('','3D')
);
#3396=(
GEOMETRIC_REPRESENTATION_CONTEXT(3)
GLOBAL_UNCERTAINTY_ASSIGNED_CONTEXT((#3393))
GLOBAL_UNIT_ASSIGNED_CONTEXT((#3397,#3399,#3400))
REPRESENTATION_CONTEXT('','3D')
);
#3397=(
LENGTH_UNIT()
NAMED_UNIT(*)
SI_UNIT(.MILLI.,.METRE.)
);
#3398=(
LENGTH_UNIT()
NAMED_UNIT(*)
SI_UNIT($,.METRE.)
);
#3399=(
NAMED_UNIT(*)
PLANE_ANGLE_UNIT()
SI_UNIT($,.RADIAN.)
);
#3400=(
NAMED_UNIT(*)
SI_UNIT($,.STERADIAN.)
SOLID_ANGLE_UNIT()
);
#3401=SHAPE_DEFINITION_REPRESENTATION(#3403,#3406);
#3402=SHAPE_DEFINITION_REPRESENTATION(#3404,#3407);
#3403=PRODUCT_DEFINITION_SHAPE('',$,#3409);
#3404=PRODUCT_DEFINITION_SHAPE('',$,#3410);
#3405=PRODUCT_DEFINITION_SHAPE($,$,#14);
#3406=SHAPE_REPRESENTATION('',(#1823,#1983),#3394);
#3407=SHAPE_REPRESENTATION('',(#1824),#3395);
#3408=PRODUCT_DEFINITION_CONTEXT('part definition',#3416,'design');
#3409=PRODUCT_DEFINITION('2026-08-27-09-11-19-370','Arm',#3411,#3408);
#3410=PRODUCT_DEFINITION('2026-09-03-15-41-29-803','Component1',#3412,#3408);
#3411=PRODUCT_DEFINITION_FORMATION('',$,#3418);
#3412=PRODUCT_DEFINITION_FORMATION('',$,#3419);
#3413=PRODUCT_RELATED_PRODUCT_CATEGORY('Arm','Arm',(#3418));
#3414=PRODUCT_RELATED_PRODUCT_CATEGORY('Component1','Component1',(#3419));
#3415=APPLICATION_PROTOCOL_DEFINITION('international standard',
'automotive_design',2009,#3416);
#3416=APPLICATION_CONTEXT(
'Core Data for Automotive Mechanical Design Process');
#3417=PRODUCT_CONTEXT('part definition',#3416,'mechanical');
#3418=PRODUCT('2026-08-27-09-11-19-370','Arm',$,(#3417));
#3419=PRODUCT('2026-09-03-15-41-29-803','Component1',$,(#3417));
#3420=PRESENTATION_STYLE_ASSIGNMENT((#3421));
#3421=SURFACE_STYLE_USAGE(.BOTH.,#3422);
#3422=SURFACE_SIDE_STYLE('',(#3423));
#3423=SURFACE_STYLE_FILL_AREA(#3424);
#3424=FILL_AREA_STYLE('Steel - Satin',(#3425));
#3425=FILL_AREA_STYLE_COLOUR('Steel - Satin',#3426);
#3426=COLOUR_RGB('Steel - Satin',0.627450980392157,0.627450980392157,0.627450980392157);
ENDSEC;
END-ISO-10303-21;
