ISO-10303-21;
HEADER;
/* Generated by software containing ST-Developer
 * from STEP Tools, Inc. (www.steptools.com) 
 */

FILE_DESCRIPTION(
/* description */ (''),
/* implementation_level */ '2;1');

FILE_NAME(
/* name */ 'ArmHead.step',
/* time_stamp */ '2026-09-28T17:08:37+08:00',
/* author */ (''),
/* organization */ (''),
/* preprocessor_version */ 'ST-DEVELOPER v20.2',
/* originating_system */ 'Autodesk Translation Framework v15.15.0.0',
/* authorisation */ '');

FILE_SCHEMA (('AUTOMOTIVE_DESIGN { 1 0 10303 214 3 1 1 }'));
ENDSEC;

DATA;
#10=MECHANICAL_DESIGN_GEOMETRIC_PRESENTATION_REPRESENTATION('',(#17,#18,
#19),#2507);
#11=ITEM_DEFINED_TRANSFORMATION($,$,#1457,#1621);
#12=(
REPRESENTATION_RELATIONSHIP($,$,#2518,#2517)
REPRESENTATION_RELATIONSHIP_WITH_TRANSFORMATION(#11)
SHAPE_REPRESENTATION_RELATIONSHIP()
);
#13=CONTEXT_DEPENDENT_SHAPE_REPRESENTATION(#12,#2516);
#14=NEXT_ASSEMBLY_USAGE_OCCURRENCE('Component1:1','Component1:1',
'Component1:1',#2520,#2521,'Component1:1');
#15=SHAPE_REPRESENTATION_RELATIONSHIP('SRR','None',#2518,#16);
#16=ADVANCED_BREP_SHAPE_REPRESENTATION('',(#20,#21,#22),#2506);
#17=STYLED_ITEM('',(#2531),#20);
#18=STYLED_ITEM('',(#2531),#21);
#19=STYLED_ITEM('',(#2531),#22);
#20=MANIFOLD_SOLID_BREP('Body1',#1441);
#21=MANIFOLD_SOLID_BREP('Body3',#1442);
#22=MANIFOLD_SOLID_BREP('Body4',#1443);
#23=CONICAL_SURFACE('',#1579,5.965,0.785398163397448);
#24=CONICAL_SURFACE('',#1587,5.965,0.785398163397448);
#25=B_SPLINE_CURVE_WITH_KNOTS('',3,(#2390,#2391,#2392,#2393,#2394,#2395),
 .UNSPECIFIED.,.F.,.F.,(4,2,4),(3.77964843397738,4.15535221728577,4.27172120729444),
 .UNSPECIFIED.);
#26=B_SPLINE_CURVE_WITH_KNOTS('',3,(#2422,#2423,#2424,#2425,#2426,#2427),
 .UNSPECIFIED.,.F.,.F.,(4,2,4),(4.94304036649946,5.17686190980347,5.43089285256401),
 .UNSPECIFIED.);
#27=FACE_BOUND('',#187,.T.);
#28=FACE_BOUND('',#188,.T.);
#29=FACE_BOUND('',#194,.T.);
#30=FACE_BOUND('',#203,.T.);
#31=FACE_BOUND('',#210,.T.);
#32=FACE_BOUND('',#218,.T.);
#33=FACE_BOUND('',#219,.T.);
#34=FACE_BOUND('',#220,.T.);
#35=FACE_BOUND('',#228,.T.);
#36=FACE_BOUND('',#241,.T.);
#37=FACE_BOUND('',#244,.T.);
#38=PLANE('',#1472);
#39=PLANE('',#1473);
#40=PLANE('',#1478);
#41=PLANE('',#1481);
#42=PLANE('',#1486);
#43=PLANE('',#1487);
#44=PLANE('',#1498);
#45=PLANE('',#1499);
#46=PLANE('',#1500);
#47=PLANE('',#1503);
#48=PLANE('',#1505);
#49=PLANE('',#1506);
#50=PLANE('',#1507);
#51=PLANE('',#1508);
#52=PLANE('',#1509);
#53=PLANE('',#1513);
#54=PLANE('',#1514);
#55=PLANE('',#1515);
#56=PLANE('',#1516);
#57=PLANE('',#1517);
#58=PLANE('',#1521);
#59=PLANE('',#1525);
#60=PLANE('',#1527);
#61=PLANE('',#1529);
#62=PLANE('',#1530);
#63=PLANE('',#1537);
#64=PLANE('',#1538);
#65=PLANE('',#1545);
#66=PLANE('',#1546);
#67=PLANE('',#1547);
#68=PLANE('',#1556);
#69=PLANE('',#1560);
#70=PLANE('',#1566);
#71=PLANE('',#1576);
#72=PLANE('',#1578);
#73=PLANE('',#1581);
#74=PLANE('',#1584);
#75=PLANE('',#1585);
#76=PLANE('',#1591);
#77=PLANE('',#1596);
#78=PLANE('',#1599);
#79=PLANE('',#1604);
#80=PLANE('',#1607);
#81=PLANE('',#1611);
#82=PLANE('',#1612);
#83=PLANE('',#1613);
#84=PLANE('',#1614);
#85=PLANE('',#1616);
#86=PLANE('',#1617);
#87=PLANE('',#1620);
#88=FACE_OUTER_BOUND('',#170,.T.);
#89=FACE_OUTER_BOUND('',#171,.T.);
#90=FACE_OUTER_BOUND('',#172,.T.);
#91=FACE_OUTER_BOUND('',#173,.T.);
#92=FACE_OUTER_BOUND('',#174,.T.);
#93=FACE_OUTER_BOUND('',#175,.T.);
#94=FACE_OUTER_BOUND('',#176,.T.);
#95=FACE_OUTER_BOUND('',#177,.T.);
#96=FACE_OUTER_BOUND('',#178,.T.);
#97=FACE_OUTER_BOUND('',#179,.T.);
#98=FACE_OUTER_BOUND('',#180,.T.);
#99=FACE_OUTER_BOUND('',#181,.T.);
#100=FACE_OUTER_BOUND('',#182,.T.);
#101=FACE_OUTER_BOUND('',#183,.T.);
#102=FACE_OUTER_BOUND('',#184,.T.);
#103=FACE_OUTER_BOUND('',#185,.T.);
#104=FACE_OUTER_BOUND('',#186,.T.);
#105=FACE_OUTER_BOUND('',#189,.T.);
#106=FACE_OUTER_BOUND('',#190,.T.);
#107=FACE_OUTER_BOUND('',#191,.T.);
#108=FACE_OUTER_BOUND('',#192,.T.);
#109=FACE_OUTER_BOUND('',#193,.T.);
#110=FACE_OUTER_BOUND('',#195,.T.);
#111=FACE_OUTER_BOUND('',#196,.T.);
#112=FACE_OUTER_BOUND('',#197,.T.);
#113=FACE_OUTER_BOUND('',#198,.T.);
#114=FACE_OUTER_BOUND('',#199,.T.);
#115=FACE_OUTER_BOUND('',#200,.T.);
#116=FACE_OUTER_BOUND('',#201,.T.);
#117=FACE_OUTER_BOUND('',#202,.T.);
#118=FACE_OUTER_BOUND('',#204,.T.);
#119=FACE_OUTER_BOUND('',#205,.T.);
#120=FACE_OUTER_BOUND('',#206,.T.);
#121=FACE_OUTER_BOUND('',#207,.T.);
#122=FACE_OUTER_BOUND('',#208,.T.);
#123=FACE_OUTER_BOUND('',#209,.T.);
#124=FACE_OUTER_BOUND('',#211,.T.);
#125=FACE_OUTER_BOUND('',#212,.T.);
#126=FACE_OUTER_BOUND('',#213,.T.);
#127=FACE_OUTER_BOUND('',#214,.T.);
#128=FACE_OUTER_BOUND('',#215,.T.);
#129=FACE_OUTER_BOUND('',#216,.T.);
#130=FACE_OUTER_BOUND('',#217,.T.);
#131=FACE_OUTER_BOUND('',#221,.T.);
#132=FACE_OUTER_BOUND('',#222,.T.);
#133=FACE_OUTER_BOUND('',#223,.T.);
#134=FACE_OUTER_BOUND('',#224,.T.);
#135=FACE_OUTER_BOUND('',#225,.T.);
#136=FACE_OUTER_BOUND('',#226,.T.);
#137=FACE_OUTER_BOUND('',#227,.T.);
#138=FACE_OUTER_BOUND('',#229,.T.);
#139=FACE_OUTER_BOUND('',#230,.T.);
#140=FACE_OUTER_BOUND('',#231,.T.);
#141=FACE_OUTER_BOUND('',#232,.T.);
#142=FACE_OUTER_BOUND('',#233,.T.);
#143=FACE_OUTER_BOUND('',#234,.T.);
#144=FACE_OUTER_BOUND('',#235,.T.);
#145=FACE_OUTER_BOUND('',#236,.T.);
#146=FACE_OUTER_BOUND('',#237,.T.);
#147=FACE_OUTER_BOUND('',#238,.T.);
#148=FACE_OUTER_BOUND('',#239,.T.);
#149=FACE_OUTER_BOUND('',#240,.T.);
#150=FACE_OUTER_BOUND('',#242,.T.);
#151=FACE_OUTER_BOUND('',#243,.T.);
#152=FACE_OUTER_BOUND('',#245,.T.);
#153=FACE_OUTER_BOUND('',#246,.T.);
#154=FACE_OUTER_BOUND('',#247,.T.);
#155=FACE_OUTER_BOUND('',#248,.T.);
#156=FACE_OUTER_BOUND('',#249,.T.);
#157=FACE_OUTER_BOUND('',#250,.T.);
#158=FACE_OUTER_BOUND('',#251,.T.);
#159=FACE_OUTER_BOUND('',#252,.T.);
#160=FACE_OUTER_BOUND('',#253,.T.);
#161=FACE_OUTER_BOUND('',#254,.T.);
#162=FACE_OUTER_BOUND('',#255,.T.);
#163=FACE_OUTER_BOUND('',#256,.T.);
#164=FACE_OUTER_BOUND('',#257,.T.);
#165=FACE_OUTER_BOUND('',#258,.T.);
#166=FACE_OUTER_BOUND('',#259,.T.);
#167=FACE_OUTER_BOUND('',#260,.T.);
#168=FACE_OUTER_BOUND('',#261,.T.);
#169=FACE_OUTER_BOUND('',#262,.T.);
#170=EDGE_LOOP('',(#919,#920,#921,#922,#923,#924));
#171=EDGE_LOOP('',(#925,#926,#927,#928));
#172=EDGE_LOOP('',(#929,#930,#931,#932,#933,#934,#935,#936));
#173=EDGE_LOOP('',(#937));
#174=EDGE_LOOP('',(#938,#939,#940,#941,#942,#943,#944,#945));
#175=EDGE_LOOP('',(#946,#947,#948,#949));
#176=EDGE_LOOP('',(#950,#951,#952,#953));
#177=EDGE_LOOP('',(#954,#955,#956,#957,#958,#959,#960,#961));
#178=EDGE_LOOP('',(#962,#963,#964,#965));
#179=EDGE_LOOP('',(#966,#967,#968,#969,#970,#971,#972,#973));
#180=EDGE_LOOP('',(#974,#975,#976,#977,#978,#979,#980,#981,#982,#983,#984,
#985));
#181=EDGE_LOOP('',(#986,#987,#988,#989,#990,#991,#992,#993,#994,#995,#996,
#997));
#182=EDGE_LOOP('',(#998,#999,#1000,#1001,#1002,#1003,#1004,#1005,#1006));
#183=EDGE_LOOP('',(#1007,#1008,#1009,#1010,#1011));
#184=EDGE_LOOP('',(#1012,#1013,#1014,#1015));
#185=EDGE_LOOP('',(#1016,#1017,#1018,#1019));
#186=EDGE_LOOP('',(#1020,#1021,#1022,#1023,#1024,#1025,#1026,#1027,#1028,
#1029));
#187=EDGE_LOOP('',(#1030));
#188=EDGE_LOOP('',(#1031,#1032,#1033,#1034));
#189=EDGE_LOOP('',(#1035,#1036,#1037,#1038,#1039,#1040,#1041,#1042));
#190=EDGE_LOOP('',(#1043,#1044,#1045,#1046,#1047,#1048));
#191=EDGE_LOOP('',(#1049,#1050,#1051,#1052,#1053));
#192=EDGE_LOOP('',(#1054,#1055,#1056,#1057,#1058));
#193=EDGE_LOOP('',(#1059,#1060,#1061));
#194=EDGE_LOOP('',(#1062));
#195=EDGE_LOOP('',(#1063,#1064,#1065,#1066));
#196=EDGE_LOOP('',(#1067,#1068,#1069));
#197=EDGE_LOOP('',(#1070,#1071,#1072));
#198=EDGE_LOOP('',(#1073,#1074,#1075,#1076,#1077,#1078,#1079,#1080));
#199=EDGE_LOOP('',(#1081,#1082,#1083,#1084));
#200=EDGE_LOOP('',(#1085,#1086,#1087,#1088));
#201=EDGE_LOOP('',(#1089,#1090,#1091));
#202=EDGE_LOOP('',(#1092,#1093));
#203=EDGE_LOOP('',(#1094,#1095,#1096,#1097,#1098));
#204=EDGE_LOOP('',(#1099,#1100,#1101,#1102));
#205=EDGE_LOOP('',(#1103,#1104,#1105,#1106,#1107,#1108));
#206=EDGE_LOOP('',(#1109,#1110,#1111,#1112));
#207=EDGE_LOOP('',(#1113,#1114,#1115,#1116));
#208=EDGE_LOOP('',(#1117,#1118,#1119));
#209=EDGE_LOOP('',(#1120,#1121));
#210=EDGE_LOOP('',(#1122,#1123,#1124,#1125,#1126));
#211=EDGE_LOOP('',(#1127,#1128,#1129,#1130));
#212=EDGE_LOOP('',(#1131,#1132,#1133,#1134));
#213=EDGE_LOOP('',(#1135,#1136,#1137,#1138));
#214=EDGE_LOOP('',(#1139,#1140,#1141,#1142));
#215=EDGE_LOOP('',(#1143,#1144,#1145,#1146));
#216=EDGE_LOOP('',(#1147,#1148,#1149,#1150));
#217=EDGE_LOOP('',(#1151,#1152,#1153,#1154,#1155,#1156,#1157,#1158));
#218=EDGE_LOOP('',(#1159));
#219=EDGE_LOOP('',(#1160));
#220=EDGE_LOOP('',(#1161));
#221=EDGE_LOOP('',(#1162,#1163,#1164,#1165));
#222=EDGE_LOOP('',(#1166,#1167));
#223=EDGE_LOOP('',(#1168,#1169,#1170,#1171));
#224=EDGE_LOOP('',(#1172,#1173));
#225=EDGE_LOOP('',(#1174,#1175,#1176));
#226=EDGE_LOOP('',(#1177,#1178,#1179,#1180,#1181,#1182,#1183,#1184));
#227=EDGE_LOOP('',(#1185,#1186));
#228=EDGE_LOOP('',(#1187,#1188,#1189,#1190,#1191,#1192,#1193,#1194));
#229=EDGE_LOOP('',(#1195,#1196,#1197,#1198));
#230=EDGE_LOOP('',(#1199,#1200,#1201,#1202));
#231=EDGE_LOOP('',(#1203,#1204,#1205,#1206,#1207,#1208));
#232=EDGE_LOOP('',(#1209,#1210,#1211,#1212));
#233=EDGE_LOOP('',(#1213,#1214,#1215));
#234=EDGE_LOOP('',(#1216,#1217,#1218,#1219,#1220,#1221));
#235=EDGE_LOOP('',(#1222,#1223,#1224,#1225));
#236=EDGE_LOOP('',(#1226,#1227,#1228,#1229,#1230));
#237=EDGE_LOOP('',(#1231,#1232,#1233,#1234,#1235,#1236));
#238=EDGE_LOOP('',(#1237,#1238,#1239));
#239=EDGE_LOOP('',(#1240,#1241,#1242,#1243));
#240=EDGE_LOOP('',(#1244,#1245));
#241=EDGE_LOOP('',(#1246));
#242=EDGE_LOOP('',(#1247,#1248,#1249,#1250));
#243=EDGE_LOOP('',(#1251,#1252));
#244=EDGE_LOOP('',(#1253));
#245=EDGE_LOOP('',(#1254,#1255,#1256));
#246=EDGE_LOOP('',(#1257,#1258,#1259,#1260));
#247=EDGE_LOOP('',(#1261,#1262,#1263,#1264));
#248=EDGE_LOOP('',(#1265,#1266,#1267,#1268));
#249=EDGE_LOOP('',(#1269,#1270,#1271,#1272));
#250=EDGE_LOOP('',(#1273,#1274,#1275,#1276,#1277));
#251=EDGE_LOOP('',(#1278,#1279,#1280));
#252=EDGE_LOOP('',(#1281,#1282,#1283,#1284,#1285,#1286,#1287,#1288,#1289,
#1290,#1291,#1292));
#253=EDGE_LOOP('',(#1293,#1294,#1295));
#254=EDGE_LOOP('',(#1296,#1297,#1298,#1299));
#255=EDGE_LOOP('',(#1300,#1301,#1302,#1303));
#256=EDGE_LOOP('',(#1304,#1305,#1306,#1307));
#257=EDGE_LOOP('',(#1308,#1309,#1310));
#258=EDGE_LOOP('',(#1311,#1312,#1313));
#259=EDGE_LOOP('',(#1314,#1315,#1316,#1317));
#260=EDGE_LOOP('',(#1318,#1319,#1320,#1321));
#261=EDGE_LOOP('',(#1322,#1323,#1324,#1325));
#262=EDGE_LOOP('',(#1326,#1327,#1328));
#263=CIRCLE('',#1463,19.);
#264=CIRCLE('',#1465,1.);
#265=CIRCLE('',#1466,1.);
#266=CIRCLE('',#1468,1.);
#267=CIRCLE('',#1469,1.);
#268=CIRCLE('',#1470,1.);
#269=CIRCLE('',#1471,1.);
#270=CIRCLE('',#1474,19.);
#271=CIRCLE('',#1475,19.);
#272=CIRCLE('',#1477,19.);
#273=CIRCLE('',#1489,15.9208330208766);
#274=CIRCLE('',#1490,15.9208330208766);
#275=CIRCLE('',#1491,15.9208330208766);
#276=CIRCLE('',#1492,15.9208330208766);
#277=CIRCLE('',#1493,15.9208330208766);
#278=CIRCLE('',#1495,19.);
#279=CIRCLE('',#1502,13.500000603497);
#280=CIRCLE('',#1504,19.);
#281=CIRCLE('',#1511,6.50000009685755);
#282=CIRCLE('',#1512,6.50000009685755);
#283=CIRCLE('',#1520,19.);
#284=CIRCLE('',#1524,19.);
#285=CIRCLE('',#1526,3.5);
#286=CIRCLE('',#1528,3.5);
#287=CIRCLE('',#1531,10.);
#288=CIRCLE('',#1532,3.485);
#289=CIRCLE('',#1533,2.4875);
#290=CIRCLE('',#1534,2.4875);
#291=CIRCLE('',#1535,3.485);
#292=CIRCLE('',#1536,2.4875);
#293=CIRCLE('',#1540,4.95);
#294=CIRCLE('',#1541,4.95);
#295=CIRCLE('',#1543,4.95);
#296=CIRCLE('',#1544,4.95);
#297=CIRCLE('',#1548,10.);
#298=CIRCLE('',#1549,10.);
#299=CIRCLE('',#1550,1.2925);
#300=CIRCLE('',#1551,1.2925);
#301=CIRCLE('',#1552,2.4875);
#302=CIRCLE('',#1554,3.5);
#303=CIRCLE('',#1555,3.5);
#304=CIRCLE('',#1558,3.5);
#305=CIRCLE('',#1559,3.5);
#306=CIRCLE('',#1562,10.);
#307=CIRCLE('',#1565,10.);
#308=CIRCLE('',#1567,15.9208330208766);
#309=CIRCLE('',#1568,10.);
#310=CIRCLE('',#1569,15.9208330208766);
#311=CIRCLE('',#1575,10.);
#312=CIRCLE('',#1577,10.);
#313=CIRCLE('',#1580,3.5);
#314=CIRCLE('',#1588,3.5);
#315=CIRCLE('',#1590,3.485);
#316=CIRCLE('',#1592,2.4875);
#317=CIRCLE('',#1593,1.2925);
#318=CIRCLE('',#1595,3.485);
#319=CIRCLE('',#1597,2.4875);
#320=CIRCLE('',#1598,1.2925);
#321=CIRCLE('',#1610,13.500000603497);
#322=CIRCLE('',#1619,13.500000603497);
#323=ELLIPSE('',#1459,26.8700576850888,19.);
#324=ELLIPSE('',#1460,26.8700576850888,19.);
#325=ELLIPSE('',#1461,26.8700576850888,19.);
#326=ELLIPSE('',#1462,44.9578300798975,19.);
#327=ELLIPSE('',#1479,20.9641804602873,19.);
#328=ELLIPSE('',#1480,14.8956025718789,13.500000603497);
#329=ELLIPSE('',#1482,37.6719002991047,15.9208330208766);
#330=ELLIPSE('',#1483,20.9641804602873,19.);
#331=ELLIPSE('',#1484,44.9578300798975,19.);
#332=ELLIPSE('',#1485,20.9641804602873,19.);
#333=ELLIPSE('',#1496,26.8700576850888,19.);
#334=ELLIPSE('',#1497,26.8700576850888,19.);
#335=ELLIPSE('',#1519,26.8700576850888,19.);
#336=ELLIPSE('',#1563,14.1421356237309,10.);
#337=ELLIPSE('',#1571,22.5154579824011,15.9208330208766);
#338=ELLIPSE('',#1573,14.1421356237309,10.);
#339=ELLIPSE('',#1574,14.1421356237309,10.);
#340=ELLIPSE('',#1582,14.1421356237309,10.);
#341=ELLIPSE('',#1586,22.5154579824011,15.9208330208766);
#342=ELLIPSE('',#1608,14.8956025718789,13.500000603497);
#343=ELLIPSE('',#1615,14.8956025718789,13.500000603497);
#344=LINE('',#2081,#466);
#345=LINE('',#2095,#467);
#346=LINE('',#2102,#468);
#347=LINE('',#2106,#469);
#348=LINE('',#2109,#470);
#349=LINE('',#2116,#471);
#350=LINE('',#2118,#472);
#351=LINE('',#2120,#473);
#352=LINE('',#2122,#474);
#353=LINE('',#2124,#475);
#354=LINE('',#2129,#476);
#355=LINE('',#2133,#477);
#356=LINE('',#2137,#478);
#357=LINE('',#2141,#479);
#358=LINE('',#2143,#480);
#359=LINE('',#2146,#481);
#360=LINE('',#2153,#482);
#361=LINE('',#2155,#483);
#362=LINE('',#2156,#484);
#363=LINE('',#2159,#485);
#364=LINE('',#2161,#486);
#365=LINE('',#2162,#487);
#366=LINE('',#2163,#488);
#367=LINE('',#2164,#489);
#368=LINE('',#2167,#490);
#369=LINE('',#2171,#491);
#370=LINE('',#2175,#492);
#371=LINE('',#2179,#493);
#372=LINE('',#2183,#494);
#373=LINE('',#2187,#495);
#374=LINE('',#2188,#496);
#375=LINE('',#2196,#497);
#376=LINE('',#2198,#498);
#377=LINE('',#2200,#499);
#378=LINE('',#2201,#500);
#379=LINE('',#2203,#501);
#380=LINE('',#2204,#502);
#381=LINE('',#2206,#503);
#382=LINE('',#2209,#504);
#383=LINE('',#2210,#505);
#384=LINE('',#2217,#506);
#385=LINE('',#2219,#507);
#386=LINE('',#2221,#508);
#387=LINE('',#2222,#509);
#388=LINE('',#2225,#510);
#389=LINE('',#2227,#511);
#390=LINE('',#2229,#512);
#391=LINE('',#2231,#513);
#392=LINE('',#2233,#514);
#393=LINE('',#2235,#515);
#394=LINE('',#2236,#516);
#395=LINE('',#2239,#517);
#396=LINE('',#2241,#518);
#397=LINE('',#2243,#519);
#398=LINE('',#2244,#520);
#399=LINE('',#2247,#521);
#400=LINE('',#2248,#522);
#401=LINE('',#2250,#523);
#402=LINE('',#2251,#524);
#403=LINE('',#2254,#525);
#404=LINE('',#2255,#526);
#405=LINE('',#2257,#527);
#406=LINE('',#2258,#528);
#407=LINE('',#2264,#529);
#408=LINE('',#2267,#530);
#409=LINE('',#2271,#531);
#410=LINE('',#2272,#532);
#411=LINE('',#2273,#533);
#412=LINE('',#2275,#534);
#413=LINE('',#2286,#535);
#414=LINE('',#2290,#536);
#415=LINE('',#2293,#537);
#416=LINE('',#2309,#538);
#417=LINE('',#2311,#539);
#418=LINE('',#2313,#540);
#419=LINE('',#2314,#541);
#420=LINE('',#2318,#542);
#421=LINE('',#2320,#543);
#422=LINE('',#2322,#544);
#423=LINE('',#2323,#545);
#424=LINE('',#2329,#546);
#425=LINE('',#2334,#547);
#426=LINE('',#2338,#548);
#427=LINE('',#2340,#549);
#428=LINE('',#2341,#550);
#429=LINE('',#2344,#551);
#430=LINE('',#2346,#552);
#431=LINE('',#2347,#553);
#432=LINE('',#2361,#554);
#433=LINE('',#2366,#555);
#434=LINE('',#2375,#556);
#435=LINE('',#2376,#557);
#436=LINE('',#2381,#558);
#437=LINE('',#2385,#559);
#438=LINE('',#2406,#560);
#439=LINE('',#2410,#561);
#440=LINE('',#2412,#562);
#441=LINE('',#2414,#563);
#442=LINE('',#2419,#564);
#443=LINE('',#2420,#565);
#444=LINE('',#2431,#566);
#445=LINE('',#2434,#567);
#446=LINE('',#2441,#568);
#447=LINE('',#2444,#569);
#448=LINE('',#2451,#570);
#449=LINE('',#2453,#571);
#450=LINE('',#2456,#572);
#451=LINE('',#2460,#573);
#452=LINE('',#2464,#574);
#453=LINE('',#2467,#575);
#454=LINE('',#2470,#576);
#455=LINE('',#2473,#577);
#456=LINE('',#2476,#578);
#457=LINE('',#2477,#579);
#458=LINE('',#2479,#580);
#459=LINE('',#2484,#581);
#460=LINE('',#2486,#582);
#461=LINE('',#2490,#583);
#462=LINE('',#2492,#584);
#463=LINE('',#2493,#585);
#464=LINE('',#2496,#586);
#465=LINE('',#2497,#587);
#466=VECTOR('',#1628,19.);
#467=VECTOR('',#1643,1.);
#468=VECTOR('',#1650,10.);
#469=VECTOR('',#1653,10.);
#470=VECTOR('',#1656,1.);
#471=VECTOR('',#1665,10.);
#472=VECTOR('',#1666,10.);
#473=VECTOR('',#1667,10.);
#474=VECTOR('',#1668,10.);
#475=VECTOR('',#1669,10.);
#476=VECTOR('',#1676,10.);
#477=VECTOR('',#1679,10.);
#478=VECTOR('',#1682,10.);
#479=VECTOR('',#1687,10.);
#480=VECTOR('',#1688,10.);
#481=VECTOR('',#1691,10.);
#482=VECTOR('',#1700,10.);
#483=VECTOR('',#1701,10.);
#484=VECTOR('',#1702,10.);
#485=VECTOR('',#1705,10.);
#486=VECTOR('',#1706,10.);
#487=VECTOR('',#1707,10.);
#488=VECTOR('',#1708,10.);
#489=VECTOR('',#1709,10.);
#490=VECTOR('',#1712,10.);
#491=VECTOR('',#1715,10.);
#492=VECTOR('',#1718,10.);
#493=VECTOR('',#1721,10.);
#494=VECTOR('',#1724,10.);
#495=VECTOR('',#1729,10.);
#496=VECTOR('',#1730,10.);
#497=VECTOR('',#1739,10.);
#498=VECTOR('',#1740,10.);
#499=VECTOR('',#1741,10.);
#500=VECTOR('',#1742,10.);
#501=VECTOR('',#1743,10.);
#502=VECTOR('',#1744,10.);
#503=VECTOR('',#1747,10.);
#504=VECTOR('',#1750,10.);
#505=VECTOR('',#1751,10.);
#506=VECTOR('',#1760,10.);
#507=VECTOR('',#1761,10.);
#508=VECTOR('',#1762,10.);
#509=VECTOR('',#1763,10.);
#510=VECTOR('',#1766,10.);
#511=VECTOR('',#1767,10.);
#512=VECTOR('',#1768,10.);
#513=VECTOR('',#1769,10.);
#514=VECTOR('',#1770,10.);
#515=VECTOR('',#1771,10.);
#516=VECTOR('',#1772,10.);
#517=VECTOR('',#1775,10.);
#518=VECTOR('',#1776,10.);
#519=VECTOR('',#1777,10.);
#520=VECTOR('',#1778,10.);
#521=VECTOR('',#1781,10.);
#522=VECTOR('',#1782,10.);
#523=VECTOR('',#1783,10.);
#524=VECTOR('',#1784,10.);
#525=VECTOR('',#1787,10.);
#526=VECTOR('',#1788,10.);
#527=VECTOR('',#1789,10.);
#528=VECTOR('',#1790,10.);
#529=VECTOR('',#1797,10.);
#530=VECTOR('',#1802,10.);
#531=VECTOR('',#1807,10.);
#532=VECTOR('',#1808,10.);
#533=VECTOR('',#1809,10.);
#534=VECTOR('',#1812,10.);
#535=VECTOR('',#1831,10.);
#536=VECTOR('',#1836,10.);
#537=VECTOR('',#1841,10.);
#538=VECTOR('',#1858,10.);
#539=VECTOR('',#1859,10.);
#540=VECTOR('',#1860,10.);
#541=VECTOR('',#1861,10.);
#542=VECTOR('',#1864,10.);
#543=VECTOR('',#1865,10.);
#544=VECTOR('',#1866,10.);
#545=VECTOR('',#1867,10.);
#546=VECTOR('',#1874,10.);
#547=VECTOR('',#1879,10.);
#548=VECTOR('',#1884,10.);
#549=VECTOR('',#1885,10.);
#550=VECTOR('',#1886,10.);
#551=VECTOR('',#1889,10.);
#552=VECTOR('',#1890,10.);
#553=VECTOR('',#1891,10.);
#554=VECTOR('',#1910,10.);
#555=VECTOR('',#1917,10.);
#556=VECTOR('',#1932,10.);
#557=VECTOR('',#1933,10.);
#558=VECTOR('',#1938,10.);
#559=VECTOR('',#1941,10.);
#560=VECTOR('',#1964,10.);
#561=VECTOR('',#1971,10.);
#562=VECTOR('',#1974,10.);
#563=VECTOR('',#1977,10.);
#564=VECTOR('',#1982,10.);
#565=VECTOR('',#1983,10.);
#566=VECTOR('',#1990,10.);
#567=VECTOR('',#1993,10.);
#568=VECTOR('',#2002,10.);
#569=VECTOR('',#2005,10.);
#570=VECTOR('',#2016,1.2925);
#571=VECTOR('',#2019,1.2925);
#572=VECTOR('',#2024,10.);
#573=VECTOR('',#2031,2.4875);
#574=VECTOR('',#2034,10.);
#575=VECTOR('',#2037,10.);
#576=VECTOR('',#2040,10.);
#577=VECTOR('',#2043,10.);
#578=VECTOR('',#2046,10.);
#579=VECTOR('',#2047,10.);
#580=VECTOR('',#2050,10.);
#581=VECTOR('',#2055,10.);
#582=VECTOR('',#2056,10.);
#583=VECTOR('',#2061,10.);
#584=VECTOR('',#2062,10.);
#585=VECTOR('',#2063,10.);
#586=VECTOR('',#2066,10.);
#587=VECTOR('',#2067,10.);
#588=VERTEX_POINT('',#2079);
#589=VERTEX_POINT('',#2080);
#590=VERTEX_POINT('',#2082);
#591=VERTEX_POINT('',#2084);
#592=VERTEX_POINT('',#2086);
#593=VERTEX_POINT('',#2088);
#594=VERTEX_POINT('',#2092);
#595=VERTEX_POINT('',#2094);
#596=VERTEX_POINT('',#2098);
#597=VERTEX_POINT('',#2099);
#598=VERTEX_POINT('',#2101);
#599=VERTEX_POINT('',#2103);
#600=VERTEX_POINT('',#2105);
#601=VERTEX_POINT('',#2108);
#602=VERTEX_POINT('',#2113);
#603=VERTEX_POINT('',#2115);
#604=VERTEX_POINT('',#2117);
#605=VERTEX_POINT('',#2119);
#606=VERTEX_POINT('',#2121);
#607=VERTEX_POINT('',#2123);
#608=VERTEX_POINT('',#2127);
#609=VERTEX_POINT('',#2131);
#610=VERTEX_POINT('',#2132);
#611=VERTEX_POINT('',#2134);
#612=VERTEX_POINT('',#2136);
#613=VERTEX_POINT('',#2140);
#614=VERTEX_POINT('',#2142);
#615=VERTEX_POINT('',#2144);
#616=VERTEX_POINT('',#2147);
#617=VERTEX_POINT('',#2152);
#618=VERTEX_POINT('',#2154);
#619=VERTEX_POINT('',#2158);
#620=VERTEX_POINT('',#2160);
#621=VERTEX_POINT('',#2166);
#622=VERTEX_POINT('',#2168);
#623=VERTEX_POINT('',#2170);
#624=VERTEX_POINT('',#2172);
#625=VERTEX_POINT('',#2174);
#626=VERTEX_POINT('',#2176);
#627=VERTEX_POINT('',#2178);
#628=VERTEX_POINT('',#2180);
#629=VERTEX_POINT('',#2182);
#630=VERTEX_POINT('',#2186);
#631=VERTEX_POINT('',#2189);
#632=VERTEX_POINT('',#2191);
#633=VERTEX_POINT('',#2195);
#634=VERTEX_POINT('',#2197);
#635=VERTEX_POINT('',#2199);
#636=VERTEX_POINT('',#2202);
#637=VERTEX_POINT('',#2208);
#638=VERTEX_POINT('',#2215);
#639=VERTEX_POINT('',#2216);
#640=VERTEX_POINT('',#2218);
#641=VERTEX_POINT('',#2220);
#642=VERTEX_POINT('',#2224);
#643=VERTEX_POINT('',#2226);
#644=VERTEX_POINT('',#2228);
#645=VERTEX_POINT('',#2230);
#646=VERTEX_POINT('',#2232);
#647=VERTEX_POINT('',#2234);
#648=VERTEX_POINT('',#2238);
#649=VERTEX_POINT('',#2240);
#650=VERTEX_POINT('',#2242);
#651=VERTEX_POINT('',#2246);
#652=VERTEX_POINT('',#2249);
#653=VERTEX_POINT('',#2253);
#654=VERTEX_POINT('',#2256);
#655=VERTEX_POINT('',#2261);
#656=VERTEX_POINT('',#2263);
#657=VERTEX_POINT('',#2270);
#658=VERTEX_POINT('',#2285);
#659=VERTEX_POINT('',#2289);
#660=VERTEX_POINT('',#2296);
#661=VERTEX_POINT('',#2297);
#662=VERTEX_POINT('',#2299);
#663=VERTEX_POINT('',#2301);
#664=VERTEX_POINT('',#2303);
#665=VERTEX_POINT('',#2307);
#666=VERTEX_POINT('',#2308);
#667=VERTEX_POINT('',#2310);
#668=VERTEX_POINT('',#2312);
#669=VERTEX_POINT('',#2316);
#670=VERTEX_POINT('',#2317);
#671=VERTEX_POINT('',#2319);
#672=VERTEX_POINT('',#2321);
#673=VERTEX_POINT('',#2325);
#674=VERTEX_POINT('',#2327);
#675=VERTEX_POINT('',#2331);
#676=VERTEX_POINT('',#2333);
#677=VERTEX_POINT('',#2337);
#678=VERTEX_POINT('',#2339);
#679=VERTEX_POINT('',#2343);
#680=VERTEX_POINT('',#2345);
#681=VERTEX_POINT('',#2351);
#682=VERTEX_POINT('',#2353);
#683=VERTEX_POINT('',#2355);
#684=VERTEX_POINT('',#2358);
#685=VERTEX_POINT('',#2364);
#686=VERTEX_POINT('',#2370);
#687=VERTEX_POINT('',#2378);
#688=VERTEX_POINT('',#2380);
#689=VERTEX_POINT('',#2382);
#690=VERTEX_POINT('',#2384);
#691=VERTEX_POINT('',#2388);
#692=VERTEX_POINT('',#2397);
#693=VERTEX_POINT('',#2405);
#694=VERTEX_POINT('',#2416);
#695=VERTEX_POINT('',#2418);
#696=VERTEX_POINT('',#2430);
#697=VERTEX_POINT('',#2432);
#698=VERTEX_POINT('',#2437);
#699=VERTEX_POINT('',#2440);
#700=VERTEX_POINT('',#2442);
#701=VERTEX_POINT('',#2447);
#702=VERTEX_POINT('',#2462);
#703=VERTEX_POINT('',#2463);
#704=VERTEX_POINT('',#2465);
#705=VERTEX_POINT('',#2469);
#706=VERTEX_POINT('',#2471);
#707=VERTEX_POINT('',#2475);
#708=VERTEX_POINT('',#2482);
#709=VERTEX_POINT('',#2483);
#710=VERTEX_POINT('',#2485);
#711=VERTEX_POINT('',#2489);
#712=VERTEX_POINT('',#2491);
#713=VERTEX_POINT('',#2495);
#714=EDGE_CURVE('',#588,#589,#344,.T.);
#715=EDGE_CURVE('',#588,#590,#323,.T.);
#716=EDGE_CURVE('',#590,#591,#324,.T.);
#717=EDGE_CURVE('',#591,#592,#325,.T.);
#718=EDGE_CURVE('',#592,#593,#326,.T.);
#719=EDGE_CURVE('',#593,#589,#263,.T.);
#720=EDGE_CURVE('',#594,#594,#264,.T.);
#721=EDGE_CURVE('',#594,#595,#345,.T.);
#722=EDGE_CURVE('',#595,#595,#265,.T.);
#723=EDGE_CURVE('',#596,#597,#266,.T.);
#724=EDGE_CURVE('',#598,#596,#346,.T.);
#725=EDGE_CURVE('',#599,#598,#267,.T.);
#726=EDGE_CURVE('',#600,#599,#347,.T.);
#727=EDGE_CURVE('',#597,#600,#268,.T.);
#728=EDGE_CURVE('',#597,#601,#348,.T.);
#729=EDGE_CURVE('',#601,#601,#269,.T.);
#730=EDGE_CURVE('',#598,#602,#270,.T.);
#731=EDGE_CURVE('',#603,#602,#349,.T.);
#732=EDGE_CURVE('',#604,#603,#350,.T.);
#733=EDGE_CURVE('',#605,#604,#351,.T.);
#734=EDGE_CURVE('',#606,#605,#352,.T.);
#735=EDGE_CURVE('',#606,#607,#353,.T.);
#736=EDGE_CURVE('',#607,#599,#271,.T.);
#737=EDGE_CURVE('',#596,#608,#272,.T.);
#738=EDGE_CURVE('',#602,#608,#354,.T.);
#739=EDGE_CURVE('',#609,#610,#355,.T.);
#740=EDGE_CURVE('',#611,#609,#327,.T.);
#741=EDGE_CURVE('',#612,#611,#356,.T.);
#742=EDGE_CURVE('',#610,#612,#328,.T.);
#743=EDGE_CURVE('',#613,#609,#357,.T.);
#744=EDGE_CURVE('',#614,#613,#358,.T.);
#745=EDGE_CURVE('',#615,#614,#329,.T.);
#746=EDGE_CURVE('',#611,#615,#359,.T.);
#747=EDGE_CURVE('',#616,#611,#330,.T.);
#748=EDGE_CURVE('',#593,#616,#331,.T.);
#749=EDGE_CURVE('',#609,#592,#332,.T.);
#750=EDGE_CURVE('',#611,#617,#360,.T.);
#751=EDGE_CURVE('',#617,#618,#361,.T.);
#752=EDGE_CURVE('',#612,#618,#362,.T.);
#753=EDGE_CURVE('',#619,#615,#363,.T.);
#754=EDGE_CURVE('',#619,#620,#364,.T.);
#755=EDGE_CURVE('',#603,#620,#365,.T.);
#756=EDGE_CURVE('',#608,#617,#366,.T.);
#757=EDGE_CURVE('',#611,#617,#367,.T.);
#758=EDGE_CURVE('',#621,#614,#368,.T.);
#759=EDGE_CURVE('',#622,#621,#273,.T.);
#760=EDGE_CURVE('',#623,#622,#369,.T.);
#761=EDGE_CURVE('',#623,#624,#274,.T.);
#762=EDGE_CURVE('',#624,#625,#370,.T.);
#763=EDGE_CURVE('',#625,#626,#275,.T.);
#764=EDGE_CURVE('',#626,#627,#371,.T.);
#765=EDGE_CURVE('',#627,#628,#276,.T.);
#766=EDGE_CURVE('',#628,#629,#372,.T.);
#767=EDGE_CURVE('',#619,#629,#277,.T.);
#768=EDGE_CURVE('',#630,#609,#373,.T.);
#769=EDGE_CURVE('',#630,#609,#374,.T.);
#770=EDGE_CURVE('',#590,#631,#278,.T.);
#771=EDGE_CURVE('',#632,#631,#333,.T.);
#772=EDGE_CURVE('',#616,#632,#334,.T.);
#773=EDGE_CURVE('',#613,#633,#375,.T.);
#774=EDGE_CURVE('',#633,#634,#376,.T.);
#775=EDGE_CURVE('',#634,#635,#377,.T.);
#776=EDGE_CURVE('',#635,#607,#378,.T.);
#777=EDGE_CURVE('',#636,#606,#379,.T.);
#778=EDGE_CURVE('',#636,#621,#380,.T.);
#779=EDGE_CURVE('',#630,#634,#381,.T.);
#780=EDGE_CURVE('',#610,#637,#382,.T.);
#781=EDGE_CURVE('',#637,#630,#383,.T.);
#782=EDGE_CURVE('',#618,#637,#279,.T.);
#783=EDGE_CURVE('',#635,#600,#280,.T.);
#784=EDGE_CURVE('',#638,#639,#384,.T.);
#785=EDGE_CURVE('',#640,#638,#385,.T.);
#786=EDGE_CURVE('',#641,#640,#386,.T.);
#787=EDGE_CURVE('',#639,#641,#387,.T.);
#788=EDGE_CURVE('',#640,#642,#388,.T.);
#789=EDGE_CURVE('',#642,#643,#389,.T.);
#790=EDGE_CURVE('',#644,#643,#390,.T.);
#791=EDGE_CURVE('',#645,#644,#391,.T.);
#792=EDGE_CURVE('',#645,#646,#392,.T.);
#793=EDGE_CURVE('',#646,#647,#393,.T.);
#794=EDGE_CURVE('',#641,#647,#394,.T.);
#795=EDGE_CURVE('',#638,#648,#395,.T.);
#796=EDGE_CURVE('',#648,#649,#396,.T.);
#797=EDGE_CURVE('',#649,#650,#397,.T.);
#798=EDGE_CURVE('',#650,#642,#398,.T.);
#799=EDGE_CURVE('',#644,#651,#399,.T.);
#800=EDGE_CURVE('',#650,#643,#400,.T.);
#801=EDGE_CURVE('',#650,#652,#401,.T.);
#802=EDGE_CURVE('',#651,#652,#402,.T.);
#803=EDGE_CURVE('',#651,#653,#403,.T.);
#804=EDGE_CURVE('',#652,#649,#404,.T.);
#805=EDGE_CURVE('',#654,#649,#405,.T.);
#806=EDGE_CURVE('',#653,#654,#406,.T.);
#807=EDGE_CURVE('',#655,#645,#281,.T.);
#808=EDGE_CURVE('',#655,#656,#407,.T.);
#809=EDGE_CURVE('',#646,#656,#282,.T.);
#810=EDGE_CURVE('',#654,#648,#408,.T.);
#811=EDGE_CURVE('',#639,#657,#409,.T.);
#812=EDGE_CURVE('',#657,#656,#410,.T.);
#813=EDGE_CURVE('',#653,#655,#411,.T.);
#814=EDGE_CURVE('',#647,#657,#412,.T.);
#815=EDGE_CURVE('',#631,#588,#335,.T.);
#816=EDGE_CURVE('',#631,#590,#283,.T.);
#817=EDGE_CURVE('',#589,#593,#284,.T.);
#818=EDGE_CURVE('',#636,#658,#413,.T.);
#819=EDGE_CURVE('',#658,#622,#285,.T.);
#820=EDGE_CURVE('',#659,#620,#414,.T.);
#821=EDGE_CURVE('',#629,#659,#286,.T.);
#822=EDGE_CURVE('',#605,#636,#415,.T.);
#823=EDGE_CURVE('',#604,#605,#287,.T.);
#824=EDGE_CURVE('',#660,#661,#288,.T.);
#825=EDGE_CURVE('',#661,#662,#289,.T.);
#826=EDGE_CURVE('',#662,#663,#290,.T.);
#827=EDGE_CURVE('',#663,#664,#291,.T.);
#828=EDGE_CURVE('',#664,#660,#292,.T.);
#829=EDGE_CURVE('',#665,#666,#416,.T.);
#830=EDGE_CURVE('',#666,#667,#417,.T.);
#831=EDGE_CURVE('',#667,#668,#418,.T.);
#832=EDGE_CURVE('',#665,#668,#419,.T.);
#833=EDGE_CURVE('',#669,#670,#420,.T.);
#834=EDGE_CURVE('',#671,#670,#421,.T.);
#835=EDGE_CURVE('',#671,#672,#422,.T.);
#836=EDGE_CURVE('',#669,#672,#423,.T.);
#837=EDGE_CURVE('',#673,#669,#293,.T.);
#838=EDGE_CURVE('',#672,#674,#294,.T.);
#839=EDGE_CURVE('',#673,#674,#424,.T.);
#840=EDGE_CURVE('',#666,#675,#295,.T.);
#841=EDGE_CURVE('',#675,#676,#425,.T.);
#842=EDGE_CURVE('',#676,#667,#296,.T.);
#843=EDGE_CURVE('',#675,#677,#426,.T.);
#844=EDGE_CURVE('',#678,#677,#427,.T.);
#845=EDGE_CURVE('',#678,#676,#428,.T.);
#846=EDGE_CURVE('',#679,#673,#429,.T.);
#847=EDGE_CURVE('',#674,#680,#430,.T.);
#848=EDGE_CURVE('',#679,#680,#431,.T.);
#849=EDGE_CURVE('',#668,#671,#297,.T.);
#850=EDGE_CURVE('',#680,#678,#298,.T.);
#851=EDGE_CURVE('',#681,#681,#299,.T.);
#852=EDGE_CURVE('',#682,#682,#300,.T.);
#853=EDGE_CURVE('',#683,#683,#301,.T.);
#854=EDGE_CURVE('',#625,#684,#302,.T.);
#855=EDGE_CURVE('',#624,#623,#303,.T.);
#856=EDGE_CURVE('',#684,#623,#432,.T.);
#857=EDGE_CURVE('',#685,#626,#304,.T.);
#858=EDGE_CURVE('',#628,#685,#433,.T.);
#859=EDGE_CURVE('',#628,#627,#305,.T.);
#860=EDGE_CURVE('',#677,#686,#306,.T.);
#861=EDGE_CURVE('',#678,#686,#336,.F.);
#862=EDGE_CURVE('',#670,#679,#307,.T.);
#863=EDGE_CURVE('',#678,#605,#434,.T.);
#864=EDGE_CURVE('',#668,#604,#435,.T.);
#865=EDGE_CURVE('',#687,#684,#308,.T.);
#866=EDGE_CURVE('',#688,#687,#436,.T.);
#867=EDGE_CURVE('',#688,#689,#309,.T.);
#868=EDGE_CURVE('',#690,#689,#437,.T.);
#869=EDGE_CURVE('',#685,#690,#310,.T.);
#870=EDGE_CURVE('',#690,#691,#337,.T.);
#871=EDGE_CURVE('',#691,#628,#25,.T.);
#872=EDGE_CURVE('',#689,#692,#338,.F.);
#873=EDGE_CURVE('',#686,#688,#339,.F.);
#874=EDGE_CURVE('',#686,#692,#311,.T.);
#875=EDGE_CURVE('',#692,#665,#312,.T.);
#876=EDGE_CURVE('',#691,#693,#438,.T.);
#877=EDGE_CURVE('',#693,#628,#313,.T.);
#878=EDGE_CURVE('',#692,#668,#340,.F.);
#879=EDGE_CURVE('',#668,#693,#439,.T.);
#880=EDGE_CURVE('',#693,#659,#440,.T.);
#881=EDGE_CURVE('',#620,#604,#441,.T.);
#882=EDGE_CURVE('',#687,#694,#341,.F.);
#883=EDGE_CURVE('',#694,#695,#442,.T.);
#884=EDGE_CURVE('',#695,#678,#443,.T.);
#885=EDGE_CURVE('',#694,#623,#26,.F.);
#886=EDGE_CURVE('',#623,#695,#314,.T.);
#887=EDGE_CURVE('',#696,#660,#444,.T.);
#888=EDGE_CURVE('',#696,#697,#315,.T.);
#889=EDGE_CURVE('',#661,#697,#445,.T.);
#890=EDGE_CURVE('',#697,#696,#316,.T.);
#891=EDGE_CURVE('',#698,#698,#317,.T.);
#892=EDGE_CURVE('',#699,#663,#446,.T.);
#893=EDGE_CURVE('',#699,#700,#318,.T.);
#894=EDGE_CURVE('',#664,#700,#447,.T.);
#895=EDGE_CURVE('',#700,#699,#319,.T.);
#896=EDGE_CURVE('',#701,#701,#320,.T.);
#897=EDGE_CURVE('',#701,#681,#448,.T.);
#898=EDGE_CURVE('',#698,#682,#449,.T.);
#899=EDGE_CURVE('',#695,#658,#450,.T.);
#900=EDGE_CURVE('',#662,#683,#451,.T.);
#901=EDGE_CURVE('',#702,#703,#452,.T.);
#902=EDGE_CURVE('',#704,#702,#342,.T.);
#903=EDGE_CURVE('',#703,#704,#453,.T.);
#904=EDGE_CURVE('',#705,#702,#454,.T.);
#905=EDGE_CURVE('',#706,#705,#321,.T.);
#906=EDGE_CURVE('',#704,#706,#455,.T.);
#907=EDGE_CURVE('',#707,#703,#456,.T.);
#908=EDGE_CURVE('',#705,#707,#457,.T.);
#909=EDGE_CURVE('',#707,#706,#458,.T.);
#910=EDGE_CURVE('',#708,#709,#459,.T.);
#911=EDGE_CURVE('',#710,#708,#460,.T.);
#912=EDGE_CURVE('',#709,#710,#343,.T.);
#913=EDGE_CURVE('',#711,#708,#461,.T.);
#914=EDGE_CURVE('',#712,#711,#462,.T.);
#915=EDGE_CURVE('',#710,#712,#463,.T.);
#916=EDGE_CURVE('',#713,#709,#464,.T.);
#917=EDGE_CURVE('',#711,#713,#465,.T.);
#918=EDGE_CURVE('',#713,#712,#322,.T.);
#919=ORIENTED_EDGE('',*,*,#714,.F.);
#920=ORIENTED_EDGE('',*,*,#715,.T.);
#921=ORIENTED_EDGE('',*,*,#716,.T.);
#922=ORIENTED_EDGE('',*,*,#717,.T.);
#923=ORIENTED_EDGE('',*,*,#718,.T.);
#924=ORIENTED_EDGE('',*,*,#719,.T.);
#925=ORIENTED_EDGE('',*,*,#720,.F.);
#926=ORIENTED_EDGE('',*,*,#721,.T.);
#927=ORIENTED_EDGE('',*,*,#722,.F.);
#928=ORIENTED_EDGE('',*,*,#721,.F.);
#929=ORIENTED_EDGE('',*,*,#723,.F.);
#930=ORIENTED_EDGE('',*,*,#724,.F.);
#931=ORIENTED_EDGE('',*,*,#725,.F.);
#932=ORIENTED_EDGE('',*,*,#726,.F.);
#933=ORIENTED_EDGE('',*,*,#727,.F.);
#934=ORIENTED_EDGE('',*,*,#728,.T.);
#935=ORIENTED_EDGE('',*,*,#729,.T.);
#936=ORIENTED_EDGE('',*,*,#728,.F.);
#937=ORIENTED_EDGE('',*,*,#729,.F.);
#938=ORIENTED_EDGE('',*,*,#725,.T.);
#939=ORIENTED_EDGE('',*,*,#730,.T.);
#940=ORIENTED_EDGE('',*,*,#731,.F.);
#941=ORIENTED_EDGE('',*,*,#732,.F.);
#942=ORIENTED_EDGE('',*,*,#733,.F.);
#943=ORIENTED_EDGE('',*,*,#734,.F.);
#944=ORIENTED_EDGE('',*,*,#735,.T.);
#945=ORIENTED_EDGE('',*,*,#736,.T.);
#946=ORIENTED_EDGE('',*,*,#724,.T.);
#947=ORIENTED_EDGE('',*,*,#737,.T.);
#948=ORIENTED_EDGE('',*,*,#738,.F.);
#949=ORIENTED_EDGE('',*,*,#730,.F.);
#950=ORIENTED_EDGE('',*,*,#739,.F.);
#951=ORIENTED_EDGE('',*,*,#740,.F.);
#952=ORIENTED_EDGE('',*,*,#741,.F.);
#953=ORIENTED_EDGE('',*,*,#742,.F.);
#954=ORIENTED_EDGE('',*,*,#743,.F.);
#955=ORIENTED_EDGE('',*,*,#744,.F.);
#956=ORIENTED_EDGE('',*,*,#745,.F.);
#957=ORIENTED_EDGE('',*,*,#746,.F.);
#958=ORIENTED_EDGE('',*,*,#747,.F.);
#959=ORIENTED_EDGE('',*,*,#748,.F.);
#960=ORIENTED_EDGE('',*,*,#718,.F.);
#961=ORIENTED_EDGE('',*,*,#749,.F.);
#962=ORIENTED_EDGE('',*,*,#741,.T.);
#963=ORIENTED_EDGE('',*,*,#750,.T.);
#964=ORIENTED_EDGE('',*,*,#751,.T.);
#965=ORIENTED_EDGE('',*,*,#752,.F.);
#966=ORIENTED_EDGE('',*,*,#746,.T.);
#967=ORIENTED_EDGE('',*,*,#753,.F.);
#968=ORIENTED_EDGE('',*,*,#754,.T.);
#969=ORIENTED_EDGE('',*,*,#755,.F.);
#970=ORIENTED_EDGE('',*,*,#731,.T.);
#971=ORIENTED_EDGE('',*,*,#738,.T.);
#972=ORIENTED_EDGE('',*,*,#756,.T.);
#973=ORIENTED_EDGE('',*,*,#757,.F.);
#974=ORIENTED_EDGE('',*,*,#745,.T.);
#975=ORIENTED_EDGE('',*,*,#758,.F.);
#976=ORIENTED_EDGE('',*,*,#759,.F.);
#977=ORIENTED_EDGE('',*,*,#760,.F.);
#978=ORIENTED_EDGE('',*,*,#761,.T.);
#979=ORIENTED_EDGE('',*,*,#762,.T.);
#980=ORIENTED_EDGE('',*,*,#763,.T.);
#981=ORIENTED_EDGE('',*,*,#764,.T.);
#982=ORIENTED_EDGE('',*,*,#765,.T.);
#983=ORIENTED_EDGE('',*,*,#766,.T.);
#984=ORIENTED_EDGE('',*,*,#767,.F.);
#985=ORIENTED_EDGE('',*,*,#753,.T.);
#986=ORIENTED_EDGE('',*,*,#747,.T.);
#987=ORIENTED_EDGE('',*,*,#757,.T.);
#988=ORIENTED_EDGE('',*,*,#750,.F.);
#989=ORIENTED_EDGE('',*,*,#740,.T.);
#990=ORIENTED_EDGE('',*,*,#768,.F.);
#991=ORIENTED_EDGE('',*,*,#769,.T.);
#992=ORIENTED_EDGE('',*,*,#749,.T.);
#993=ORIENTED_EDGE('',*,*,#717,.F.);
#994=ORIENTED_EDGE('',*,*,#716,.F.);
#995=ORIENTED_EDGE('',*,*,#770,.T.);
#996=ORIENTED_EDGE('',*,*,#771,.F.);
#997=ORIENTED_EDGE('',*,*,#772,.F.);
#998=ORIENTED_EDGE('',*,*,#744,.T.);
#999=ORIENTED_EDGE('',*,*,#773,.T.);
#1000=ORIENTED_EDGE('',*,*,#774,.T.);
#1001=ORIENTED_EDGE('',*,*,#775,.T.);
#1002=ORIENTED_EDGE('',*,*,#776,.T.);
#1003=ORIENTED_EDGE('',*,*,#735,.F.);
#1004=ORIENTED_EDGE('',*,*,#777,.F.);
#1005=ORIENTED_EDGE('',*,*,#778,.T.);
#1006=ORIENTED_EDGE('',*,*,#758,.T.);
#1007=ORIENTED_EDGE('',*,*,#743,.T.);
#1008=ORIENTED_EDGE('',*,*,#769,.F.);
#1009=ORIENTED_EDGE('',*,*,#779,.T.);
#1010=ORIENTED_EDGE('',*,*,#774,.F.);
#1011=ORIENTED_EDGE('',*,*,#773,.F.);
#1012=ORIENTED_EDGE('',*,*,#739,.T.);
#1013=ORIENTED_EDGE('',*,*,#780,.T.);
#1014=ORIENTED_EDGE('',*,*,#781,.T.);
#1015=ORIENTED_EDGE('',*,*,#768,.T.);
#1016=ORIENTED_EDGE('',*,*,#742,.T.);
#1017=ORIENTED_EDGE('',*,*,#752,.T.);
#1018=ORIENTED_EDGE('',*,*,#782,.T.);
#1019=ORIENTED_EDGE('',*,*,#780,.F.);
#1020=ORIENTED_EDGE('',*,*,#723,.T.);
#1021=ORIENTED_EDGE('',*,*,#727,.T.);
#1022=ORIENTED_EDGE('',*,*,#783,.F.);
#1023=ORIENTED_EDGE('',*,*,#775,.F.);
#1024=ORIENTED_EDGE('',*,*,#779,.F.);
#1025=ORIENTED_EDGE('',*,*,#781,.F.);
#1026=ORIENTED_EDGE('',*,*,#782,.F.);
#1027=ORIENTED_EDGE('',*,*,#751,.F.);
#1028=ORIENTED_EDGE('',*,*,#756,.F.);
#1029=ORIENTED_EDGE('',*,*,#737,.F.);
#1030=ORIENTED_EDGE('',*,*,#720,.T.);
#1031=ORIENTED_EDGE('',*,*,#784,.F.);
#1032=ORIENTED_EDGE('',*,*,#785,.F.);
#1033=ORIENTED_EDGE('',*,*,#786,.F.);
#1034=ORIENTED_EDGE('',*,*,#787,.F.);
#1035=ORIENTED_EDGE('',*,*,#786,.T.);
#1036=ORIENTED_EDGE('',*,*,#788,.T.);
#1037=ORIENTED_EDGE('',*,*,#789,.T.);
#1038=ORIENTED_EDGE('',*,*,#790,.F.);
#1039=ORIENTED_EDGE('',*,*,#791,.F.);
#1040=ORIENTED_EDGE('',*,*,#792,.T.);
#1041=ORIENTED_EDGE('',*,*,#793,.T.);
#1042=ORIENTED_EDGE('',*,*,#794,.F.);
#1043=ORIENTED_EDGE('',*,*,#785,.T.);
#1044=ORIENTED_EDGE('',*,*,#795,.T.);
#1045=ORIENTED_EDGE('',*,*,#796,.T.);
#1046=ORIENTED_EDGE('',*,*,#797,.T.);
#1047=ORIENTED_EDGE('',*,*,#798,.T.);
#1048=ORIENTED_EDGE('',*,*,#788,.F.);
#1049=ORIENTED_EDGE('',*,*,#799,.F.);
#1050=ORIENTED_EDGE('',*,*,#790,.T.);
#1051=ORIENTED_EDGE('',*,*,#800,.F.);
#1052=ORIENTED_EDGE('',*,*,#801,.T.);
#1053=ORIENTED_EDGE('',*,*,#802,.F.);
#1054=ORIENTED_EDGE('',*,*,#803,.F.);
#1055=ORIENTED_EDGE('',*,*,#802,.T.);
#1056=ORIENTED_EDGE('',*,*,#804,.T.);
#1057=ORIENTED_EDGE('',*,*,#805,.F.);
#1058=ORIENTED_EDGE('',*,*,#806,.F.);
#1059=ORIENTED_EDGE('',*,*,#797,.F.);
#1060=ORIENTED_EDGE('',*,*,#804,.F.);
#1061=ORIENTED_EDGE('',*,*,#801,.F.);
#1062=ORIENTED_EDGE('',*,*,#722,.T.);
#1063=ORIENTED_EDGE('',*,*,#807,.F.);
#1064=ORIENTED_EDGE('',*,*,#808,.T.);
#1065=ORIENTED_EDGE('',*,*,#809,.F.);
#1066=ORIENTED_EDGE('',*,*,#792,.F.);
#1067=ORIENTED_EDGE('',*,*,#805,.T.);
#1068=ORIENTED_EDGE('',*,*,#796,.F.);
#1069=ORIENTED_EDGE('',*,*,#810,.F.);
#1070=ORIENTED_EDGE('',*,*,#800,.T.);
#1071=ORIENTED_EDGE('',*,*,#789,.F.);
#1072=ORIENTED_EDGE('',*,*,#798,.F.);
#1073=ORIENTED_EDGE('',*,*,#784,.T.);
#1074=ORIENTED_EDGE('',*,*,#811,.T.);
#1075=ORIENTED_EDGE('',*,*,#812,.T.);
#1076=ORIENTED_EDGE('',*,*,#808,.F.);
#1077=ORIENTED_EDGE('',*,*,#813,.F.);
#1078=ORIENTED_EDGE('',*,*,#806,.T.);
#1079=ORIENTED_EDGE('',*,*,#810,.T.);
#1080=ORIENTED_EDGE('',*,*,#795,.F.);
#1081=ORIENTED_EDGE('',*,*,#787,.T.);
#1082=ORIENTED_EDGE('',*,*,#794,.T.);
#1083=ORIENTED_EDGE('',*,*,#814,.T.);
#1084=ORIENTED_EDGE('',*,*,#811,.F.);
#1085=ORIENTED_EDGE('',*,*,#809,.T.);
#1086=ORIENTED_EDGE('',*,*,#812,.F.);
#1087=ORIENTED_EDGE('',*,*,#814,.F.);
#1088=ORIENTED_EDGE('',*,*,#793,.F.);
#1089=ORIENTED_EDGE('',*,*,#815,.F.);
#1090=ORIENTED_EDGE('',*,*,#816,.T.);
#1091=ORIENTED_EDGE('',*,*,#715,.F.);
#1092=ORIENTED_EDGE('',*,*,#770,.F.);
#1093=ORIENTED_EDGE('',*,*,#816,.F.);
#1094=ORIENTED_EDGE('',*,*,#813,.T.);
#1095=ORIENTED_EDGE('',*,*,#807,.T.);
#1096=ORIENTED_EDGE('',*,*,#791,.T.);
#1097=ORIENTED_EDGE('',*,*,#799,.T.);
#1098=ORIENTED_EDGE('',*,*,#803,.T.);
#1099=ORIENTED_EDGE('',*,*,#726,.T.);
#1100=ORIENTED_EDGE('',*,*,#736,.F.);
#1101=ORIENTED_EDGE('',*,*,#776,.F.);
#1102=ORIENTED_EDGE('',*,*,#783,.T.);
#1103=ORIENTED_EDGE('',*,*,#714,.T.);
#1104=ORIENTED_EDGE('',*,*,#817,.T.);
#1105=ORIENTED_EDGE('',*,*,#748,.T.);
#1106=ORIENTED_EDGE('',*,*,#772,.T.);
#1107=ORIENTED_EDGE('',*,*,#771,.T.);
#1108=ORIENTED_EDGE('',*,*,#815,.T.);
#1109=ORIENTED_EDGE('',*,*,#759,.T.);
#1110=ORIENTED_EDGE('',*,*,#778,.F.);
#1111=ORIENTED_EDGE('',*,*,#818,.T.);
#1112=ORIENTED_EDGE('',*,*,#819,.T.);
#1113=ORIENTED_EDGE('',*,*,#820,.T.);
#1114=ORIENTED_EDGE('',*,*,#754,.F.);
#1115=ORIENTED_EDGE('',*,*,#767,.T.);
#1116=ORIENTED_EDGE('',*,*,#821,.T.);
#1117=ORIENTED_EDGE('',*,*,#734,.T.);
#1118=ORIENTED_EDGE('',*,*,#822,.T.);
#1119=ORIENTED_EDGE('',*,*,#777,.T.);
#1120=ORIENTED_EDGE('',*,*,#733,.T.);
#1121=ORIENTED_EDGE('',*,*,#823,.T.);
#1122=ORIENTED_EDGE('',*,*,#824,.T.);
#1123=ORIENTED_EDGE('',*,*,#825,.T.);
#1124=ORIENTED_EDGE('',*,*,#826,.T.);
#1125=ORIENTED_EDGE('',*,*,#827,.T.);
#1126=ORIENTED_EDGE('',*,*,#828,.T.);
#1127=ORIENTED_EDGE('',*,*,#829,.T.);
#1128=ORIENTED_EDGE('',*,*,#830,.T.);
#1129=ORIENTED_EDGE('',*,*,#831,.T.);
#1130=ORIENTED_EDGE('',*,*,#832,.F.);
#1131=ORIENTED_EDGE('',*,*,#833,.T.);
#1132=ORIENTED_EDGE('',*,*,#834,.F.);
#1133=ORIENTED_EDGE('',*,*,#835,.T.);
#1134=ORIENTED_EDGE('',*,*,#836,.F.);
#1135=ORIENTED_EDGE('',*,*,#837,.T.);
#1136=ORIENTED_EDGE('',*,*,#836,.T.);
#1137=ORIENTED_EDGE('',*,*,#838,.T.);
#1138=ORIENTED_EDGE('',*,*,#839,.F.);
#1139=ORIENTED_EDGE('',*,*,#840,.T.);
#1140=ORIENTED_EDGE('',*,*,#841,.T.);
#1141=ORIENTED_EDGE('',*,*,#842,.T.);
#1142=ORIENTED_EDGE('',*,*,#830,.F.);
#1143=ORIENTED_EDGE('',*,*,#843,.T.);
#1144=ORIENTED_EDGE('',*,*,#844,.F.);
#1145=ORIENTED_EDGE('',*,*,#845,.T.);
#1146=ORIENTED_EDGE('',*,*,#841,.F.);
#1147=ORIENTED_EDGE('',*,*,#846,.T.);
#1148=ORIENTED_EDGE('',*,*,#839,.T.);
#1149=ORIENTED_EDGE('',*,*,#847,.T.);
#1150=ORIENTED_EDGE('',*,*,#848,.F.);
#1151=ORIENTED_EDGE('',*,*,#838,.F.);
#1152=ORIENTED_EDGE('',*,*,#835,.F.);
#1153=ORIENTED_EDGE('',*,*,#849,.F.);
#1154=ORIENTED_EDGE('',*,*,#831,.F.);
#1155=ORIENTED_EDGE('',*,*,#842,.F.);
#1156=ORIENTED_EDGE('',*,*,#845,.F.);
#1157=ORIENTED_EDGE('',*,*,#850,.F.);
#1158=ORIENTED_EDGE('',*,*,#847,.F.);
#1159=ORIENTED_EDGE('',*,*,#851,.F.);
#1160=ORIENTED_EDGE('',*,*,#852,.F.);
#1161=ORIENTED_EDGE('',*,*,#853,.F.);
#1162=ORIENTED_EDGE('',*,*,#854,.F.);
#1163=ORIENTED_EDGE('',*,*,#762,.F.);
#1164=ORIENTED_EDGE('',*,*,#855,.T.);
#1165=ORIENTED_EDGE('',*,*,#856,.F.);
#1166=ORIENTED_EDGE('',*,*,#855,.F.);
#1167=ORIENTED_EDGE('',*,*,#761,.F.);
#1168=ORIENTED_EDGE('',*,*,#857,.F.);
#1169=ORIENTED_EDGE('',*,*,#858,.F.);
#1170=ORIENTED_EDGE('',*,*,#859,.T.);
#1171=ORIENTED_EDGE('',*,*,#764,.F.);
#1172=ORIENTED_EDGE('',*,*,#859,.F.);
#1173=ORIENTED_EDGE('',*,*,#765,.F.);
#1174=ORIENTED_EDGE('',*,*,#844,.T.);
#1175=ORIENTED_EDGE('',*,*,#860,.T.);
#1176=ORIENTED_EDGE('',*,*,#861,.F.);
#1177=ORIENTED_EDGE('',*,*,#849,.T.);
#1178=ORIENTED_EDGE('',*,*,#834,.T.);
#1179=ORIENTED_EDGE('',*,*,#862,.T.);
#1180=ORIENTED_EDGE('',*,*,#848,.T.);
#1181=ORIENTED_EDGE('',*,*,#850,.T.);
#1182=ORIENTED_EDGE('',*,*,#863,.T.);
#1183=ORIENTED_EDGE('',*,*,#823,.F.);
#1184=ORIENTED_EDGE('',*,*,#864,.F.);
#1185=ORIENTED_EDGE('',*,*,#719,.F.);
#1186=ORIENTED_EDGE('',*,*,#817,.F.);
#1187=ORIENTED_EDGE('',*,*,#854,.T.);
#1188=ORIENTED_EDGE('',*,*,#865,.F.);
#1189=ORIENTED_EDGE('',*,*,#866,.F.);
#1190=ORIENTED_EDGE('',*,*,#867,.T.);
#1191=ORIENTED_EDGE('',*,*,#868,.F.);
#1192=ORIENTED_EDGE('',*,*,#869,.F.);
#1193=ORIENTED_EDGE('',*,*,#857,.T.);
#1194=ORIENTED_EDGE('',*,*,#763,.F.);
#1195=ORIENTED_EDGE('',*,*,#858,.T.);
#1196=ORIENTED_EDGE('',*,*,#869,.T.);
#1197=ORIENTED_EDGE('',*,*,#870,.T.);
#1198=ORIENTED_EDGE('',*,*,#871,.T.);
#1199=ORIENTED_EDGE('',*,*,#872,.F.);
#1200=ORIENTED_EDGE('',*,*,#867,.F.);
#1201=ORIENTED_EDGE('',*,*,#873,.F.);
#1202=ORIENTED_EDGE('',*,*,#874,.T.);
#1203=ORIENTED_EDGE('',*,*,#840,.F.);
#1204=ORIENTED_EDGE('',*,*,#829,.F.);
#1205=ORIENTED_EDGE('',*,*,#875,.F.);
#1206=ORIENTED_EDGE('',*,*,#874,.F.);
#1207=ORIENTED_EDGE('',*,*,#860,.F.);
#1208=ORIENTED_EDGE('',*,*,#843,.F.);
#1209=ORIENTED_EDGE('',*,*,#833,.F.);
#1210=ORIENTED_EDGE('',*,*,#837,.F.);
#1211=ORIENTED_EDGE('',*,*,#846,.F.);
#1212=ORIENTED_EDGE('',*,*,#862,.F.);
#1213=ORIENTED_EDGE('',*,*,#871,.F.);
#1214=ORIENTED_EDGE('',*,*,#876,.T.);
#1215=ORIENTED_EDGE('',*,*,#877,.T.);
#1216=ORIENTED_EDGE('',*,*,#870,.F.);
#1217=ORIENTED_EDGE('',*,*,#868,.T.);
#1218=ORIENTED_EDGE('',*,*,#872,.T.);
#1219=ORIENTED_EDGE('',*,*,#878,.T.);
#1220=ORIENTED_EDGE('',*,*,#879,.T.);
#1221=ORIENTED_EDGE('',*,*,#876,.F.);
#1222=ORIENTED_EDGE('',*,*,#877,.F.);
#1223=ORIENTED_EDGE('',*,*,#880,.T.);
#1224=ORIENTED_EDGE('',*,*,#821,.F.);
#1225=ORIENTED_EDGE('',*,*,#766,.F.);
#1226=ORIENTED_EDGE('',*,*,#879,.F.);
#1227=ORIENTED_EDGE('',*,*,#864,.T.);
#1228=ORIENTED_EDGE('',*,*,#881,.F.);
#1229=ORIENTED_EDGE('',*,*,#820,.F.);
#1230=ORIENTED_EDGE('',*,*,#880,.F.);
#1231=ORIENTED_EDGE('',*,*,#882,.T.);
#1232=ORIENTED_EDGE('',*,*,#883,.T.);
#1233=ORIENTED_EDGE('',*,*,#884,.T.);
#1234=ORIENTED_EDGE('',*,*,#861,.T.);
#1235=ORIENTED_EDGE('',*,*,#873,.T.);
#1236=ORIENTED_EDGE('',*,*,#866,.T.);
#1237=ORIENTED_EDGE('',*,*,#885,.T.);
#1238=ORIENTED_EDGE('',*,*,#886,.T.);
#1239=ORIENTED_EDGE('',*,*,#883,.F.);
#1240=ORIENTED_EDGE('',*,*,#824,.F.);
#1241=ORIENTED_EDGE('',*,*,#887,.F.);
#1242=ORIENTED_EDGE('',*,*,#888,.T.);
#1243=ORIENTED_EDGE('',*,*,#889,.F.);
#1244=ORIENTED_EDGE('',*,*,#888,.F.);
#1245=ORIENTED_EDGE('',*,*,#890,.F.);
#1246=ORIENTED_EDGE('',*,*,#891,.F.);
#1247=ORIENTED_EDGE('',*,*,#827,.F.);
#1248=ORIENTED_EDGE('',*,*,#892,.F.);
#1249=ORIENTED_EDGE('',*,*,#893,.T.);
#1250=ORIENTED_EDGE('',*,*,#894,.F.);
#1251=ORIENTED_EDGE('',*,*,#893,.F.);
#1252=ORIENTED_EDGE('',*,*,#895,.F.);
#1253=ORIENTED_EDGE('',*,*,#896,.F.);
#1254=ORIENTED_EDGE('',*,*,#755,.T.);
#1255=ORIENTED_EDGE('',*,*,#881,.T.);
#1256=ORIENTED_EDGE('',*,*,#732,.T.);
#1257=ORIENTED_EDGE('',*,*,#896,.T.);
#1258=ORIENTED_EDGE('',*,*,#897,.T.);
#1259=ORIENTED_EDGE('',*,*,#851,.T.);
#1260=ORIENTED_EDGE('',*,*,#897,.F.);
#1261=ORIENTED_EDGE('',*,*,#891,.T.);
#1262=ORIENTED_EDGE('',*,*,#898,.T.);
#1263=ORIENTED_EDGE('',*,*,#852,.T.);
#1264=ORIENTED_EDGE('',*,*,#898,.F.);
#1265=ORIENTED_EDGE('',*,*,#856,.T.);
#1266=ORIENTED_EDGE('',*,*,#885,.F.);
#1267=ORIENTED_EDGE('',*,*,#882,.F.);
#1268=ORIENTED_EDGE('',*,*,#865,.T.);
#1269=ORIENTED_EDGE('',*,*,#886,.F.);
#1270=ORIENTED_EDGE('',*,*,#760,.T.);
#1271=ORIENTED_EDGE('',*,*,#819,.F.);
#1272=ORIENTED_EDGE('',*,*,#899,.F.);
#1273=ORIENTED_EDGE('',*,*,#884,.F.);
#1274=ORIENTED_EDGE('',*,*,#899,.T.);
#1275=ORIENTED_EDGE('',*,*,#818,.F.);
#1276=ORIENTED_EDGE('',*,*,#822,.F.);
#1277=ORIENTED_EDGE('',*,*,#863,.F.);
#1278=ORIENTED_EDGE('',*,*,#832,.T.);
#1279=ORIENTED_EDGE('',*,*,#878,.F.);
#1280=ORIENTED_EDGE('',*,*,#875,.T.);
#1281=ORIENTED_EDGE('',*,*,#887,.T.);
#1282=ORIENTED_EDGE('',*,*,#828,.F.);
#1283=ORIENTED_EDGE('',*,*,#894,.T.);
#1284=ORIENTED_EDGE('',*,*,#895,.T.);
#1285=ORIENTED_EDGE('',*,*,#892,.T.);
#1286=ORIENTED_EDGE('',*,*,#826,.F.);
#1287=ORIENTED_EDGE('',*,*,#900,.T.);
#1288=ORIENTED_EDGE('',*,*,#853,.T.);
#1289=ORIENTED_EDGE('',*,*,#900,.F.);
#1290=ORIENTED_EDGE('',*,*,#825,.F.);
#1291=ORIENTED_EDGE('',*,*,#889,.T.);
#1292=ORIENTED_EDGE('',*,*,#890,.T.);
#1293=ORIENTED_EDGE('',*,*,#901,.F.);
#1294=ORIENTED_EDGE('',*,*,#902,.F.);
#1295=ORIENTED_EDGE('',*,*,#903,.F.);
#1296=ORIENTED_EDGE('',*,*,#902,.T.);
#1297=ORIENTED_EDGE('',*,*,#904,.F.);
#1298=ORIENTED_EDGE('',*,*,#905,.F.);
#1299=ORIENTED_EDGE('',*,*,#906,.F.);
#1300=ORIENTED_EDGE('',*,*,#901,.T.);
#1301=ORIENTED_EDGE('',*,*,#907,.F.);
#1302=ORIENTED_EDGE('',*,*,#908,.F.);
#1303=ORIENTED_EDGE('',*,*,#904,.T.);
#1304=ORIENTED_EDGE('',*,*,#903,.T.);
#1305=ORIENTED_EDGE('',*,*,#906,.T.);
#1306=ORIENTED_EDGE('',*,*,#909,.F.);
#1307=ORIENTED_EDGE('',*,*,#907,.T.);
#1308=ORIENTED_EDGE('',*,*,#909,.T.);
#1309=ORIENTED_EDGE('',*,*,#905,.T.);
#1310=ORIENTED_EDGE('',*,*,#908,.T.);
#1311=ORIENTED_EDGE('',*,*,#910,.F.);
#1312=ORIENTED_EDGE('',*,*,#911,.F.);
#1313=ORIENTED_EDGE('',*,*,#912,.F.);
#1314=ORIENTED_EDGE('',*,*,#911,.T.);
#1315=ORIENTED_EDGE('',*,*,#913,.F.);
#1316=ORIENTED_EDGE('',*,*,#914,.F.);
#1317=ORIENTED_EDGE('',*,*,#915,.F.);
#1318=ORIENTED_EDGE('',*,*,#910,.T.);
#1319=ORIENTED_EDGE('',*,*,#916,.F.);
#1320=ORIENTED_EDGE('',*,*,#917,.F.);
#1321=ORIENTED_EDGE('',*,*,#913,.T.);
#1322=ORIENTED_EDGE('',*,*,#912,.T.);
#1323=ORIENTED_EDGE('',*,*,#915,.T.);
#1324=ORIENTED_EDGE('',*,*,#918,.F.);
#1325=ORIENTED_EDGE('',*,*,#916,.T.);
#1326=ORIENTED_EDGE('',*,*,#918,.T.);
#1327=ORIENTED_EDGE('',*,*,#914,.T.);
#1328=ORIENTED_EDGE('',*,*,#917,.T.);
#1329=CYLINDRICAL_SURFACE('',#1458,19.);
#1330=CYLINDRICAL_SURFACE('',#1464,1.);
#1331=CYLINDRICAL_SURFACE('',#1467,1.);
#1332=CYLINDRICAL_SURFACE('',#1476,19.);
#1333=CYLINDRICAL_SURFACE('',#1488,15.9208330208766);
#1334=CYLINDRICAL_SURFACE('',#1494,19.);
#1335=CYLINDRICAL_SURFACE('',#1501,13.500000603497);
#1336=CYLINDRICAL_SURFACE('',#1510,6.50000009685755);
#1337=CYLINDRICAL_SURFACE('',#1518,19.);
#1338=CYLINDRICAL_SURFACE('',#1522,19.);
#1339=CYLINDRICAL_SURFACE('',#1523,19.);
#1340=CYLINDRICAL_SURFACE('',#1539,4.95);
#1341=CYLINDRICAL_SURFACE('',#1542,4.95);
#1342=CYLINDRICAL_SURFACE('',#1553,3.5);
#1343=CYLINDRICAL_SURFACE('',#1557,3.5);
#1344=CYLINDRICAL_SURFACE('',#1561,10.);
#1345=CYLINDRICAL_SURFACE('',#1564,10.);
#1346=CYLINDRICAL_SURFACE('',#1570,15.9208330208766);
#1347=CYLINDRICAL_SURFACE('',#1572,10.);
#1348=CYLINDRICAL_SURFACE('',#1583,3.5);
#1349=CYLINDRICAL_SURFACE('',#1589,3.485);
#1350=CYLINDRICAL_SURFACE('',#1594,3.485);
#1351=CYLINDRICAL_SURFACE('',#1600,1.2925);
#1352=CYLINDRICAL_SURFACE('',#1601,1.2925);
#1353=CYLINDRICAL_SURFACE('',#1602,15.9208330208766);
#1354=CYLINDRICAL_SURFACE('',#1603,3.5);
#1355=CYLINDRICAL_SURFACE('',#1605,10.);
#1356=CYLINDRICAL_SURFACE('',#1606,2.4875);
#1357=CYLINDRICAL_SURFACE('',#1609,13.500000603497);
#1358=CYLINDRICAL_SURFACE('',#1618,13.500000603497);
#1359=ADVANCED_FACE('',(#88),#1329,.T.);
#1360=ADVANCED_FACE('',(#89),#1330,.F.);
#1361=ADVANCED_FACE('',(#90),#1331,.F.);
#1362=ADVANCED_FACE('',(#91),#38,.T.);
#1363=ADVANCED_FACE('',(#92),#39,.T.);
#1364=ADVANCED_FACE('',(#93),#1332,.T.);
#1365=ADVANCED_FACE('',(#94),#40,.T.);
#1366=ADVANCED_FACE('',(#95),#41,.T.);
#1367=ADVANCED_FACE('',(#96),#42,.F.);
#1368=ADVANCED_FACE('',(#97),#43,.T.);
#1369=ADVANCED_FACE('',(#98),#1333,.F.);
#1370=ADVANCED_FACE('',(#99),#1334,.T.);
#1371=ADVANCED_FACE('',(#100),#44,.T.);
#1372=ADVANCED_FACE('',(#101),#45,.F.);
#1373=ADVANCED_FACE('',(#102),#46,.F.);
#1374=ADVANCED_FACE('',(#103),#1335,.F.);
#1375=ADVANCED_FACE('',(#104,#27,#28),#47,.T.);
#1376=ADVANCED_FACE('',(#105),#48,.F.);
#1377=ADVANCED_FACE('',(#106),#49,.F.);
#1378=ADVANCED_FACE('',(#107),#50,.F.);
#1379=ADVANCED_FACE('',(#108),#51,.F.);
#1380=ADVANCED_FACE('',(#109,#29),#52,.F.);
#1381=ADVANCED_FACE('',(#110),#1336,.F.);
#1382=ADVANCED_FACE('',(#111),#53,.F.);
#1383=ADVANCED_FACE('',(#112),#54,.F.);
#1384=ADVANCED_FACE('',(#113),#55,.F.);
#1385=ADVANCED_FACE('',(#114),#56,.F.);
#1386=ADVANCED_FACE('',(#115),#57,.F.);
#1387=ADVANCED_FACE('',(#116),#1337,.F.);
#1388=ADVANCED_FACE('',(#117,#30),#58,.F.);
#1389=ADVANCED_FACE('',(#118),#1338,.T.);
#1390=ADVANCED_FACE('',(#119),#1339,.T.);
#1391=ADVANCED_FACE('',(#120),#59,.F.);
#1392=ADVANCED_FACE('',(#121),#60,.F.);
#1393=ADVANCED_FACE('',(#122),#61,.T.);
#1394=ADVANCED_FACE('',(#123,#31),#62,.T.);
#1395=ADVANCED_FACE('',(#124),#63,.F.);
#1396=ADVANCED_FACE('',(#125),#64,.F.);
#1397=ADVANCED_FACE('',(#126),#1340,.F.);
#1398=ADVANCED_FACE('',(#127),#1341,.F.);
#1399=ADVANCED_FACE('',(#128),#65,.F.);
#1400=ADVANCED_FACE('',(#129),#66,.F.);
#1401=ADVANCED_FACE('',(#130,#32,#33,#34),#67,.F.);
#1402=ADVANCED_FACE('',(#131),#1342,.F.);
#1403=ADVANCED_FACE('',(#132),#68,.F.);
#1404=ADVANCED_FACE('',(#133),#1343,.F.);
#1405=ADVANCED_FACE('',(#134),#69,.F.);
#1406=ADVANCED_FACE('',(#135),#1344,.T.);
#1407=ADVANCED_FACE('',(#136),#1345,.T.);
#1408=ADVANCED_FACE('',(#137,#35),#70,.F.);
#1409=ADVANCED_FACE('',(#138),#1346,.F.);
#1410=ADVANCED_FACE('',(#139),#1347,.F.);
#1411=ADVANCED_FACE('',(#140),#71,.F.);
#1412=ADVANCED_FACE('',(#141),#72,.F.);
#1413=ADVANCED_FACE('',(#142),#23,.F.);
#1414=ADVANCED_FACE('',(#143),#73,.T.);
#1415=ADVANCED_FACE('',(#144),#1348,.F.);
#1416=ADVANCED_FACE('',(#145),#74,.T.);
#1417=ADVANCED_FACE('',(#146),#75,.T.);
#1418=ADVANCED_FACE('',(#147),#24,.F.);
#1419=ADVANCED_FACE('',(#148),#1349,.F.);
#1420=ADVANCED_FACE('',(#149,#36),#76,.T.);
#1421=ADVANCED_FACE('',(#150),#1350,.F.);
#1422=ADVANCED_FACE('',(#151,#37),#77,.T.);
#1423=ADVANCED_FACE('',(#152),#78,.T.);
#1424=ADVANCED_FACE('',(#153),#1351,.F.);
#1425=ADVANCED_FACE('',(#154),#1352,.F.);
#1426=ADVANCED_FACE('',(#155),#1353,.F.);
#1427=ADVANCED_FACE('',(#156),#1354,.F.);
#1428=ADVANCED_FACE('',(#157),#79,.T.);
#1429=ADVANCED_FACE('',(#158),#1355,.T.);
#1430=ADVANCED_FACE('',(#159),#1356,.F.);
#1431=ADVANCED_FACE('',(#160),#80,.T.);
#1432=ADVANCED_FACE('',(#161),#1357,.F.);
#1433=ADVANCED_FACE('',(#162),#81,.T.);
#1434=ADVANCED_FACE('',(#163),#82,.T.);
#1435=ADVANCED_FACE('',(#164),#83,.F.);
#1436=ADVANCED_FACE('',(#165),#84,.T.);
#1437=ADVANCED_FACE('',(#166),#85,.T.);
#1438=ADVANCED_FACE('',(#167),#86,.T.);
#1439=ADVANCED_FACE('',(#168),#1358,.F.);
#1440=ADVANCED_FACE('',(#169),#87,.F.);
#1441=CLOSED_SHELL('',(#1359,#1360,#1361,#1362,#1363,#1364,#1365,#1366,
#1367,#1368,#1369,#1370,#1371,#1372,#1373,#1374,#1375,#1376,#1377,#1378,
#1379,#1380,#1381,#1382,#1383,#1384,#1385,#1386,#1387,#1388,#1389,#1390,
#1391,#1392,#1393,#1394,#1395,#1396,#1397,#1398,#1399,#1400,#1401,#1402,
#1403,#1404,#1405,#1406,#1407,#1408,#1409,#1410,#1411,#1412,#1413,#1414,
#1415,#1416,#1417,#1418,#1419,#1420,#1421,#1422,#1423,#1424,#1425,#1426,
#1427,#1428,#1429,#1430));
#1442=CLOSED_SHELL('',(#1431,#1432,#1433,#1434,#1435));
#1443=CLOSED_SHELL('',(#1436,#1437,#1438,#1439,#1440));
#1444=DERIVED_UNIT_ELEMENT(#1446,1.);
#1445=DERIVED_UNIT_ELEMENT(#2509,-3.);
#1446=(
MASS_UNIT()
NAMED_UNIT(*)
SI_UNIT(.KILO.,.GRAM.)
);
#1447=DERIVED_UNIT((#1444,#1445));
#1448=MEASURE_REPRESENTATION_ITEM('density measure',
POSITIVE_RATIO_MEASURE(7850.),#1447);
#1449=PROPERTY_DEFINITION_REPRESENTATION(#1454,#1451);
#1450=PROPERTY_DEFINITION_REPRESENTATION(#1455,#1452);
#1451=REPRESENTATION('material name',(#1453),#2506);
#1452=REPRESENTATION('density',(#1448),#2506);
#1453=DESCRIPTIVE_REPRESENTATION_ITEM('Steel','Steel');
#1454=PROPERTY_DEFINITION('material property','material name',#2521);
#1455=PROPERTY_DEFINITION('material property','density of part',#2521);
#1456=AXIS2_PLACEMENT_3D('',#2076,#1622,#1623);
#1457=AXIS2_PLACEMENT_3D('',#2077,#1624,#1625);
#1458=AXIS2_PLACEMENT_3D('',#2078,#1626,#1627);
#1459=AXIS2_PLACEMENT_3D('',#2083,#1629,#1630);
#1460=AXIS2_PLACEMENT_3D('',#2085,#1631,#1632);
#1461=AXIS2_PLACEMENT_3D('',#2087,#1633,#1634);
#1462=AXIS2_PLACEMENT_3D('',#2089,#1635,#1636);
#1463=AXIS2_PLACEMENT_3D('',#2090,#1637,#1638);
#1464=AXIS2_PLACEMENT_3D('',#2091,#1639,#1640);
#1465=AXIS2_PLACEMENT_3D('',#2093,#1641,#1642);
#1466=AXIS2_PLACEMENT_3D('',#2096,#1644,#1645);
#1467=AXIS2_PLACEMENT_3D('',#2097,#1646,#1647);
#1468=AXIS2_PLACEMENT_3D('',#2100,#1648,#1649);
#1469=AXIS2_PLACEMENT_3D('',#2104,#1651,#1652);
#1470=AXIS2_PLACEMENT_3D('',#2107,#1654,#1655);
#1471=AXIS2_PLACEMENT_3D('',#2110,#1657,#1658);
#1472=AXIS2_PLACEMENT_3D('',#2111,#1659,#1660);
#1473=AXIS2_PLACEMENT_3D('',#2112,#1661,#1662);
#1474=AXIS2_PLACEMENT_3D('',#2114,#1663,#1664);
#1475=AXIS2_PLACEMENT_3D('',#2125,#1670,#1671);
#1476=AXIS2_PLACEMENT_3D('',#2126,#1672,#1673);
#1477=AXIS2_PLACEMENT_3D('',#2128,#1674,#1675);
#1478=AXIS2_PLACEMENT_3D('',#2130,#1677,#1678);
#1479=AXIS2_PLACEMENT_3D('',#2135,#1680,#1681);
#1480=AXIS2_PLACEMENT_3D('',#2138,#1683,#1684);
#1481=AXIS2_PLACEMENT_3D('',#2139,#1685,#1686);
#1482=AXIS2_PLACEMENT_3D('',#2145,#1689,#1690);
#1483=AXIS2_PLACEMENT_3D('',#2148,#1692,#1693);
#1484=AXIS2_PLACEMENT_3D('',#2149,#1694,#1695);
#1485=AXIS2_PLACEMENT_3D('',#2150,#1696,#1697);
#1486=AXIS2_PLACEMENT_3D('',#2151,#1698,#1699);
#1487=AXIS2_PLACEMENT_3D('',#2157,#1703,#1704);
#1488=AXIS2_PLACEMENT_3D('',#2165,#1710,#1711);
#1489=AXIS2_PLACEMENT_3D('',#2169,#1713,#1714);
#1490=AXIS2_PLACEMENT_3D('',#2173,#1716,#1717);
#1491=AXIS2_PLACEMENT_3D('',#2177,#1719,#1720);
#1492=AXIS2_PLACEMENT_3D('',#2181,#1722,#1723);
#1493=AXIS2_PLACEMENT_3D('',#2184,#1725,#1726);
#1494=AXIS2_PLACEMENT_3D('',#2185,#1727,#1728);
#1495=AXIS2_PLACEMENT_3D('',#2190,#1731,#1732);
#1496=AXIS2_PLACEMENT_3D('',#2192,#1733,#1734);
#1497=AXIS2_PLACEMENT_3D('',#2193,#1735,#1736);
#1498=AXIS2_PLACEMENT_3D('',#2194,#1737,#1738);
#1499=AXIS2_PLACEMENT_3D('',#2205,#1745,#1746);
#1500=AXIS2_PLACEMENT_3D('',#2207,#1748,#1749);
#1501=AXIS2_PLACEMENT_3D('',#2211,#1752,#1753);
#1502=AXIS2_PLACEMENT_3D('',#2212,#1754,#1755);
#1503=AXIS2_PLACEMENT_3D('',#2213,#1756,#1757);
#1504=AXIS2_PLACEMENT_3D('',#2214,#1758,#1759);
#1505=AXIS2_PLACEMENT_3D('',#2223,#1764,#1765);
#1506=AXIS2_PLACEMENT_3D('',#2237,#1773,#1774);
#1507=AXIS2_PLACEMENT_3D('',#2245,#1779,#1780);
#1508=AXIS2_PLACEMENT_3D('',#2252,#1785,#1786);
#1509=AXIS2_PLACEMENT_3D('',#2259,#1791,#1792);
#1510=AXIS2_PLACEMENT_3D('',#2260,#1793,#1794);
#1511=AXIS2_PLACEMENT_3D('',#2262,#1795,#1796);
#1512=AXIS2_PLACEMENT_3D('',#2265,#1798,#1799);
#1513=AXIS2_PLACEMENT_3D('',#2266,#1800,#1801);
#1514=AXIS2_PLACEMENT_3D('',#2268,#1803,#1804);
#1515=AXIS2_PLACEMENT_3D('',#2269,#1805,#1806);
#1516=AXIS2_PLACEMENT_3D('',#2274,#1810,#1811);
#1517=AXIS2_PLACEMENT_3D('',#2276,#1813,#1814);
#1518=AXIS2_PLACEMENT_3D('',#2277,#1815,#1816);
#1519=AXIS2_PLACEMENT_3D('',#2278,#1817,#1818);
#1520=AXIS2_PLACEMENT_3D('',#2279,#1819,#1820);
#1521=AXIS2_PLACEMENT_3D('',#2280,#1821,#1822);
#1522=AXIS2_PLACEMENT_3D('',#2281,#1823,#1824);
#1523=AXIS2_PLACEMENT_3D('',#2282,#1825,#1826);
#1524=AXIS2_PLACEMENT_3D('',#2283,#1827,#1828);
#1525=AXIS2_PLACEMENT_3D('',#2284,#1829,#1830);
#1526=AXIS2_PLACEMENT_3D('',#2287,#1832,#1833);
#1527=AXIS2_PLACEMENT_3D('',#2288,#1834,#1835);
#1528=AXIS2_PLACEMENT_3D('',#2291,#1837,#1838);
#1529=AXIS2_PLACEMENT_3D('',#2292,#1839,#1840);
#1530=AXIS2_PLACEMENT_3D('',#2294,#1842,#1843);
#1531=AXIS2_PLACEMENT_3D('',#2295,#1844,#1845);
#1532=AXIS2_PLACEMENT_3D('',#2298,#1846,#1847);
#1533=AXIS2_PLACEMENT_3D('',#2300,#1848,#1849);
#1534=AXIS2_PLACEMENT_3D('',#2302,#1850,#1851);
#1535=AXIS2_PLACEMENT_3D('',#2304,#1852,#1853);
#1536=AXIS2_PLACEMENT_3D('',#2305,#1854,#1855);
#1537=AXIS2_PLACEMENT_3D('',#2306,#1856,#1857);
#1538=AXIS2_PLACEMENT_3D('',#2315,#1862,#1863);
#1539=AXIS2_PLACEMENT_3D('',#2324,#1868,#1869);
#1540=AXIS2_PLACEMENT_3D('',#2326,#1870,#1871);
#1541=AXIS2_PLACEMENT_3D('',#2328,#1872,#1873);
#1542=AXIS2_PLACEMENT_3D('',#2330,#1875,#1876);
#1543=AXIS2_PLACEMENT_3D('',#2332,#1877,#1878);
#1544=AXIS2_PLACEMENT_3D('',#2335,#1880,#1881);
#1545=AXIS2_PLACEMENT_3D('',#2336,#1882,#1883);
#1546=AXIS2_PLACEMENT_3D('',#2342,#1887,#1888);
#1547=AXIS2_PLACEMENT_3D('',#2348,#1892,#1893);
#1548=AXIS2_PLACEMENT_3D('',#2349,#1894,#1895);
#1549=AXIS2_PLACEMENT_3D('',#2350,#1896,#1897);
#1550=AXIS2_PLACEMENT_3D('',#2352,#1898,#1899);
#1551=AXIS2_PLACEMENT_3D('',#2354,#1900,#1901);
#1552=AXIS2_PLACEMENT_3D('',#2356,#1902,#1903);
#1553=AXIS2_PLACEMENT_3D('',#2357,#1904,#1905);
#1554=AXIS2_PLACEMENT_3D('',#2359,#1906,#1907);
#1555=AXIS2_PLACEMENT_3D('',#2360,#1908,#1909);
#1556=AXIS2_PLACEMENT_3D('',#2362,#1911,#1912);
#1557=AXIS2_PLACEMENT_3D('',#2363,#1913,#1914);
#1558=AXIS2_PLACEMENT_3D('',#2365,#1915,#1916);
#1559=AXIS2_PLACEMENT_3D('',#2367,#1918,#1919);
#1560=AXIS2_PLACEMENT_3D('',#2368,#1920,#1921);
#1561=AXIS2_PLACEMENT_3D('',#2369,#1922,#1923);
#1562=AXIS2_PLACEMENT_3D('',#2371,#1924,#1925);
#1563=AXIS2_PLACEMENT_3D('',#2372,#1926,#1927);
#1564=AXIS2_PLACEMENT_3D('',#2373,#1928,#1929);
#1565=AXIS2_PLACEMENT_3D('',#2374,#1930,#1931);
#1566=AXIS2_PLACEMENT_3D('',#2377,#1934,#1935);
#1567=AXIS2_PLACEMENT_3D('',#2379,#1936,#1937);
#1568=AXIS2_PLACEMENT_3D('',#2383,#1939,#1940);
#1569=AXIS2_PLACEMENT_3D('',#2386,#1942,#1943);
#1570=AXIS2_PLACEMENT_3D('',#2387,#1944,#1945);
#1571=AXIS2_PLACEMENT_3D('',#2389,#1946,#1947);
#1572=AXIS2_PLACEMENT_3D('',#2396,#1948,#1949);
#1573=AXIS2_PLACEMENT_3D('',#2398,#1950,#1951);
#1574=AXIS2_PLACEMENT_3D('',#2399,#1952,#1953);
#1575=AXIS2_PLACEMENT_3D('',#2400,#1954,#1955);
#1576=AXIS2_PLACEMENT_3D('',#2401,#1956,#1957);
#1577=AXIS2_PLACEMENT_3D('',#2402,#1958,#1959);
#1578=AXIS2_PLACEMENT_3D('',#2403,#1960,#1961);
#1579=AXIS2_PLACEMENT_3D('',#2404,#1962,#1963);
#1580=AXIS2_PLACEMENT_3D('',#2407,#1965,#1966);
#1581=AXIS2_PLACEMENT_3D('',#2408,#1967,#1968);
#1582=AXIS2_PLACEMENT_3D('',#2409,#1969,#1970);
#1583=AXIS2_PLACEMENT_3D('',#2411,#1972,#1973);
#1584=AXIS2_PLACEMENT_3D('',#2413,#1975,#1976);
#1585=AXIS2_PLACEMENT_3D('',#2415,#1978,#1979);
#1586=AXIS2_PLACEMENT_3D('',#2417,#1980,#1981);
#1587=AXIS2_PLACEMENT_3D('',#2421,#1984,#1985);
#1588=AXIS2_PLACEMENT_3D('',#2428,#1986,#1987);
#1589=AXIS2_PLACEMENT_3D('',#2429,#1988,#1989);
#1590=AXIS2_PLACEMENT_3D('',#2433,#1991,#1992);
#1591=AXIS2_PLACEMENT_3D('',#2435,#1994,#1995);
#1592=AXIS2_PLACEMENT_3D('',#2436,#1996,#1997);
#1593=AXIS2_PLACEMENT_3D('',#2438,#1998,#1999);
#1594=AXIS2_PLACEMENT_3D('',#2439,#2000,#2001);
#1595=AXIS2_PLACEMENT_3D('',#2443,#2003,#2004);
#1596=AXIS2_PLACEMENT_3D('',#2445,#2006,#2007);
#1597=AXIS2_PLACEMENT_3D('',#2446,#2008,#2009);
#1598=AXIS2_PLACEMENT_3D('',#2448,#2010,#2011);
#1599=AXIS2_PLACEMENT_3D('',#2449,#2012,#2013);
#1600=AXIS2_PLACEMENT_3D('',#2450,#2014,#2015);
#1601=AXIS2_PLACEMENT_3D('',#2452,#2017,#2018);
#1602=AXIS2_PLACEMENT_3D('',#2454,#2020,#2021);
#1603=AXIS2_PLACEMENT_3D('',#2455,#2022,#2023);
#1604=AXIS2_PLACEMENT_3D('',#2457,#2025,#2026);
#1605=AXIS2_PLACEMENT_3D('',#2458,#2027,#2028);
#1606=AXIS2_PLACEMENT_3D('',#2459,#2029,#2030);
#1607=AXIS2_PLACEMENT_3D('',#2461,#2032,#2033);
#1608=AXIS2_PLACEMENT_3D('',#2466,#2035,#2036);
#1609=AXIS2_PLACEMENT_3D('',#2468,#2038,#2039);
#1610=AXIS2_PLACEMENT_3D('',#2472,#2041,#2042);
#1611=AXIS2_PLACEMENT_3D('',#2474,#2044,#2045);
#1612=AXIS2_PLACEMENT_3D('',#2478,#2048,#2049);
#1613=AXIS2_PLACEMENT_3D('',#2480,#2051,#2052);
#1614=AXIS2_PLACEMENT_3D('',#2481,#2053,#2054);
#1615=AXIS2_PLACEMENT_3D('',#2487,#2057,#2058);
#1616=AXIS2_PLACEMENT_3D('',#2488,#2059,#2060);
#1617=AXIS2_PLACEMENT_3D('',#2494,#2064,#2065);
#1618=AXIS2_PLACEMENT_3D('',#2498,#2068,#2069);
#1619=AXIS2_PLACEMENT_3D('',#2499,#2070,#2071);
#1620=AXIS2_PLACEMENT_3D('',#2500,#2072,#2073);
#1621=AXIS2_PLACEMENT_3D('',#2501,#2074,#2075);
#1622=DIRECTION('axis',(0.,0.,1.));
#1623=DIRECTION('refdir',(1.,0.,0.));
#1624=DIRECTION('axis',(0.,0.,1.));
#1625=DIRECTION('refdir',(1.,0.,0.));
#1626=DIRECTION('center_axis',(0.,0.,1.));
#1627=DIRECTION('ref_axis',(1.,0.,0.));
#1628=DIRECTION('',(0.,0.,-1.));
#1629=DIRECTION('center_axis',(0.707106781186548,0.,-0.707106781186547));
#1630=DIRECTION('ref_axis',(0.707106781186547,0.,0.707106781186547));
#1631=DIRECTION('center_axis',(0.707106781186548,0.,-0.707106781186547));
#1632=DIRECTION('ref_axis',(0.707106781186547,0.,0.707106781186547));
#1633=DIRECTION('center_axis',(0.707106781186548,0.,-0.707106781186547));
#1634=DIRECTION('ref_axis',(0.707106781186547,0.,0.707106781186547));
#1635=DIRECTION('center_axis',(-0.90630778703665,0.,-0.4226182617407));
#1636=DIRECTION('ref_axis',(0.4226182617407,0.,-0.90630778703665));
#1637=DIRECTION('center_axis',(0.,0.,1.));
#1638=DIRECTION('ref_axis',(1.,0.,0.));
#1639=DIRECTION('center_axis',(-1.,0.,0.));
#1640=DIRECTION('ref_axis',(0.,1.,0.));
#1641=DIRECTION('center_axis',(-1.,0.,0.));
#1642=DIRECTION('ref_axis',(0.,1.,0.));
#1643=DIRECTION('',(-1.,0.,0.));
#1644=DIRECTION('center_axis',(1.,0.,0.));
#1645=DIRECTION('ref_axis',(0.,1.,0.));
#1646=DIRECTION('center_axis',(-1.,0.,0.));
#1647=DIRECTION('ref_axis',(0.,1.,0.));
#1648=DIRECTION('center_axis',(-1.,0.,0.));
#1649=DIRECTION('ref_axis',(0.,1.,0.));
#1650=DIRECTION('',(1.,0.,0.));
#1651=DIRECTION('center_axis',(-1.,0.,0.));
#1652=DIRECTION('ref_axis',(0.,1.,0.));
#1653=DIRECTION('',(-1.,0.,0.));
#1654=DIRECTION('center_axis',(-1.,0.,0.));
#1655=DIRECTION('ref_axis',(0.,1.,0.));
#1656=DIRECTION('',(-1.,0.,0.));
#1657=DIRECTION('center_axis',(-1.,0.,0.));
#1658=DIRECTION('ref_axis',(0.,1.,0.));
#1659=DIRECTION('center_axis',(1.,0.,0.));
#1660=DIRECTION('ref_axis',(0.,1.,0.));
#1661=DIRECTION('center_axis',(1.,0.,0.));
#1662=DIRECTION('ref_axis',(0.,1.,0.));
#1663=DIRECTION('center_axis',(-1.,0.,0.));
#1664=DIRECTION('ref_axis',(0.,1.,0.));
#1665=DIRECTION('',(0.,0.,1.));
#1666=DIRECTION('',(0.,-1.,0.));
#1667=DIRECTION('',(0.,-1.,0.));
#1668=DIRECTION('',(0.,-1.,0.));
#1669=DIRECTION('',(0.,0.,1.));
#1670=DIRECTION('center_axis',(-1.,0.,0.));
#1671=DIRECTION('ref_axis',(0.,1.,0.));
#1672=DIRECTION('center_axis',(1.,0.,0.));
#1673=DIRECTION('ref_axis',(0.,1.,0.));
#1674=DIRECTION('center_axis',(-1.,0.,0.));
#1675=DIRECTION('ref_axis',(0.,1.,0.));
#1676=DIRECTION('',(1.,0.,0.));
#1677=DIRECTION('center_axis',(0.90630778703665,0.,0.4226182617407));
#1678=DIRECTION('ref_axis',(0.,1.,0.));
#1679=DIRECTION('',(0.410305480829574,-0.239625171916525,-0.879902943162022));
#1680=DIRECTION('center_axis',(-0.90630778703665,0.,-0.4226182617407));
#1681=DIRECTION('ref_axis',(-0.4226182617407,0.,0.90630778703665));
#1682=DIRECTION('',(-0.41030549069281,-0.239625077358611,0.8799029643138));
#1683=DIRECTION('center_axis',(0.90630778703665,0.,0.4226182617407));
#1684=DIRECTION('ref_axis',(0.4226182617407,-5.85933160232496E-18,-0.90630778703665));
#1685=DIRECTION('center_axis',(0.90630778703665,0.,0.4226182617407));
#1686=DIRECTION('ref_axis',(0.,1.,0.));
#1687=DIRECTION('',(-0.4226182617407,-7.67810262369839E-9,0.90630778703665));
#1688=DIRECTION('',(-0.4226182617407,-7.54380050398162E-17,0.90630778703665));
#1689=DIRECTION('center_axis',(0.90630778703665,0.,0.4226182617407));
#1690=DIRECTION('ref_axis',(0.4226182617407,0.,-0.90630778703665));
#1691=DIRECTION('',(0.4226182617407,0.,-0.90630778703665));
#1692=DIRECTION('center_axis',(-0.90630778703665,0.,-0.4226182617407));
#1693=DIRECTION('ref_axis',(-0.4226182617407,0.,0.90630778703665));
#1694=DIRECTION('center_axis',(-0.90630778703665,0.,-0.4226182617407));
#1695=DIRECTION('ref_axis',(0.4226182617407,0.,-0.90630778703665));
#1696=DIRECTION('center_axis',(-0.90630778703665,0.,-0.4226182617407));
#1697=DIRECTION('ref_axis',(-0.4226182617407,0.,0.90630778703665));
#1698=DIRECTION('center_axis',(0.,0.964860751129387,0.262761737949109));
#1699=DIRECTION('ref_axis',(0.,0.262761737949109,-0.964860751129386));
#1700=DIRECTION('',(-1.,0.,0.));
#1701=DIRECTION('',(0.,0.262761737949109,-0.964860751129386));
#1702=DIRECTION('',(-1.,0.,0.));
#1703=DIRECTION('center_axis',(0.,1.,0.));
#1704=DIRECTION('ref_axis',(-1.,0.,0.));
#1705=DIRECTION('',(0.,0.,1.));
#1706=DIRECTION('',(-1.,0.,0.));
#1707=DIRECTION('',(1.,0.,0.));
#1708=DIRECTION('',(0.,0.,1.));
#1709=DIRECTION('',(-1.,0.,0.));
#1710=DIRECTION('center_axis',(0.,0.,1.));
#1711=DIRECTION('ref_axis',(1.,0.,0.));
#1712=DIRECTION('',(0.,0.,1.));
#1713=DIRECTION('center_axis',(0.,0.,-1.));
#1714=DIRECTION('ref_axis',(1.,0.,0.));
#1715=DIRECTION('',(0.,0.,1.));
#1716=DIRECTION('center_axis',(0.,0.,-1.));
#1717=DIRECTION('ref_axis',(1.,0.,0.));
#1718=DIRECTION('',(0.,0.,-1.));
#1719=DIRECTION('center_axis',(0.,0.,-1.));
#1720=DIRECTION('ref_axis',(1.,0.,0.));
#1721=DIRECTION('',(0.,0.,1.));
#1722=DIRECTION('center_axis',(0.,0.,-1.));
#1723=DIRECTION('ref_axis',(1.,0.,0.));
#1724=DIRECTION('',(0.,0.,1.));
#1725=DIRECTION('center_axis',(0.,0.,-1.));
#1726=DIRECTION('ref_axis',(1.,0.,0.));
#1727=DIRECTION('center_axis',(1.,0.,0.));
#1728=DIRECTION('ref_axis',(0.,6.12323399573677E-17,1.));
#1729=DIRECTION('',(1.,0.,0.));
#1730=DIRECTION('',(1.,0.,0.));
#1731=DIRECTION('center_axis',(1.,0.,0.));
#1732=DIRECTION('ref_axis',(0.,1.,0.));
#1733=DIRECTION('center_axis',(0.707106781186548,0.,-0.707106781186547));
#1734=DIRECTION('ref_axis',(0.707106781186547,0.,0.707106781186547));
#1735=DIRECTION('center_axis',(0.707106781186548,0.,-0.707106781186547));
#1736=DIRECTION('ref_axis',(0.707106781186547,0.,0.707106781186547));
#1737=DIRECTION('center_axis',(1.78501526955079E-16,-1.,0.));
#1738=DIRECTION('ref_axis',(1.,1.78501526955079E-16,0.));
#1739=DIRECTION('',(0.,0.,-1.));
#1740=DIRECTION('',(-1.,0.,0.));
#1741=DIRECTION('',(0.,0.,-1.));
#1742=DIRECTION('',(-1.,0.,0.));
#1743=DIRECTION('',(-1.,-1.78501526955079E-16,0.));
#1744=DIRECTION('',(1.,1.78501526955079E-16,0.));
#1745=DIRECTION('center_axis',(0.,1.,8.47184889451677E-9));
#1746=DIRECTION('ref_axis',(0.,8.47184889451677E-9,-1.));
#1747=DIRECTION('',(0.,8.47184889451677E-9,-1.));
#1748=DIRECTION('center_axis',(0.,-0.964860723240161,0.262761840358287));
#1749=DIRECTION('ref_axis',(0.,0.262761840358287,0.964860723240161));
#1750=DIRECTION('',(-1.,0.,0.));
#1751=DIRECTION('',(0.,0.262761840358287,0.964860723240161));
#1752=DIRECTION('center_axis',(-1.,0.,0.));
#1753=DIRECTION('ref_axis',(0.,0.99999997764826,-0.000211431973106541));
#1754=DIRECTION('center_axis',(-1.,0.,0.));
#1755=DIRECTION('ref_axis',(0.,0.99999997764826,-0.000211431973106541));
#1756=DIRECTION('center_axis',(1.,0.,0.));
#1757=DIRECTION('ref_axis',(0.,1.,0.));
#1758=DIRECTION('center_axis',(-1.,0.,0.));
#1759=DIRECTION('ref_axis',(0.,1.,0.));
#1760=DIRECTION('',(0.,0.,-1.));
#1761=DIRECTION('',(0.,-1.,0.));
#1762=DIRECTION('',(0.,0.,1.));
#1763=DIRECTION('',(0.,1.,0.));
#1764=DIRECTION('center_axis',(0.,1.,0.));
#1765=DIRECTION('ref_axis',(0.,0.,-1.));
#1766=DIRECTION('',(-1.,0.,0.));
#1767=DIRECTION('',(0.,0.,-1.));
#1768=DIRECTION('',(1.,0.,0.));
#1769=DIRECTION('',(0.,0.,1.));
#1770=DIRECTION('',(1.,0.,0.));
#1771=DIRECTION('',(0.,0.,-1.));
#1772=DIRECTION('',(-1.,0.,0.));
#1773=DIRECTION('center_axis',(0.,0.,1.));
#1774=DIRECTION('ref_axis',(0.,1.,0.));
#1775=DIRECTION('',(-1.,0.,0.));
#1776=DIRECTION('',(0.,1.,0.));
#1777=DIRECTION('',(0.,1.,0.));
#1778=DIRECTION('',(0.,1.,0.));
#1779=DIRECTION('center_axis',(0.,0.707106801854713,0.707106760518382));
#1780=DIRECTION('ref_axis',(0.,-0.707106760518382,0.707106801854712));
#1781=DIRECTION('',(0.,-0.707106760518382,0.707106801854712));
#1782=DIRECTION('',(0.,0.707106760518382,-0.707106801854712));
#1783=DIRECTION('',(0.,-0.707106760518382,0.707106801854712));
#1784=DIRECTION('',(1.,0.,0.));
#1785=DIRECTION('center_axis',(0.,-0.707106781186548,0.707106781186548));
#1786=DIRECTION('ref_axis',(0.,-0.707106781186548,-0.707106781186548));
#1787=DIRECTION('',(0.,-0.707106781186548,-0.707106781186548));
#1788=DIRECTION('',(0.,-0.707106781186547,-0.707106781186547));
#1789=DIRECTION('',(0.,0.707106781186548,0.707106781186548));
#1790=DIRECTION('',(1.,0.,0.));
#1791=DIRECTION('center_axis',(1.,0.,0.));
#1792=DIRECTION('ref_axis',(0.,1.,0.));
#1793=DIRECTION('center_axis',(1.,0.,0.));
#1794=DIRECTION('ref_axis',(0.,-1.,0.));
#1795=DIRECTION('center_axis',(1.,0.,0.));
#1796=DIRECTION('ref_axis',(0.,-1.,0.));
#1797=DIRECTION('',(1.,0.,0.));
#1798=DIRECTION('center_axis',(-1.,0.,0.));
#1799=DIRECTION('ref_axis',(0.,-1.,0.));
#1800=DIRECTION('center_axis',(-1.,0.,0.));
#1801=DIRECTION('ref_axis',(0.,0.,1.));
#1802=DIRECTION('',(0.,0.,1.));
#1803=DIRECTION('center_axis',(-1.,0.,0.));
#1804=DIRECTION('ref_axis',(0.,0.,1.));
#1805=DIRECTION('center_axis',(0.,-1.,0.));
#1806=DIRECTION('ref_axis',(0.,0.,1.));
#1807=DIRECTION('',(-1.,0.,0.));
#1808=DIRECTION('',(0.,0.,1.));
#1809=DIRECTION('',(0.,0.,-1.));
#1810=DIRECTION('center_axis',(0.,0.,-1.));
#1811=DIRECTION('ref_axis',(0.,-1.,0.));
#1812=DIRECTION('',(0.,-1.,0.));
#1813=DIRECTION('center_axis',(-1.,0.,0.));
#1814=DIRECTION('ref_axis',(0.,0.,1.));
#1815=DIRECTION('center_axis',(1.,0.,0.));
#1816=DIRECTION('ref_axis',(0.,1.,0.));
#1817=DIRECTION('center_axis',(0.707106781186548,0.,-0.707106781186547));
#1818=DIRECTION('ref_axis',(0.707106781186547,0.,0.707106781186547));
#1819=DIRECTION('center_axis',(1.,0.,0.));
#1820=DIRECTION('ref_axis',(0.,1.,0.));
#1821=DIRECTION('center_axis',(1.,0.,0.));
#1822=DIRECTION('ref_axis',(0.,1.,0.));
#1823=DIRECTION('center_axis',(1.,0.,0.));
#1824=DIRECTION('ref_axis',(0.,1.,0.));
#1825=DIRECTION('center_axis',(0.,0.,1.));
#1826=DIRECTION('ref_axis',(1.,0.,0.));
#1827=DIRECTION('center_axis',(0.,0.,1.));
#1828=DIRECTION('ref_axis',(1.,0.,0.));
#1829=DIRECTION('center_axis',(0.,0.,1.));
#1830=DIRECTION('ref_axis',(-1.,0.,0.));
#1831=DIRECTION('',(0.0537716583381918,0.998553257848354,0.));
#1832=DIRECTION('center_axis',(0.,0.,-1.));
#1833=DIRECTION('ref_axis',(0.998553257848354,0.0537716583381918,0.));
#1834=DIRECTION('center_axis',(0.,0.,1.));
#1835=DIRECTION('ref_axis',(-1.,0.,0.));
#1836=DIRECTION('',(-0.0537716583381917,0.998553257848354,0.));
#1837=DIRECTION('center_axis',(0.,0.,-1.));
#1838=DIRECTION('ref_axis',(-0.998553257848354,-0.0537716583381918,0.));
#1839=DIRECTION('center_axis',(0.,0.,1.));
#1840=DIRECTION('ref_axis',(1.,0.,0.));
#1841=DIRECTION('',(0.0537716583381918,0.998553257848354,0.));
#1842=DIRECTION('center_axis',(0.,0.,1.));
#1843=DIRECTION('ref_axis',(1.,0.,0.));
#1844=DIRECTION('center_axis',(0.,0.,1.));
#1845=DIRECTION('ref_axis',(1.,0.,0.));
#1846=DIRECTION('center_axis',(0.,0.,-1.));
#1847=DIRECTION('ref_axis',(-1.,0.,0.));
#1848=DIRECTION('center_axis',(0.,0.,-1.));
#1849=DIRECTION('ref_axis',(1.,0.,0.));
#1850=DIRECTION('center_axis',(0.,0.,-1.));
#1851=DIRECTION('ref_axis',(1.,0.,0.));
#1852=DIRECTION('center_axis',(0.,0.,-1.));
#1853=DIRECTION('ref_axis',(-1.,0.,0.));
#1854=DIRECTION('center_axis',(0.,0.,-1.));
#1855=DIRECTION('ref_axis',(1.,0.,0.));
#1856=DIRECTION('center_axis',(-0.998553257848354,-0.0537716583381917,0.));
#1857=DIRECTION('ref_axis',(0.0537716583381917,-0.998553257848354,0.));
#1858=DIRECTION('',(-0.0537716583381917,0.998553257848354,0.));
#1859=DIRECTION('',(0.,0.,1.));
#1860=DIRECTION('',(0.0537716583381917,-0.998553257848354,0.));
#1861=DIRECTION('',(0.,0.,1.));
#1862=DIRECTION('center_axis',(0.998553257848354,-0.0537716583381918,0.));
#1863=DIRECTION('ref_axis',(0.0537716583381918,0.998553257848354,0.));
#1864=DIRECTION('',(-0.0537716583381918,-0.998553257848354,0.));
#1865=DIRECTION('',(0.,0.,-1.));
#1866=DIRECTION('',(0.0537716583381918,0.998553257848354,0.));
#1867=DIRECTION('',(0.,0.,1.));
#1868=DIRECTION('center_axis',(0.,0.,1.));
#1869=DIRECTION('ref_axis',(1.,0.,0.));
#1870=DIRECTION('center_axis',(0.,0.,-1.));
#1871=DIRECTION('ref_axis',(1.,0.,0.));
#1872=DIRECTION('center_axis',(0.,0.,1.));
#1873=DIRECTION('ref_axis',(1.,0.,0.));
#1874=DIRECTION('',(0.,0.,1.));
#1875=DIRECTION('center_axis',(0.,0.,1.));
#1876=DIRECTION('ref_axis',(-1.,1.22464679914735E-16,0.));
#1877=DIRECTION('center_axis',(0.,0.,-1.));
#1878=DIRECTION('ref_axis',(1.,0.,0.));
#1879=DIRECTION('',(0.,0.,1.));
#1880=DIRECTION('center_axis',(0.,0.,1.));
#1881=DIRECTION('ref_axis',(1.,0.,0.));
#1882=DIRECTION('center_axis',(-0.998553257848354,0.0537716583381918,0.));
#1883=DIRECTION('ref_axis',(-0.0537716583381918,-0.998553257848354,0.));
#1884=DIRECTION('',(0.0537716583381918,0.998553257848354,0.));
#1885=DIRECTION('',(0.,0.,-1.));
#1886=DIRECTION('',(-0.0537716583381918,-0.998553257848354,0.));
#1887=DIRECTION('center_axis',(0.998553257848354,0.0537716583381918,0.));
#1888=DIRECTION('ref_axis',(-0.0537716583381918,0.998553257848354,0.));
#1889=DIRECTION('',(0.0537716583381918,-0.998553257848354,0.));
#1890=DIRECTION('',(-0.0537716583381918,0.998553257848354,0.));
#1891=DIRECTION('',(0.,0.,1.));
#1892=DIRECTION('center_axis',(0.,0.,1.));
#1893=DIRECTION('ref_axis',(1.,0.,0.));
#1894=DIRECTION('center_axis',(0.,0.,1.));
#1895=DIRECTION('ref_axis',(1.,0.,0.));
#1896=DIRECTION('center_axis',(0.,0.,1.));
#1897=DIRECTION('ref_axis',(1.,0.,0.));
#1898=DIRECTION('center_axis',(0.,0.,-1.));
#1899=DIRECTION('ref_axis',(1.,0.,0.));
#1900=DIRECTION('center_axis',(0.,0.,-1.));
#1901=DIRECTION('ref_axis',(1.,0.,0.));
#1902=DIRECTION('center_axis',(0.,0.,-1.));
#1903=DIRECTION('ref_axis',(1.,0.,0.));
#1904=DIRECTION('center_axis',(0.,0.,1.));
#1905=DIRECTION('ref_axis',(0.998553257848354,0.0537716583381918,0.));
#1906=DIRECTION('center_axis',(0.,0.,1.));
#1907=DIRECTION('ref_axis',(0.998553257848354,0.0537716583381918,0.));
#1908=DIRECTION('center_axis',(0.,0.,1.));
#1909=DIRECTION('ref_axis',(0.998553257848354,0.0537716583381918,0.));
#1910=DIRECTION('',(0.,0.,1.));
#1911=DIRECTION('center_axis',(0.,0.,1.));
#1912=DIRECTION('ref_axis',(1.,0.,0.));
#1913=DIRECTION('center_axis',(0.,0.,1.));
#1914=DIRECTION('ref_axis',(-0.998553257848354,-0.0537716583381918,0.));
#1915=DIRECTION('center_axis',(0.,0.,1.));
#1916=DIRECTION('ref_axis',(-0.998553257848354,-0.0537716583381918,0.));
#1917=DIRECTION('',(0.,0.,-1.));
#1918=DIRECTION('center_axis',(0.,0.,1.));
#1919=DIRECTION('ref_axis',(-0.998553257848354,-0.0537716583381918,0.));
#1920=DIRECTION('center_axis',(0.,0.,1.));
#1921=DIRECTION('ref_axis',(1.,0.,0.));
#1922=DIRECTION('center_axis',(0.,0.,1.));
#1923=DIRECTION('ref_axis',(1.,0.,0.));
#1924=DIRECTION('center_axis',(0.,0.,1.));
#1925=DIRECTION('ref_axis',(1.,0.,0.));
#1926=DIRECTION('center_axis',(0.70608378000049,-0.0380223042465816,-0.707106781186548));
#1927=DIRECTION('ref_axis',(0.70608378000049,-0.0380223042465816,0.707106781186547));
#1928=DIRECTION('center_axis',(0.,0.,1.));
#1929=DIRECTION('ref_axis',(1.,0.,0.));
#1930=DIRECTION('center_axis',(0.,0.,1.));
#1931=DIRECTION('ref_axis',(1.,0.,0.));
#1932=DIRECTION('',(0.,0.,1.));
#1933=DIRECTION('',(0.,0.,1.));
#1934=DIRECTION('center_axis',(0.,0.,1.));
#1935=DIRECTION('ref_axis',(1.,0.,0.));
#1936=DIRECTION('center_axis',(0.,0.,-1.));
#1937=DIRECTION('ref_axis',(1.,0.,0.));
#1938=DIRECTION('',(0.0537716583381918,0.998553257848354,0.));
#1939=DIRECTION('center_axis',(0.,0.,1.));
#1940=DIRECTION('ref_axis',(1.,0.,0.));
#1941=DIRECTION('',(-0.0537716583381917,0.998553257848354,0.));
#1942=DIRECTION('center_axis',(0.,0.,-1.));
#1943=DIRECTION('ref_axis',(1.,0.,0.));
#1944=DIRECTION('center_axis',(0.,0.,1.));
#1945=DIRECTION('ref_axis',(1.,0.,0.));
#1946=DIRECTION('center_axis',(-0.70608378000049,-0.0380223042465815,0.707106781186548));
#1947=DIRECTION('ref_axis',(0.70608378000049,0.0380223042465815,0.707106781186547));
#1948=DIRECTION('center_axis',(0.,0.,1.));
#1949=DIRECTION('ref_axis',(-1.,-1.22464679914735E-16,0.));
#1950=DIRECTION('center_axis',(0.70608378000049,0.0380223042465815,-0.707106781186548));
#1951=DIRECTION('ref_axis',(0.70608378000049,0.0380223042465815,0.707106781186547));
#1952=DIRECTION('center_axis',(0.70608378000049,-0.0380223042465816,-0.707106781186548));
#1953=DIRECTION('ref_axis',(0.70608378000049,-0.0380223042465816,0.707106781186547));
#1954=DIRECTION('center_axis',(0.,0.,1.));
#1955=DIRECTION('ref_axis',(1.,0.,0.));
#1956=DIRECTION('center_axis',(0.,0.,1.));
#1957=DIRECTION('ref_axis',(1.,0.,0.));
#1958=DIRECTION('center_axis',(0.,0.,1.));
#1959=DIRECTION('ref_axis',(1.,0.,0.));
#1960=DIRECTION('center_axis',(0.,0.,1.));
#1961=DIRECTION('ref_axis',(1.,0.,0.));
#1962=DIRECTION('center_axis',(0.,0.,-1.));
#1963=DIRECTION('ref_axis',(-0.998553257848354,-0.0537716583381918,0.));
#1964=DIRECTION('',(0.70608378000049,0.0380223042465815,0.707106781186547));
#1965=DIRECTION('center_axis',(0.,0.,1.));
#1966=DIRECTION('ref_axis',(-0.998553257848354,-0.0537716583381918,0.));
#1967=DIRECTION('center_axis',(0.70608378000049,0.0380223042465815,-0.707106781186548));
#1968=DIRECTION('ref_axis',(-0.707618466647803,0.,-0.70659472518482));
#1969=DIRECTION('center_axis',(0.70608378000049,0.0380223042465815,-0.707106781186548));
#1970=DIRECTION('ref_axis',(0.70608378000049,0.0380223042465815,0.707106781186547));
#1971=DIRECTION('',(0.0537716583381917,-0.998553257848354,0.));
#1972=DIRECTION('center_axis',(0.,0.,1.));
#1973=DIRECTION('ref_axis',(-0.998553257848354,-0.0537716583381918,0.));
#1974=DIRECTION('',(0.,0.,1.));
#1975=DIRECTION('center_axis',(0.998553257848354,0.0537716583381917,0.));
#1976=DIRECTION('ref_axis',(-0.0537716583381917,0.998553257848354,0.));
#1977=DIRECTION('',(-0.0537716583381917,0.998553257848354,0.));
#1978=DIRECTION('center_axis',(0.70608378000049,-0.0380223042465816,-0.707106781186548));
#1979=DIRECTION('ref_axis',(-0.707618466647803,0.,-0.70659472518482));
#1980=DIRECTION('center_axis',(-0.70608378000049,0.0380223042465816,0.707106781186548));
#1981=DIRECTION('ref_axis',(0.70608378000049,-0.0380223042465816,0.707106781186547));
#1982=DIRECTION('',(0.70608378000049,-0.0380223042465818,0.707106781186547));
#1983=DIRECTION('',(-0.0537716583381918,-0.998553257848354,0.));
#1984=DIRECTION('center_axis',(0.,0.,-1.));
#1985=DIRECTION('ref_axis',(-0.998553257848354,-0.0537716583381918,0.));
#1986=DIRECTION('center_axis',(0.,0.,1.));
#1987=DIRECTION('ref_axis',(-0.998553257848354,-0.0537716583381918,0.));
#1988=DIRECTION('center_axis',(0.,0.,-1.));
#1989=DIRECTION('ref_axis',(1.83697019872103E-16,-1.,0.));
#1990=DIRECTION('',(0.,0.,1.));
#1991=DIRECTION('center_axis',(0.,0.,-1.));
#1992=DIRECTION('ref_axis',(-1.,0.,0.));
#1993=DIRECTION('',(0.,0.,-1.));
#1994=DIRECTION('center_axis',(0.,0.,1.));
#1995=DIRECTION('ref_axis',(-1.,0.,0.));
#1996=DIRECTION('center_axis',(0.,0.,1.));
#1997=DIRECTION('ref_axis',(1.,0.,0.));
#1998=DIRECTION('center_axis',(0.,0.,1.));
#1999=DIRECTION('ref_axis',(1.,0.,0.));
#2000=DIRECTION('center_axis',(0.,0.,-1.));
#2001=DIRECTION('ref_axis',(-6.12323399573677E-17,1.,0.));
#2002=DIRECTION('',(0.,0.,1.));
#2003=DIRECTION('center_axis',(0.,0.,-1.));
#2004=DIRECTION('ref_axis',(-1.,0.,0.));
#2005=DIRECTION('',(0.,0.,-1.));
#2006=DIRECTION('center_axis',(0.,0.,1.));
#2007=DIRECTION('ref_axis',(-1.,0.,0.));
#2008=DIRECTION('center_axis',(0.,0.,1.));
#2009=DIRECTION('ref_axis',(1.,0.,0.));
#2010=DIRECTION('center_axis',(0.,0.,1.));
#2011=DIRECTION('ref_axis',(1.,0.,0.));
#2012=DIRECTION('center_axis',(0.,0.,1.));
#2013=DIRECTION('ref_axis',(1.,0.,0.));
#2014=DIRECTION('center_axis',(0.,0.,1.));
#2015=DIRECTION('ref_axis',(1.,0.,0.));
#2016=DIRECTION('',(0.,0.,-1.));
#2017=DIRECTION('center_axis',(0.,0.,1.));
#2018=DIRECTION('ref_axis',(1.,0.,0.));
#2019=DIRECTION('',(0.,0.,-1.));
#2020=DIRECTION('center_axis',(0.,0.,1.));
#2021=DIRECTION('ref_axis',(1.,0.,0.));
#2022=DIRECTION('center_axis',(0.,0.,1.));
#2023=DIRECTION('ref_axis',(0.998553257848354,0.0537716583381918,0.));
#2024=DIRECTION('',(0.,0.,1.));
#2025=DIRECTION('center_axis',(0.998553257848354,-0.0537716583381918,0.));
#2026=DIRECTION('ref_axis',(0.0537716583381918,0.998553257848354,0.));
#2027=DIRECTION('center_axis',(0.,0.,1.));
#2028=DIRECTION('ref_axis',(1.,0.,0.));
#2029=DIRECTION('center_axis',(0.,0.,1.));
#2030=DIRECTION('ref_axis',(1.,0.,0.));
#2031=DIRECTION('',(0.,0.,-1.));
#2032=DIRECTION('center_axis',(0.90630778703665,0.,0.4226182617407));
#2033=DIRECTION('ref_axis',(0.,1.,0.));
#2034=DIRECTION('',(-0.410305480829574,0.239625171916525,0.879902943162022));
#2035=DIRECTION('center_axis',(0.90630778703665,0.,0.4226182617407));
#2036=DIRECTION('ref_axis',(0.4226182617407,-5.85933160232496E-18,-0.90630778703665));
#2037=DIRECTION('',(0.4226182617407,7.67810262369839E-9,-0.90630778703665));
#2038=DIRECTION('center_axis',(-1.,0.,0.));
#2039=DIRECTION('ref_axis',(0.,0.99999997764826,-0.000211431973106541));
#2040=DIRECTION('',(1.,0.,0.));
#2041=DIRECTION('center_axis',(1.,0.,0.));
#2042=DIRECTION('ref_axis',(0.,0.99999997764826,-0.000211431973106541));
#2043=DIRECTION('',(-1.,0.,0.));
#2044=DIRECTION('center_axis',(0.,-0.964860723240161,0.262761840358287));
#2045=DIRECTION('ref_axis',(0.,0.262761840358287,0.964860723240161));
#2046=DIRECTION('',(1.,0.,0.));
#2047=DIRECTION('',(0.,0.262761840358287,0.964860723240161));
#2048=DIRECTION('center_axis',(0.,1.,8.47184889451677E-9));
#2049=DIRECTION('ref_axis',(0.,8.47184889451677E-9,-1.));
#2050=DIRECTION('',(0.,8.47184889451677E-9,-1.));
#2051=DIRECTION('center_axis',(1.,0.,0.));
#2052=DIRECTION('ref_axis',(0.,1.,0.));
#2053=DIRECTION('center_axis',(0.90630778703665,0.,0.4226182617407));
#2054=DIRECTION('ref_axis',(0.,1.,0.));
#2055=DIRECTION('',(0.41030549069281,0.239625077358611,-0.8799029643138));
#2056=DIRECTION('',(-0.4226182617407,0.,0.90630778703665));
#2057=DIRECTION('center_axis',(0.90630778703665,0.,0.4226182617407));
#2058=DIRECTION('ref_axis',(0.4226182617407,-5.85933160232496E-18,-0.90630778703665));
#2059=DIRECTION('center_axis',(0.,-1.,0.));
#2060=DIRECTION('ref_axis',(0.,0.,1.));
#2061=DIRECTION('',(1.,0.,0.));
#2062=DIRECTION('',(0.,0.,1.));
#2063=DIRECTION('',(-1.,0.,0.));
#2064=DIRECTION('center_axis',(0.,0.964860751129387,0.262761737949109));
#2065=DIRECTION('ref_axis',(0.,0.262761737949109,-0.964860751129386));
#2066=DIRECTION('',(1.,0.,0.));
#2067=DIRECTION('',(0.,0.262761737949109,-0.964860751129386));
#2068=DIRECTION('center_axis',(-1.,0.,0.));
#2069=DIRECTION('ref_axis',(0.,-0.971247743716691,0.238071040501016));
#2070=DIRECTION('center_axis',(1.,0.,0.));
#2071=DIRECTION('ref_axis',(0.,0.99999997764826,-0.000211431973106541));
#2072=DIRECTION('center_axis',(1.,0.,0.));
#2073=DIRECTION('ref_axis',(0.,1.,0.));
#2074=DIRECTION('',(0.,0.,1.));
#2075=DIRECTION('',(1.,0.,0.));
#2076=CARTESIAN_POINT('',(0.,0.,0.));
#2077=CARTESIAN_POINT('',(0.,0.,0.));
#2078=CARTESIAN_POINT('Origin',(0.,0.,0.));
#2079=CARTESIAN_POINT('',(-19.,-2.32682891837997E-15,14.0000004917383));
#2080=CARTESIAN_POINT('',(-19.,-2.32682891837997E-15,0.));
#2081=CARTESIAN_POINT('',(-19.,-2.32682891837997E-15,0.));
#2082=CARTESIAN_POINT('',(-14.2,12.6237870704476,18.8000004917383));
#2083=CARTESIAN_POINT('Origin',(0.,0.,33.0000004917383));
#2084=CARTESIAN_POINT('',(0.,19.,33.0000004917383));
#2085=CARTESIAN_POINT('Origin',(0.,0.,33.0000004917383));
#2086=CARTESIAN_POINT('',(2.46322612762619,18.8396527845972,35.4632266193645));
#2087=CARTESIAN_POINT('Origin',(0.,0.,33.0000004917383));
#2088=CARTESIAN_POINT('',(19.0000002831221,0.,0.));
#2089=CARTESIAN_POINT('Origin',(0.,0.,40.7456320968388));
#2090=CARTESIAN_POINT('Origin',(0.,0.,0.));
#2091=CARTESIAN_POINT('Origin',(19.,-4.00793539754031E-17,42.300000372529));
#2092=CARTESIAN_POINT('',(-3.7,-1.,42.300000372529));
#2093=CARTESIAN_POINT('Origin',(-3.7,-4.00793539754031E-17,42.300000372529));
#2094=CARTESIAN_POINT('',(-12.5,-1.,42.300000372529));
#2095=CARTESIAN_POINT('',(19.,-1.,42.300000372529));
#2096=CARTESIAN_POINT('Origin',(-12.5,-4.00793539754031E-17,42.300000372529));
#2097=CARTESIAN_POINT('Origin',(19.,0.,14.900000372529));
#2098=CARTESIAN_POINT('',(-3.7,-0.446564877351242,14.0052491164158));
#2099=CARTESIAN_POINT('',(-3.7,-1.,14.900000372529));
#2100=CARTESIAN_POINT('Origin',(-3.7,0.,14.900000372529));
#2101=CARTESIAN_POINT('',(-3.75998384321583,-0.446564877351242,14.0052491164158));
#2102=CARTESIAN_POINT('',(19.,-0.446564877351349,14.0052491164158));
#2103=CARTESIAN_POINT('',(-3.75998384321583,0.446564877351242,14.0052491164158));
#2104=CARTESIAN_POINT('Origin',(-3.75998384321583,0.,14.900000372529));
#2105=CARTESIAN_POINT('',(-3.7,0.446564877351242,14.0052491164158));
#2106=CARTESIAN_POINT('',(19.,0.446564877351349,14.0052491164158));
#2107=CARTESIAN_POINT('Origin',(-3.7,0.,14.900000372529));
#2108=CARTESIAN_POINT('',(-13.7,-1.,14.900000372529));
#2109=CARTESIAN_POINT('',(19.,-1.,14.900000372529));
#2110=CARTESIAN_POINT('Origin',(-13.7,0.,14.900000372529));
#2111=CARTESIAN_POINT('Origin',(-13.7,0.,14.900000372529));
#2112=CARTESIAN_POINT('Origin',(-3.75998384321583,-13.4999996982515,9.453));
#2113=CARTESIAN_POINT('',(-3.75998384321583,-13.4999996982515,19.630258229929));
#2114=CARTESIAN_POINT('Origin',(-3.75998384321583,0.,33.0000004917383));
#2115=CARTESIAN_POINT('',(-3.75998384321583,-13.4999996982515,9.453));
#2116=CARTESIAN_POINT('',(-3.75998384321583,-13.4999996982515,9.453));
#2117=CARTESIAN_POINT('',(-3.75998384321583,-9.26620318678346,9.453));
#2118=CARTESIAN_POINT('',(-3.75998384321583,-6.74999984912574,9.453));
#2119=CARTESIAN_POINT('',(-3.75998384321583,9.26620318678346,9.453));
#2120=CARTESIAN_POINT('',(-3.75998384321583,-6.74999984912574,9.453));
#2121=CARTESIAN_POINT('',(-3.75998384321583,13.5000002011657,9.453));
#2122=CARTESIAN_POINT('',(-3.75998384321583,-6.74999984912574,9.453));
#2123=CARTESIAN_POINT('',(-3.75998384321583,13.5000002011657,19.630258737743));
#2124=CARTESIAN_POINT('',(-3.75998384321583,13.5000002011657,9.453));
#2125=CARTESIAN_POINT('Origin',(-3.75998384321583,0.,33.0000004917383));
#2126=CARTESIAN_POINT('Origin',(-19.,0.,33.0000004917383));
#2127=CARTESIAN_POINT('',(-3.7,-13.4999996982515,19.630258229929));
#2128=CARTESIAN_POINT('Origin',(-3.7,0.,33.0000004917383));
#2129=CARTESIAN_POINT('',(-19.,-13.4999996982515,19.630258229929));
#2130=CARTESIAN_POINT('Origin',(6.09757149371728,-4.09781932830811E-7,27.6693478302603));
#2131=CARTESIAN_POINT('',(-2.62256563273692,13.5000002011657,46.3697422457337));
#2132=CARTESIAN_POINT('',(0.,11.9683785924649,40.7456320968388));
#2133=CARTESIAN_POINT('',(3.46208643695606,9.94646297981417,33.3211637733843));
#2134=CARTESIAN_POINT('',(-2.62256586953445,-13.4999996982515,46.3697427535476));
#2135=CARTESIAN_POINT('Origin',(3.61184733470576,0.,33.0000004917383));
#2136=CARTESIAN_POINT('',(0.,-11.9683785924649,40.7456320968388));
#2137=CARTESIAN_POINT('',(2.37155864522164,-10.5833497865813,35.6598081697668));
#2138=CARTESIAN_POINT('Origin',(2.91238583705048,0.,34.5000005140901));
#2139=CARTESIAN_POINT('Origin',(6.09757149371728,-4.09781932830811E-7,27.6693478302603));
#2140=CARTESIAN_POINT('',(0.,13.5000002011657,40.7456320968388));
#2141=CARTESIAN_POINT('',(1.97170614319303,13.5000002846341,36.5172946275502));
#2142=CARTESIAN_POINT('',(8.43936719471079,13.5000002011657,22.6473507430602));
#2143=CARTESIAN_POINT('',(8.70589427490235,13.5000002011657,22.0757815750862));
#2144=CARTESIAN_POINT('',(8.43936799919542,-13.4999996982515,22.6473490178374));
#2145=CARTESIAN_POINT('Origin',(0.,0.,40.7456320968388));
#2146=CARTESIAN_POINT('',(9.79533418287802,-13.4999996982515,19.7394701529531));
#2147=CARTESIAN_POINT('',(2.46322612762619,-18.8396527845972,35.4632266193645));
#2148=CARTESIAN_POINT('Origin',(3.61184733470576,0.,33.0000004917383));
#2149=CARTESIAN_POINT('Origin',(0.,0.,40.7456320968388));
#2150=CARTESIAN_POINT('Origin',(3.61184733470576,0.,33.0000004917383));
#2151=CARTESIAN_POINT('Origin',(0.,-13.4999996982515,46.3697427535476));
#2152=CARTESIAN_POINT('',(-3.7,-13.4999996982515,46.3697427535476));
#2153=CARTESIAN_POINT('',(-19.,-13.4999996982515,46.3697427535476));
#2154=CARTESIAN_POINT('',(-3.7,-11.9683785924649,40.7456320968388));
#2155=CARTESIAN_POINT('',(-3.7,-11.9683785924649,40.7456320968388));
#2156=CARTESIAN_POINT('',(0.,-11.9683785924649,40.7456320968388));
#2157=CARTESIAN_POINT('Origin',(8.43936799919542,-13.4999996982515,9.453));
#2158=CARTESIAN_POINT('',(8.43936799919542,-13.4999996982515,9.453));
#2159=CARTESIAN_POINT('',(8.43936799919542,-13.4999996982515,9.453));
#2160=CARTESIAN_POINT('',(-3.53199574373415,-13.4999996982515,9.453));
#2161=CARTESIAN_POINT('',(-3.99999991059303,-13.4999996982515,9.453));
#2162=CARTESIAN_POINT('',(4.21968399959771,-13.4999996982515,9.453));
#2163=CARTESIAN_POINT('',(-3.7,-13.4999996982515,34.4971461823255));
#2164=CARTESIAN_POINT('',(-19.,-13.4999996982515,46.3697427535476));
#2165=CARTESIAN_POINT('Origin',(0.,0.,0.));
#2166=CARTESIAN_POINT('',(8.43936719471079,13.5000002011657,9.453));
#2167=CARTESIAN_POINT('',(8.43936719471079,13.5000002011657,9.453));
#2168=CARTESIAN_POINT('',(-3.10506657373922,15.6151044073129,9.453));
#2169=CARTESIAN_POINT('Origin',(0.,0.,9.453));
#2170=CARTESIAN_POINT('',(-3.10506657373922,15.6151044073129,4.93));
#2171=CARTESIAN_POINT('',(-3.10506657373922,15.6151044073129,0.));
#2172=CARTESIAN_POINT('',(3.10506657373922,15.6151044073129,4.93));
#2173=CARTESIAN_POINT('Origin',(0.,0.,4.93));
#2174=CARTESIAN_POINT('',(3.10506657373922,15.6151044073129,0.));
#2175=CARTESIAN_POINT('',(3.10506657373922,15.6151044073129,0.));
#2176=CARTESIAN_POINT('',(3.10506657373922,-15.6151044073129,0.));
#2177=CARTESIAN_POINT('Origin',(0.,0.,0.));
#2178=CARTESIAN_POINT('',(3.10506657373922,-15.6151044073129,4.93));
#2179=CARTESIAN_POINT('',(3.10506657373922,-15.6151044073129,0.));
#2180=CARTESIAN_POINT('',(-3.10506657373922,-15.6151044073129,4.93));
#2181=CARTESIAN_POINT('Origin',(0.,0.,4.93));
#2182=CARTESIAN_POINT('',(-3.10506657373922,-15.6151044073129,9.453));
#2183=CARTESIAN_POINT('',(-3.10506657373922,-15.6151044073129,0.));
#2184=CARTESIAN_POINT('Origin',(0.,0.,9.453));
#2185=CARTESIAN_POINT('Origin',(-19.,0.,33.0000004917383));
#2186=CARTESIAN_POINT('',(-3.7,13.5000002011657,46.3697422457337));
#2187=CARTESIAN_POINT('',(-19.,13.5000002011657,46.3697422457337));
#2188=CARTESIAN_POINT('',(-19.,13.5000002011657,46.3697422457337));
#2189=CARTESIAN_POINT('',(-14.2,-12.6237870704476,18.8000004917383));
#2190=CARTESIAN_POINT('Origin',(-14.2,0.,33.0000004917383));
#2191=CARTESIAN_POINT('',(0.,-19.,33.0000004917383));
#2192=CARTESIAN_POINT('Origin',(0.,0.,33.0000004917383));
#2193=CARTESIAN_POINT('Origin',(0.,0.,33.0000004917383));
#2194=CARTESIAN_POINT('Origin',(-3.75998384321583,13.5000002011657,9.453));
#2195=CARTESIAN_POINT('',(0.,13.5000003017485,34.4971461823255));
#2196=CARTESIAN_POINT('',(0.,13.5000002011657,21.2265002458692));
#2197=CARTESIAN_POINT('',(-3.7,13.5000003017485,34.4971461823255));
#2198=CARTESIAN_POINT('',(0.,13.5000003017485,34.4971461823255));
#2199=CARTESIAN_POINT('',(-3.7,13.5000003017485,19.6302588393058));
#2200=CARTESIAN_POINT('',(-3.7,13.5000003017485,34.4971461823255));
#2201=CARTESIAN_POINT('',(-19.,13.5000002011657,19.630258737743));
#2202=CARTESIAN_POINT('',(-3.53199571665244,13.5000002011657,9.453));
#2203=CARTESIAN_POINT('',(-1.87999192160792,13.5000002011657,9.453));
#2204=CARTESIAN_POINT('',(-4.00000005960464,13.5000002011657,9.453));
#2205=CARTESIAN_POINT('Origin',(0.,13.5000002011657,46.3697422457337));
#2206=CARTESIAN_POINT('',(-3.7,13.5000003017485,34.4971461823255));
#2207=CARTESIAN_POINT('Origin',(0.,11.9683785924649,40.7456320968388));
#2208=CARTESIAN_POINT('',(-3.7,11.9683785924649,40.7456320968388));
#2209=CARTESIAN_POINT('',(0.,11.9683785924649,40.7456320968388));
#2210=CARTESIAN_POINT('',(-3.7,11.9683785924649,40.7456320968388));
#2211=CARTESIAN_POINT('Origin',(0.,0.,34.5000005140901));
#2212=CARTESIAN_POINT('Origin',(-3.7,0.,34.5000005140901));
#2213=CARTESIAN_POINT('Origin',(-3.7,3.01748515063593E-7,30.2485736499563));
#2214=CARTESIAN_POINT('Origin',(-3.7,0.,33.0000004917383));
#2215=CARTESIAN_POINT('',(-3.7,-6.5,40.100000372529));
#2216=CARTESIAN_POINT('',(-3.7,-6.5,17.100000372529));
#2217=CARTESIAN_POINT('',(-3.7,-6.5,23.6742870112427));
#2218=CARTESIAN_POINT('',(-3.7,6.5,40.100000372529));
#2219=CARTESIAN_POINT('',(-3.7,-3.24999984912574,40.100000372529));
#2220=CARTESIAN_POINT('',(-3.7,6.5,17.100000372529));
#2221=CARTESIAN_POINT('',(-3.7,6.5,35.1742870112427));
#2222=CARTESIAN_POINT('',(-3.7,3.25000015087426,17.100000372529));
#2223=CARTESIAN_POINT('Origin',(19.,6.5,40.100000372529));
#2224=CARTESIAN_POINT('',(-12.5,6.5,40.100000372529));
#2225=CARTESIAN_POINT('',(19.,6.5,40.100000372529));
#2226=CARTESIAN_POINT('',(-12.5,6.50000009685755,39.5000002086163));
#2227=CARTESIAN_POINT('',(-12.5,6.5,17.100000372529));
#2228=CARTESIAN_POINT('',(-14.2,6.50000009685755,39.5000002086163));
#2229=CARTESIAN_POINT('',(-19.,6.50000009685755,39.5000002086163));
#2230=CARTESIAN_POINT('',(-14.2,6.50000009685755,31.5000002086163));
#2231=CARTESIAN_POINT('',(-14.2,6.50000009685755,32.2500003501773));
#2232=CARTESIAN_POINT('',(-12.5,6.50000009685755,31.5000002086163));
#2233=CARTESIAN_POINT('',(-19.,6.50000009685755,31.5000002086163));
#2234=CARTESIAN_POINT('',(-12.5,6.5,17.100000372529));
#2235=CARTESIAN_POINT('',(-12.5,6.5,17.100000372529));
#2236=CARTESIAN_POINT('',(19.,6.5,17.100000372529));
#2237=CARTESIAN_POINT('Origin',(19.,-6.5,40.100000372529));
#2238=CARTESIAN_POINT('',(-12.5,-6.5,40.100000372529));
#2239=CARTESIAN_POINT('',(19.,-6.5,40.100000372529));
#2240=CARTESIAN_POINT('',(-12.5,-5.90000031292439,40.100000372529));
#2241=CARTESIAN_POINT('',(-12.5,6.5,40.100000372529));
#2242=CARTESIAN_POINT('',(-12.5,5.89999996801982,40.100000372529));
#2243=CARTESIAN_POINT('',(-12.5,6.5,40.100000372529));
#2244=CARTESIAN_POINT('',(-12.5,6.5,40.100000372529));
#2245=CARTESIAN_POINT('Origin',(-19.,6.50000009685755,39.5000002086163));
#2246=CARTESIAN_POINT('',(-14.2,0.,46.0000006854534));
#2247=CARTESIAN_POINT('',(-14.2,6.50000009685754,39.5000002086163));
#2248=CARTESIAN_POINT('',(-12.5,7.60000012665986,38.4000001145097));
#2249=CARTESIAN_POINT('',(-12.5,0.,46.0000006854534));
#2250=CARTESIAN_POINT('',(-12.5,6.50000009685755,39.5000002086163));
#2251=CARTESIAN_POINT('',(-19.,0.,46.0000006854534));
#2252=CARTESIAN_POINT('Origin',(-19.,0.,46.0000006854534));
#2253=CARTESIAN_POINT('',(-14.2,-6.50000009685755,39.5000005885959));
#2254=CARTESIAN_POINT('',(-14.2,-3.25000004842877,42.7500006370246));
#2255=CARTESIAN_POINT('',(-12.5,0.,46.0000006854534));
#2256=CARTESIAN_POINT('',(-12.5,-6.50000009685755,39.5000005885959));
#2257=CARTESIAN_POINT('',(-12.5,-4.3500000782311,41.6500006072223));
#2258=CARTESIAN_POINT('',(-19.,-6.50000009685755,39.5000005885959));
#2259=CARTESIAN_POINT('Origin',(-12.5,0.,35.5000003986061));
#2260=CARTESIAN_POINT('Origin',(-19.,0.,31.5000002086163));
#2261=CARTESIAN_POINT('',(-14.2,-6.50000009685755,31.5000002086163));
#2262=CARTESIAN_POINT('Origin',(-14.2,0.,31.5000002086163));
#2263=CARTESIAN_POINT('',(-12.5,-6.50000009685755,31.5000002086163));
#2264=CARTESIAN_POINT('',(-19.,-6.50000009685755,31.5000002086163));
#2265=CARTESIAN_POINT('Origin',(-12.5,0.,31.5000002086163));
#2266=CARTESIAN_POINT('Origin',(-12.5,0.,28.600000372529));
#2267=CARTESIAN_POINT('',(-12.5,-6.5,17.100000372529));
#2268=CARTESIAN_POINT('Origin',(-12.5,0.,28.600000372529));
#2269=CARTESIAN_POINT('Origin',(19.,-6.5,17.100000372529));
#2270=CARTESIAN_POINT('',(-12.5,-6.5,17.100000372529));
#2271=CARTESIAN_POINT('',(19.,-6.5,17.100000372529));
#2272=CARTESIAN_POINT('',(-12.5,-6.5,17.100000372529));
#2273=CARTESIAN_POINT('',(-14.2,-6.50000009685755,36.2500005401671));
#2274=CARTESIAN_POINT('Origin',(19.,6.5,17.100000372529));
#2275=CARTESIAN_POINT('',(-12.5,0.,17.100000372529));
#2276=CARTESIAN_POINT('Origin',(-12.5,0.,28.600000372529));
#2277=CARTESIAN_POINT('Origin',(-19.,0.,33.0000004917383));
#2278=CARTESIAN_POINT('Origin',(0.,0.,33.0000004917383));
#2279=CARTESIAN_POINT('Origin',(-14.2,0.,33.0000004917383));
#2280=CARTESIAN_POINT('Origin',(-14.2,0.,33.0000004917383));
#2281=CARTESIAN_POINT('Origin',(-19.,0.,33.0000004917383));
#2282=CARTESIAN_POINT('Origin',(0.,0.,0.));
#2283=CARTESIAN_POINT('Origin',(0.,0.,0.));
#2284=CARTESIAN_POINT('Origin',(0.,0.,9.453));
#2285=CARTESIAN_POINT('',(-3.49493640246924,14.1882010127999,9.453));
#2286=CARTESIAN_POINT('',(-4.11044610414894,2.75803060622736,9.453));
#2287=CARTESIAN_POINT('Origin',(0.,14.0000002086163,9.453));
#2288=CARTESIAN_POINT('Origin',(0.,0.,9.453));
#2289=CARTESIAN_POINT('',(-3.49493640246924,-14.1882010127999,9.453));
#2290=CARTESIAN_POINT('',(-4.11044610414894,-2.75803060622736,9.453));
#2291=CARTESIAN_POINT('Origin',(0.,-14.0000002086163,9.453));
#2292=CARTESIAN_POINT('Origin',(0.,0.,9.453));
#2293=CARTESIAN_POINT('',(-4.11044610414894,2.75803060622736,9.453));
#2294=CARTESIAN_POINT('Origin',(0.,0.,9.453));
#2295=CARTESIAN_POINT('Origin',(0.,0.,9.453));
#2296=CARTESIAN_POINT('',(1.92634959594572,-1.57379588390609,9.453));
#2297=CARTESIAN_POINT('',(-1.92634959594572,-1.57379588390609,9.453));
#2298=CARTESIAN_POINT('Origin',(0.,-4.47800011814991,9.453));
#2299=CARTESIAN_POINT('',(-2.4875,-3.04630891287904E-16,9.453));
#2300=CARTESIAN_POINT('Origin',(0.,0.,9.453));
#2301=CARTESIAN_POINT('',(-1.92634965854795,1.57379580728004,9.453));
#2302=CARTESIAN_POINT('Origin',(0.,0.,9.453));
#2303=CARTESIAN_POINT('',(1.92634965854794,1.57379580728003,9.453));
#2304=CARTESIAN_POINT('Origin',(0.,4.478,9.453));
#2305=CARTESIAN_POINT('Origin',(0.,0.,9.453));
#2306=CARTESIAN_POINT('Origin',(-4.11044610414894,-2.75803060622736,0.));
#2307=CARTESIAN_POINT('',(-3.75998384321583,-9.26620318678346,2.));
#2308=CARTESIAN_POINT('',(-4.11044610414894,-2.75803060622736,2.));
#2309=CARTESIAN_POINT('',(-4.11044610414894,-2.75803060622736,2.));
#2310=CARTESIAN_POINT('',(-4.11044610414893,-2.75803060622736,4.93));
#2311=CARTESIAN_POINT('',(-4.11044610414894,-2.75803060622736,0.));
#2312=CARTESIAN_POINT('',(-3.75998384321583,-9.26620318678346,4.93));
#2313=CARTESIAN_POINT('',(-4.11044610414894,-2.75803060622736,4.93));
#2314=CARTESIAN_POINT('',(-3.75998384321583,-9.26620318678346,0.));
#2315=CARTESIAN_POINT('Origin',(3.75998384321583,-9.26620318678346,0.));
#2316=CARTESIAN_POINT('',(4.11044610414894,-2.75803060622736,2.));
#2317=CARTESIAN_POINT('',(3.75998384321583,-9.26620318678346,2.));
#2318=CARTESIAN_POINT('',(4.11044610414894,-2.75803060622736,2.));
#2319=CARTESIAN_POINT('',(3.75998384321583,-9.26620318678346,4.93));
#2320=CARTESIAN_POINT('',(3.75998384321583,-9.26620318678346,0.));
#2321=CARTESIAN_POINT('',(4.11044610414894,-2.75803060622736,4.93));
#2322=CARTESIAN_POINT('',(4.11044610414894,-2.75803060622736,4.93));
#2323=CARTESIAN_POINT('',(4.11044610414894,-2.75803060622736,0.));
#2324=CARTESIAN_POINT('Origin',(0.,0.,0.));
#2325=CARTESIAN_POINT('',(4.11044610414894,2.75803060622736,2.));
#2326=CARTESIAN_POINT('Origin',(0.,0.,2.));
#2327=CARTESIAN_POINT('',(4.11044610414894,2.75803060622736,4.93));
#2328=CARTESIAN_POINT('Origin',(0.,0.,4.93));
#2329=CARTESIAN_POINT('',(4.11044610414894,2.75803060622736,0.));
#2330=CARTESIAN_POINT('Origin',(0.,0.,0.));
#2331=CARTESIAN_POINT('',(-4.11044610414894,2.75803060622736,2.));
#2332=CARTESIAN_POINT('Origin',(0.,0.,2.));
#2333=CARTESIAN_POINT('',(-4.11044610414893,2.75803060622736,4.93));
#2334=CARTESIAN_POINT('',(-4.11044610414894,2.75803060622736,0.));
#2335=CARTESIAN_POINT('Origin',(0.,0.,4.93));
#2336=CARTESIAN_POINT('Origin',(-3.75998384321583,9.26620318678346,0.));
#2337=CARTESIAN_POINT('',(-3.75998384321583,9.26620318678346,2.));
#2338=CARTESIAN_POINT('',(-4.11044610414894,2.75803060622736,2.));
#2339=CARTESIAN_POINT('',(-3.75998384321583,9.26620318678346,4.93));
#2340=CARTESIAN_POINT('',(-3.75998384321583,9.26620318678346,0.));
#2341=CARTESIAN_POINT('',(-4.11044610414894,2.75803060622736,4.93));
#2342=CARTESIAN_POINT('Origin',(4.11044610414894,2.75803060622736,0.));
#2343=CARTESIAN_POINT('',(3.75998384321583,9.26620318678346,2.));
#2344=CARTESIAN_POINT('',(4.11044610414894,2.75803060622736,2.));
#2345=CARTESIAN_POINT('',(3.75998384321583,9.26620318678346,4.93));
#2346=CARTESIAN_POINT('',(4.11044610414894,2.75803060622736,4.93));
#2347=CARTESIAN_POINT('',(3.75998384321583,9.26620318678346,0.));
#2348=CARTESIAN_POINT('Origin',(0.,0.,4.93));
#2349=CARTESIAN_POINT('Origin',(0.,0.,4.93));
#2350=CARTESIAN_POINT('Origin',(0.,0.,4.93));
#2351=CARTESIAN_POINT('',(-1.2925,4.478,4.93));
#2352=CARTESIAN_POINT('Origin',(0.,4.478,4.93));
#2353=CARTESIAN_POINT('',(-1.2925,-4.47800011814991,4.93));
#2354=CARTESIAN_POINT('Origin',(0.,-4.47800011814991,4.93));
#2355=CARTESIAN_POINT('',(-2.4875,-5.55111512312578E-16,4.93));
#2356=CARTESIAN_POINT('Origin',(0.,0.,4.93));
#2357=CARTESIAN_POINT('Origin',(0.,14.0000002086163,0.));
#2358=CARTESIAN_POINT('',(-3.10506657373922,15.6151044073129,0.));
#2359=CARTESIAN_POINT('Origin',(0.,14.0000002086163,0.));
#2360=CARTESIAN_POINT('Origin',(0.,14.0000002086163,4.93));
#2361=CARTESIAN_POINT('',(-3.10506657373922,15.6151044073129,0.));
#2362=CARTESIAN_POINT('Origin',(-5.55111512312578E-16,16.5575523079646,
4.93));
#2363=CARTESIAN_POINT('Origin',(0.,-14.0000002086163,0.));
#2364=CARTESIAN_POINT('',(-3.10506657373922,-15.6151044073129,0.));
#2365=CARTESIAN_POINT('Origin',(0.,-14.0000002086163,0.));
#2366=CARTESIAN_POINT('',(-3.10506657373922,-15.6151044073129,0.));
#2367=CARTESIAN_POINT('Origin',(0.,-14.0000002086163,4.93));
#2368=CARTESIAN_POINT('Origin',(2.22044604925031E-15,-16.5575523079646,
4.93));
#2369=CARTESIAN_POINT('Origin',(0.,0.,0.));
#2370=CARTESIAN_POINT('',(-6.79829319685175,7.33370367615431,2.));
#2371=CARTESIAN_POINT('Origin',(0.,0.,2.));
#2372=CARTESIAN_POINT('Origin',(0.,0.,9.18280322795232));
#2373=CARTESIAN_POINT('Origin',(0.,0.,0.));
#2374=CARTESIAN_POINT('Origin',(0.,0.,2.));
#2375=CARTESIAN_POINT('',(-3.75998384321583,9.26620318678346,0.));
#2376=CARTESIAN_POINT('',(-3.75998384321583,-9.26620318678346,0.));
#2377=CARTESIAN_POINT('Origin',(0.,0.,0.));
#2378=CARTESIAN_POINT('',(-8.47017833478003,13.4806900066598,0.));
#2379=CARTESIAN_POINT('Origin',(0.,0.,0.));
#2380=CARTESIAN_POINT('',(-8.95661948821084,4.4473550952675,0.));
#2381=CARTESIAN_POINT('',(-8.9261847419302,5.01253601007552,0.));
#2382=CARTESIAN_POINT('',(-8.95661948821084,-4.4473550952675,0.));
#2383=CARTESIAN_POINT('Origin',(0.,0.,0.));
#2384=CARTESIAN_POINT('',(-8.47017833478003,-13.4806900066598,0.));
#2385=CARTESIAN_POINT('',(-8.7936610215569,-7.47353492308375,0.));
#2386=CARTESIAN_POINT('Origin',(0.,0.,0.));
#2387=CARTESIAN_POINT('Origin',(0.,0.,0.));
#2388=CARTESIAN_POINT('',(-6.855638620668,-14.3691733645829,1.5644286678907));
#2389=CARTESIAN_POINT('Origin',(0.,0.,9.18280322795232));
#2390=CARTESIAN_POINT('Ctrl Pts',(-6.855638620668,-14.3691733645829,1.5644286678907));
#2391=CARTESIAN_POINT('Ctrl Pts',(-6.00630505426435,-14.7743966750636,2.39074393822119));
#2392=CARTESIAN_POINT('Ctrl Pts',(-5.04377435595616,-15.1361224833022,3.29195146217569));
#2393=CARTESIAN_POINT('Ctrl Pts',(-3.7340234356481,-15.480069833471,4.41728874099812));
#2394=CARTESIAN_POINT('Ctrl Pts',(-3.42108916428979,-15.5522632532053,4.67863537982429));
#2395=CARTESIAN_POINT('Ctrl Pts',(-3.10506657373865,-15.615104407313,4.93000000000046));
#2396=CARTESIAN_POINT('Origin',(0.,0.,0.));
#2397=CARTESIAN_POINT('',(-6.79829319685175,-7.33370367615431,2.));
#2398=CARTESIAN_POINT('Origin',(0.,0.,9.18280322795232));
#2399=CARTESIAN_POINT('Origin',(0.,0.,9.18280322795232));
#2400=CARTESIAN_POINT('Origin',(0.,0.,2.));
#2401=CARTESIAN_POINT('Origin',(-6.87999192160792,1.11022302462516E-15,
2.));
#2402=CARTESIAN_POINT('Origin',(0.,0.,2.));
#2403=CARTESIAN_POINT('Origin',(6.87999192160792,0.,2.));
#2404=CARTESIAN_POINT('Origin',(0.,-14.0000002086163,2.465));
#2405=CARTESIAN_POINT('',(-3.49493640246924,-14.1882010127999,4.93));
#2406=CARTESIAN_POINT('',(-8.41780396366162,-14.4532952884072,0.));
#2407=CARTESIAN_POINT('Origin',(0.,-14.0000002086163,4.93));
#2408=CARTESIAN_POINT('Origin',(-6.33222724096071,-7.34098778528011,2.465));
#2409=CARTESIAN_POINT('Origin',(0.,0.,9.18280322795232));
#2410=CARTESIAN_POINT('',(-3.87079346036451,-7.20844064747647,4.93));
#2411=CARTESIAN_POINT('Origin',(0.,-14.0000002086163,0.));
#2412=CARTESIAN_POINT('',(-3.49493640246924,-14.1882010127999,0.));
#2413=CARTESIAN_POINT('Origin',(-3.49493640246924,-14.1882010127999,0.));
#2414=CARTESIAN_POINT('',(-4.11044610414894,-2.75803060622736,9.453));
#2415=CARTESIAN_POINT('Origin',(-6.464750961334,4.87998887227188,2.465));
#2416=CARTESIAN_POINT('',(-6.85563862066799,14.3691733645829,1.56442866789071));
#2417=CARTESIAN_POINT('Origin',(0.,0.,9.18280322795232));
#2418=CARTESIAN_POINT('',(-3.49493640246924,14.1882010127999,4.93));
#2419=CARTESIAN_POINT('',(-8.41780396366162,14.4532952884072,0.));
#2420=CARTESIAN_POINT('',(-4.00331718073781,4.74744173446824,4.93));
#2421=CARTESIAN_POINT('Origin',(0.,14.0000002086163,2.465));
#2422=CARTESIAN_POINT('Ctrl Pts',(-3.10506657373922,15.6151044073129,4.93));
#2423=CARTESIAN_POINT('Ctrl Pts',(-3.73146642713938,15.4905446736183,4.43176105779733));
#2424=CARTESIAN_POINT('Ctrl Pts',(-4.34674090819734,15.3291497475812,3.89636837197257));
#2425=CARTESIAN_POINT('Ctrl Pts',(-5.60723720201399,14.9167265574605,2.75947514011756));
#2426=CARTESIAN_POINT('Ctrl Pts',(-6.24726412317061,14.6594333256154,2.15631524490468));
#2427=CARTESIAN_POINT('Ctrl Pts',(-6.855638620668,14.3691733645829,1.56442866789071));
#2428=CARTESIAN_POINT('Origin',(0.,14.0000002086163,4.93));
#2429=CARTESIAN_POINT('Origin',(0.,-4.47800011814991,9.453));
#2430=CARTESIAN_POINT('',(1.92634959594572,-1.57379588390609,7.453));
#2431=CARTESIAN_POINT('',(1.92634959594572,-1.57379588390609,9.453));
#2432=CARTESIAN_POINT('',(-1.92634959594572,-1.57379588390609,7.453));
#2433=CARTESIAN_POINT('Origin',(0.,-4.47800011814991,7.453));
#2434=CARTESIAN_POINT('',(-1.92634959594572,-1.57379588390609,9.453));
#2435=CARTESIAN_POINT('Origin',(0.,-4.768398001028,7.453));
#2436=CARTESIAN_POINT('Origin',(0.,0.,7.453));
#2437=CARTESIAN_POINT('',(-1.2925,-4.47800011814991,7.453));
#2438=CARTESIAN_POINT('Origin',(0.,-4.47800011814991,7.453));
#2439=CARTESIAN_POINT('Origin',(0.,4.478,9.453));
#2440=CARTESIAN_POINT('',(-1.92634965854795,1.57379580728004,7.453));
#2441=CARTESIAN_POINT('',(-1.92634965854795,1.57379580728004,9.453));
#2442=CARTESIAN_POINT('',(1.92634965854794,1.57379580728003,7.453));
#2443=CARTESIAN_POINT('Origin',(0.,4.478,7.453));
#2444=CARTESIAN_POINT('',(1.92634965854795,1.57379580728004,9.453));
#2445=CARTESIAN_POINT('Origin',(0.,4.76839790364002,7.453));
#2446=CARTESIAN_POINT('Origin',(0.,0.,7.453));
#2447=CARTESIAN_POINT('',(-1.2925,4.478,7.453));
#2448=CARTESIAN_POINT('Origin',(0.,4.478,7.453));
#2449=CARTESIAN_POINT('Origin',(0.,0.,9.453));
#2450=CARTESIAN_POINT('Origin',(0.,4.478,0.));
#2451=CARTESIAN_POINT('',(-1.2925,4.478,0.));
#2452=CARTESIAN_POINT('Origin',(0.,-4.47800011814991,0.));
#2453=CARTESIAN_POINT('',(-1.2925,-4.47800011814991,0.));
#2454=CARTESIAN_POINT('Origin',(0.,0.,0.));
#2455=CARTESIAN_POINT('Origin',(0.,14.0000002086163,0.));
#2456=CARTESIAN_POINT('',(-3.49493640246924,14.1882010127999,0.));
#2457=CARTESIAN_POINT('Origin',(-3.75998384321583,9.26620318678346,0.));
#2458=CARTESIAN_POINT('Origin',(0.,0.,0.));
#2459=CARTESIAN_POINT('Origin',(0.,0.,0.));
#2460=CARTESIAN_POINT('',(-2.4875,-3.04630891287904E-16,0.));
#2461=CARTESIAN_POINT('Origin',(6.09757149371728,-4.09781932830811E-7,27.6693478302603));
#2462=CARTESIAN_POINT('',(-1.27786299832994E-7,11.9683789730894,40.7456323708774));
#2463=CARTESIAN_POINT('',(-2.62256563273692,13.5000002011657,46.3697422457337));
#2464=CARTESIAN_POINT('',(3.4620863687767,9.94646301963203,33.3211639195954));
#2465=CARTESIAN_POINT('',(2.9116173015799,13.500000368771,34.5016486437254));
#2466=CARTESIAN_POINT('Origin',(2.91238583705048,0.,34.5000005140901));
#2467=CARTESIAN_POINT('',(1.97170614319303,13.5000002846341,36.5172946275502));
#2468=CARTESIAN_POINT('Origin',(0.,0.,34.5000005140901));
#2469=CARTESIAN_POINT('',(-3.7,11.9683789730894,40.7456323708774));
#2470=CARTESIAN_POINT('',(0.,11.9683789730894,40.7456323708774));
#2471=CARTESIAN_POINT('',(-3.7,13.500000368771,34.5016486437254));
#2472=CARTESIAN_POINT('Origin',(-3.7,0.,34.5000005140901));
#2473=CARTESIAN_POINT('',(0.,13.500000368771,34.5016486437254));
#2474=CARTESIAN_POINT('Origin',(0.,11.9683786882212,40.745632448456));
#2475=CARTESIAN_POINT('',(-3.7,13.5000002011657,46.3697422457337));
#2476=CARTESIAN_POINT('',(0.,13.5000002011657,46.3697422457337));
#2477=CARTESIAN_POINT('',(-3.7,11.9683785924649,40.7456320968388));
#2478=CARTESIAN_POINT('Origin',(0.,13.5000002011657,46.3697422457337));
#2479=CARTESIAN_POINT('',(-3.7,13.5000003017485,34.4971461823255));
#2480=CARTESIAN_POINT('Origin',(-3.7,-5.03024288889264E-8,32.2485733370319));
#2481=CARTESIAN_POINT('Origin',(6.09757149371728,-4.09781932830811E-7,27.6693478302603));
#2482=CARTESIAN_POINT('',(-2.62256586953445,-13.4999996982515,46.3697427535476));
#2483=CARTESIAN_POINT('',(0.,-11.9683785924649,40.7456320968388));
#2484=CARTESIAN_POINT('',(2.37155864522164,-10.5833497865813,35.6598081697668));
#2485=CARTESIAN_POINT('',(2.9137168338112,-13.4999996982515,34.4971461823255));
#2486=CARTESIAN_POINT('',(4.24544022503867,-13.4999996982515,31.6412561536338));
#2487=CARTESIAN_POINT('Origin',(2.91238583705048,0.,34.5000005140901));
#2488=CARTESIAN_POINT('Origin',(0.,-13.4999996982515,34.4971461823255));
#2489=CARTESIAN_POINT('',(-3.7,-13.4999996982515,46.3697427535476));
#2490=CARTESIAN_POINT('',(0.,-13.4999996982515,46.3697427535476));
#2491=CARTESIAN_POINT('',(-3.7,-13.4999996982515,34.4971461823255));
#2492=CARTESIAN_POINT('',(-3.7,-13.4999996982515,34.4971461823255));
#2493=CARTESIAN_POINT('',(0.,-13.4999996982515,34.4971461823255));
#2494=CARTESIAN_POINT('Origin',(0.,-13.4999996982515,46.3697427535476));
#2495=CARTESIAN_POINT('',(-3.7,-11.9683785924649,40.7456320968388));
#2496=CARTESIAN_POINT('',(0.,-11.9683785924649,40.7456320968388));
#2497=CARTESIAN_POINT('',(-3.7,-11.9683785924649,40.7456320968388));
#2498=CARTESIAN_POINT('Origin',(0.,0.,34.5000005140901));
#2499=CARTESIAN_POINT('Origin',(-3.7,0.,34.5000005140901));
#2500=CARTESIAN_POINT('Origin',(-3.7,-6.70552147141734E-8,33.0000004917383));
#2501=CARTESIAN_POINT('',(0.,0.,0.));
#2502=UNCERTAINTY_MEASURE_WITH_UNIT(LENGTH_MEASURE(0.01),#2508,
'DISTANCE_ACCURACY_VALUE',
'Maximum model space distance between geometric entities at asserted c
onnectivities');
#2503=UNCERTAINTY_MEASURE_WITH_UNIT(LENGTH_MEASURE(0.01),#2508,
'DISTANCE_ACCURACY_VALUE',
'Maximum model space distance between geometric entities at asserted c
onnectivities');
#2504=UNCERTAINTY_MEASURE_WITH_UNIT(LENGTH_MEASURE(0.01),#2508,
'DISTANCE_ACCURACY_VALUE',
'Maximum model space distance between geometric entities at asserted c
onnectivities');
#2505=(
GEOMETRIC_REPRESENTATION_CONTEXT(3)
GLOBAL_UNCERTAINTY_ASSIGNED_CONTEXT((#2502))
GLOBAL_UNIT_ASSIGNED_CONTEXT((#2508,#2510,#2511))
REPRESENTATION_CONTEXT('','3D')
);
#2506=(
GEOMETRIC_REPRESENTATION_CONTEXT(3)
GLOBAL_UNCERTAINTY_ASSIGNED_CONTEXT((#2503))
GLOBAL_UNIT_ASSIGNED_CONTEXT((#2508,#2510,#2511))
REPRESENTATION_CONTEXT('','3D')
);
#2507=(
GEOMETRIC_REPRESENTATION_CONTEXT(3)
GLOBAL_UNCERTAINTY_ASSIGNED_CONTEXT((#2504))
GLOBAL_UNIT_ASSIGNED_CONTEXT((#2508,#2510,#2511))
REPRESENTATION_CONTEXT('','3D')
);
#2508=(
LENGTH_UNIT()
NAMED_UNIT(*)
SI_UNIT(.MILLI.,.METRE.)
);
#2509=(
LENGTH_UNIT()
NAMED_UNIT(*)
SI_UNIT($,.METRE.)
);
#2510=(
NAMED_UNIT(*)
PLANE_ANGLE_UNIT()
SI_UNIT($,.RADIAN.)
);
#2511=(
NAMED_UNIT(*)
SI_UNIT($,.STERADIAN.)
SOLID_ANGLE_UNIT()
);
#2512=SHAPE_DEFINITION_REPRESENTATION(#2514,#2517);
#2513=SHAPE_DEFINITION_REPRESENTATION(#2515,#2518);
#2514=PRODUCT_DEFINITION_SHAPE('',$,#2520);
#2515=PRODUCT_DEFINITION_SHAPE('',$,#2521);
#2516=PRODUCT_DEFINITION_SHAPE($,$,#14);
#2517=SHAPE_REPRESENTATION('',(#1456,#1621),#2505);
#2518=SHAPE_REPRESENTATION('',(#1457),#2506);
#2519=PRODUCT_DEFINITION_CONTEXT('part definition',#2527,'design');
#2520=PRODUCT_DEFINITION('2026-08-27-09-11-49-274','ArmHead',#2522,#2519);
#2521=PRODUCT_DEFINITION('2026-09-03-22-01-03-385','Component1',#2523,#2519);
#2522=PRODUCT_DEFINITION_FORMATION('',$,#2529);
#2523=PRODUCT_DEFINITION_FORMATION('',$,#2530);
#2524=PRODUCT_RELATED_PRODUCT_CATEGORY('ArmHead','ArmHead',(#2529));
#2525=PRODUCT_RELATED_PRODUCT_CATEGORY('Component1','Component1',(#2530));
#2526=APPLICATION_PROTOCOL_DEFINITION('international standard',
'automotive_design',2009,#2527);
#2527=APPLICATION_CONTEXT(
'Core Data for Automotive Mechanical Design Process');
#2528=PRODUCT_CONTEXT('part definition',#2527,'mechanical');
#2529=PRODUCT('2026-08-27-09-11-49-274','ArmHead',$,(#2528));
#2530=PRODUCT('2026-09-03-22-01-03-385','Component1',$,(#2528));
#2531=PRESENTATION_STYLE_ASSIGNMENT((#2532));
#2532=SURFACE_STYLE_USAGE(.BOTH.,#2533);
#2533=SURFACE_SIDE_STYLE('',(#2534));
#2534=SURFACE_STYLE_FILL_AREA(#2535);
#2535=FILL_AREA_STYLE('Steel - Satin',(#2536));
#2536=FILL_AREA_STYLE_COLOUR('Steel - Satin',#2537);
#2537=COLOUR_RGB('Steel - Satin',0.627450980392157,0.627450980392157,0.627450980392157);
ENDSEC;
END-ISO-10303-21;
