ISO-10303-21;
HEADER;
/* Generated by software containing ST-Developer
 * from STEP Tools, Inc. (www.steptools.com) 
 */

FILE_DESCRIPTION(
/* description */ (''),
/* implementation_level */ '2;1');

FILE_NAME(
/* name */ 'Forearm.step',
/* time_stamp */ '2026-09-28T17:07:32+08:00',
/* author */ (''),
/* organization */ (''),
/* preprocessor_version */ 'ST-DEVELOPER v20.2',
/* originating_system */ 'Autodesk Translation Framework v15.15.0.0',
/* authorisation */ '');

FILE_SCHEMA (('AUTOMOTIVE_DESIGN { 1 0 10303 214 3 1 1 }'));
ENDSEC;

DATA;
#10=MECHANICAL_DESIGN_GEOMETRIC_PRESENTATION_REPRESENTATION('',(#17),#3394);
#11=ITEM_DEFINED_TRANSFORMATION($,$,#1231,#1321);
#12=(
REPRESENTATION_RELATIONSHIP($,$,#3405,#3404)
REPRESENTATION_RELATIONSHIP_WITH_TRANSFORMATION(#11)
SHAPE_REPRESENTATION_RELATIONSHIP()
);
#13=CONTEXT_DEPENDENT_SHAPE_REPRESENTATION(#12,#3403);
#14=NEXT_ASSEMBLY_USAGE_OCCURRENCE('Component1:1','Component1:1',
'Component1:1',#3407,#3408,'Component1:1');
#15=SHAPE_REPRESENTATION_RELATIONSHIP('SRR','None',#3405,#16);
#16=ADVANCED_BREP_SHAPE_REPRESENTATION('',(#18),#3393);
#17=STYLED_ITEM('',(#3418),#18);
#18=MANIFOLD_SOLID_BREP('Body1',#1217);
#19=B_SPLINE_SURFACE_WITH_KNOTS('',3,3,((#2753,#2754,#2755,#2756,#2757),
(#2758,#2759,#2760,#2761,#2762),(#2763,#2764,#2765,#2766,#2767),(#2768,
#2769,#2770,#2771,#2772),(#2773,#2774,#2775,#2776,#2777)),.UNSPECIFIED.,
 .F.,.F.,.F.,(4,1,4),(4,1,4),(0.,0.571428571428571,1.),(1.25321226066016E-16,
0.122644254909478,0.286169928122116),.UNSPECIFIED.);
#20=B_SPLINE_SURFACE_WITH_KNOTS('',3,3,((#2840,#2841,#2842,#2843,#2844),
(#2845,#2846,#2847,#2848,#2849),(#2850,#2851,#2852,#2853,#2854),(#2855,
#2856,#2857,#2858,#2859),(#2860,#2861,#2862,#2863,#2864)),.UNSPECIFIED.,
 .F.,.F.,.F.,(4,1,4),(4,1,4),(0.,0.571428571428571,1.),(-1.75634008446078E-13,
0.163525700313644,0.286169975549009),.UNSPECIFIED.);
#21=B_SPLINE_SURFACE_WITH_KNOTS('',3,3,((#3091,#3092,#3093,#3094,#3095,
#3096,#3097,#3098,#3099),(#3100,#3101,#3102,#3103,#3104,#3105,#3106,#3107,
#3108),(#3109,#3110,#3111,#3112,#3113,#3114,#3115,#3116,#3117),(#3118,#3119,
#3120,#3121,#3122,#3123,#3124,#3125,#3126)),.UNSPECIFIED.,.F.,.F.,.F.,(4,
4),(4,1,1,1,1,1,4),(-5.15065821293566E-16,1.),(0.189534319383403,0.366943276403951,
0.455647754914224,0.544352233424498,0.633056711934772,0.721761190445045,
0.810465668955319),.UNSPECIFIED.);
#22=B_SPLINE_SURFACE_WITH_KNOTS('',3,3,((#3174,#3175,#3176,#3177,#3178,
#3179,#3180,#3181,#3182,#3183),(#3184,#3185,#3186,#3187,#3188,#3189,#3190,
#3191,#3192,#3193),(#3194,#3195,#3196,#3197,#3198,#3199,#3200,#3201,#3202,
#3203),(#3204,#3205,#3206,#3207,#3208,#3209,#3210,#3211,#3212,#3213)),
 .UNSPECIFIED.,.F.,.F.,.F.,(4,4),(4,1,1,1,1,1,1,4),(-1.11961289737982E-15,
1.),(-0.864130737813769,-0.760093382602185,-0.708074704996393,-0.552018672179016,
-0.447981316967432,-0.343943961755848,-0.239906606544264,-0.135869251332679),
 .UNSPECIFIED.);
#23=B_SPLINE_SURFACE_WITH_KNOTS('',3,3,((#3224,#3225,#3226,#3227,#3228,
#3229,#3230,#3231,#3232,#3233,#3234,#3235),(#3236,#3237,#3238,#3239,#3240,
#3241,#3242,#3243,#3244,#3245,#3246,#3247),(#3248,#3249,#3250,#3251,#3252,
#3253,#3254,#3255,#3256,#3257,#3258,#3259),(#3260,#3261,#3262,#3263,#3264,
#3265,#3266,#3267,#3268,#3269,#3270,#3271)),.UNSPECIFIED.,.F.,.F.,.F.,(4,
4),(4,1,1,1,1,1,1,1,1,4),(0.470815265140041,1.),(-0.94826990498726,-0.884231346505341,
-0.820192788023422,-0.692115671059583,-0.564038554095745,-0.435961437131906,
-0.307884320168067,-0.179807203204229,-0.11576864472231,-0.0517300862403902),
 .UNSPECIFIED.);
#24=B_SPLINE_SURFACE_WITH_KNOTS('',3,3,((#3272,#3273,#3274,#3275,#3276,
#3277,#3278,#3279,#3280,#3281,#3282,#3283,#3284,#3285),(#3286,#3287,#3288,
#3289,#3290,#3291,#3292,#3293,#3294,#3295,#3296,#3297,#3298,#3299),(#3300,
#3301,#3302,#3303,#3304,#3305,#3306,#3307,#3308,#3309,#3310,#3311,#3312,
#3313),(#3314,#3315,#3316,#3317,#3318,#3319,#3320,#3321,#3322,#3323,#3324,
#3325,#3326,#3327)),.UNSPECIFIED.,.F.,.F.,.F.,(4,4),(4,1,1,1,1,1,1,1,1,
1,1,4),(0.47081526514004,1.),(0.,0.0357142857142861,0.0714285714285723,
0.142857142857145,0.285714285714289,0.428571428571434,0.571428571428578,
0.714285714285723,0.857142857142867,0.928571428571439,0.964285714285725,
1.00000000000001),.UNSPECIFIED.);
#25=TOROIDAL_SURFACE('',#1281,17.,3.);
#26=TOROIDAL_SURFACE('',#1291,17.,3.);
#27=CONICAL_SURFACE('',#1271,9.25,0.785398163397448);
#28=CONICAL_SURFACE('',#1276,9.25,0.785398163397448);
#29=FACE_BOUND('',#233,.T.);
#30=FACE_BOUND('',#236,.T.);
#31=FACE_BOUND('',#242,.T.);
#32=FACE_BOUND('',#246,.T.);
#33=FACE_BOUND('',#254,.T.);
#34=FACE_BOUND('',#261,.T.);
#35=FACE_BOUND('',#266,.T.);
#36=FACE_BOUND('',#267,.T.);
#37=FACE_BOUND('',#268,.T.);
#38=FACE_BOUND('',#271,.T.);
#39=FACE_BOUND('',#272,.T.);
#40=FACE_BOUND('',#273,.T.);
#41=FACE_BOUND('',#286,.T.);
#42=FACE_BOUND('',#287,.T.);
#43=FACE_BOUND('',#288,.T.);
#44=(
BOUNDED_CURVE()
B_SPLINE_CURVE(5,(#1822,#1823,#1824,#1825,#1826,#1827,#1828,#1829,#1830,
#1831,#1832,#1833,#1834,#1835,#1836),.UNSPECIFIED.,.F.,.F.)
B_SPLINE_CURVE_WITH_KNOTS((6,1,1,1,1,1,1,1,1,1,6),(0.0517300862403901,0.1,
0.2,0.3,0.4,0.5,0.6,0.7,0.8,0.9,0.948269904987256),.UNSPECIFIED.)
CURVE()
GEOMETRIC_REPRESENTATION_ITEM()
RATIONAL_B_SPLINE_CURVE((1.,1.,1.,1.,1.,1.,1.,1.,1.,1.,1.,1.,1.,1.,1.))
REPRESENTATION_ITEM('')
);
#45=(
BOUNDED_CURVE()
B_SPLINE_CURVE(5,(#1879,#1880,#1881,#1882,#1883,#1884,#1885,#1886,#1887,
#1888,#1889,#1890,#1891,#1892),.UNSPECIFIED.,.F.,.F.)
B_SPLINE_CURVE_WITH_KNOTS((6,1,1,1,1,1,1,1,1,6),(-0.831420290953621,-0.8,
-0.7,-0.6,-0.5,-0.4,-0.3,-0.2,-0.1,0.),.UNSPECIFIED.)
CURVE()
GEOMETRIC_REPRESENTATION_ITEM()
RATIONAL_B_SPLINE_CURVE((1.,1.,1.,1.,1.,1.,1.,1.,1.,1.,1.,1.,1.,1.))
REPRESENTATION_ITEM('')
);
#46=(
BOUNDED_CURVE()
B_SPLINE_CURVE(5,(#2039,#2040,#2041,#2042,#2043,#2044,#2045,#2046,#2047,
#2048,#2049,#2050,#2051,#2052,#2053),.UNSPECIFIED.,.F.,.F.)
B_SPLINE_CURVE_WITH_KNOTS((6,1,1,1,1,1,1,1,1,1,6),(0.429378720413799,0.45,
0.5,0.55,0.6,0.65,0.7,0.75,0.8,0.85,0.850265655862984),.UNSPECIFIED.)
CURVE()
GEOMETRIC_REPRESENTATION_ITEM()
RATIONAL_B_SPLINE_CURVE((1.,1.,1.,1.,1.,1.,1.,1.,1.,1.,1.,1.,1.,1.,1.))
REPRESENTATION_ITEM('')
);
#47=(
BOUNDED_CURVE()
B_SPLINE_CURVE(5,(#2100,#2101,#2102,#2103,#2104,#2105,#2106,#2107,#2108,
#2109),.UNSPECIFIED.,.F.,.F.)
B_SPLINE_CURVE_WITH_KNOTS((6,1,1,1,1,6),(-0.799356461582807,-0.75,-0.7,
-0.65,-0.6,-0.599022287462075),.UNSPECIFIED.)
CURVE()
GEOMETRIC_REPRESENTATION_ITEM()
RATIONAL_B_SPLINE_CURVE((1.,1.,1.,1.,1.,1.,1.,1.,1.,1.))
REPRESENTATION_ITEM('')
);
#48=(
BOUNDED_CURVE()
B_SPLINE_CURVE(5,(#2111,#2112,#2113,#2114,#2115,#2116),.UNSPECIFIED.,.F.,
 .F.)
B_SPLINE_CURVE_WITH_KNOTS((6,6),(-0.831341326238958,-0.811808174813923),
 .UNSPECIFIED.)
CURVE()
GEOMETRIC_REPRESENTATION_ITEM()
RATIONAL_B_SPLINE_CURVE((1.,1.,1.,1.,1.,1.))
REPRESENTATION_ITEM('')
);
#49=(
BOUNDED_CURVE()
B_SPLINE_CURVE(5,(#2118,#2119,#2120,#2121,#2122,#2123),.UNSPECIFIED.,.F.,
 .F.)
B_SPLINE_CURVE_WITH_KNOTS((6,6),(0.923800485183946,1.),.UNSPECIFIED.)
CURVE()
GEOMETRIC_REPRESENTATION_ITEM()
RATIONAL_B_SPLINE_CURVE((1.,1.,1.,1.,1.,1.))
REPRESENTATION_ITEM('')
);
#50=(
BOUNDED_CURVE()
B_SPLINE_CURVE(5,(#2125,#2126,#2127,#2128,#2129,#2130,#2131,#2132,#2133,
#2134,#2135,#2136,#2137,#2138,#2139),.UNSPECIFIED.,.F.,.F.)
B_SPLINE_CURVE_WITH_KNOTS((6,1,1,1,1,1,1,1,1,1,6),(0.0304734616034404,0.1,
0.2,0.3,0.4,0.5,0.6,0.7,0.8,0.9,0.923800485183944),.UNSPECIFIED.)
CURVE()
GEOMETRIC_REPRESENTATION_ITEM()
RATIONAL_B_SPLINE_CURVE((1.,1.,1.,1.,1.,1.,1.,1.,1.,1.,1.,1.,1.,1.,1.))
REPRESENTATION_ITEM('')
);
#51=(
BOUNDED_CURVE()
B_SPLINE_CURVE(5,(#2141,#2142,#2143,#2144,#2145,#2146),.UNSPECIFIED.,.F.,
 .F.)
B_SPLINE_CURVE_WITH_KNOTS((6,6),(0.,0.0304734616034403),.UNSPECIFIED.)
CURVE()
GEOMETRIC_REPRESENTATION_ITEM()
RATIONAL_B_SPLINE_CURVE((1.,1.,1.,1.,1.,1.))
REPRESENTATION_ITEM('')
);
#52=(
BOUNDED_CURVE()
B_SPLINE_CURVE(5,(#2147,#2148,#2149,#2150,#2151,#2152,#2153,#2154,#2155,
#2156,#2157,#2158,#2159,#2160,#2161,#2162,#2163,#2164,#2165,#2166,#2167),
 .UNSPECIFIED.,.F.,.F.)
B_SPLINE_CURVE_WITH_KNOTS((6,1,1,1,1,1,1,1,1,5,1,1,6),(-1.4293787204138,
-1.4,-1.35,-1.3,-1.25,-1.2,-1.15,-1.1,-1.05,-1.,-0.95,-0.9,-0.85699960188547),
 .UNSPECIFIED.)
CURVE()
GEOMETRIC_REPRESENTATION_ITEM()
RATIONAL_B_SPLINE_CURVE((1.,1.,1.,1.,1.,1.,1.,1.,1.,1.,1.,1.,1.,1.,1.,1.,
1.,1.,1.,1.,1.))
REPRESENTATION_ITEM('')
);
#53=(
BOUNDED_CURVE()
B_SPLINE_CURVE(5,(#2261,#2262,#2263,#2264,#2265,#2266,#2267,#2268,#2269,
#2270,#2271,#2272,#2273,#2274,#2275),.UNSPECIFIED.,.F.,.F.)
B_SPLINE_CURVE_WITH_KNOTS((6,1,1,1,1,1,1,1,1,1,6),(0.429378720413799,0.45,
0.5,0.55,0.6,0.65,0.7,0.75,0.8,0.85,0.850265655862984),.UNSPECIFIED.)
CURVE()
GEOMETRIC_REPRESENTATION_ITEM()
RATIONAL_B_SPLINE_CURVE((1.,1.,1.,1.,1.,1.,1.,1.,1.,1.,1.,1.,1.,1.,1.))
REPRESENTATION_ITEM('')
);
#54=(
BOUNDED_CURVE()
B_SPLINE_CURVE(5,(#2362,#2363,#2364,#2365,#2366,#2367,#2368,#2369,#2370,
#2371,#2372,#2373,#2374,#2375,#2376,#2377,#2378,#2379,#2380,#2381,#2382),
 .UNSPECIFIED.,.F.,.F.)
B_SPLINE_CURVE_WITH_KNOTS((6,1,1,1,1,1,1,1,1,5,1,1,6),(-1.4293787204138,
-1.4,-1.35,-1.3,-1.25,-1.2,-1.15,-1.1,-1.05,-1.,-0.95,-0.9,-0.85699960188547),
 .UNSPECIFIED.)
CURVE()
GEOMETRIC_REPRESENTATION_ITEM()
RATIONAL_B_SPLINE_CURVE((1.,1.,1.,1.,1.,1.,1.,1.,1.,1.,1.,1.,1.,1.,1.,1.,
1.,1.,1.,1.,1.))
REPRESENTATION_ITEM('')
);
#55=(
BOUNDED_CURVE()
B_SPLINE_CURVE(5,(#2427,#2428,#2429,#2430,#2431,#2432),.UNSPECIFIED.,.F.,
 .F.)
B_SPLINE_CURVE_WITH_KNOTS((6,6),(0.,0.0304734616034403),.UNSPECIFIED.)
CURVE()
GEOMETRIC_REPRESENTATION_ITEM()
RATIONAL_B_SPLINE_CURVE((1.,1.,1.,1.,1.,1.))
REPRESENTATION_ITEM('')
);
#56=(
BOUNDED_CURVE()
B_SPLINE_CURVE(2,(#2441,#2442,#2443),.UNSPECIFIED.,.F.,.F.)
B_SPLINE_CURVE_WITH_KNOTS((3,3),(3.9256236724163E-5,1.22519972091103),
 .UNSPECIFIED.)
CURVE()
GEOMETRIC_REPRESENTATION_ITEM()
RATIONAL_B_SPLINE_CURVE((1.00002467567315,1.38507199691317,1.26004304873157))
REPRESENTATION_ITEM('')
);
#57=(
BOUNDED_CURVE()
B_SPLINE_CURVE(2,(#2479,#2480,#2481),.UNSPECIFIED.,.F.,.F.)
B_SPLINE_CURVE_WITH_KNOTS((3,3),(4.04068473656804E-5,1.22636356949328),
 .UNSPECIFIED.)
CURVE()
GEOMETRIC_REPRESENTATION_ITEM()
RATIONAL_B_SPLINE_CURVE((1.00002544353683,1.38611492134619,1.26044495494727))
REPRESENTATION_ITEM('')
);
#58=(
BOUNDED_CURVE()
B_SPLINE_CURVE(2,(#2487,#2488,#2489),.UNSPECIFIED.,.F.,.F.)
B_SPLINE_CURVE_WITH_KNOTS((3,3),(0.624079961484171,1.85040473843574),
 .UNSPECIFIED.)
CURVE()
GEOMETRIC_REPRESENTATION_ITEM()
RATIONAL_B_SPLINE_CURVE((1.26044553728585,1.38611639667204,1.00002544466426))
REPRESENTATION_ITEM('')
);
#59=(
BOUNDED_CURVE()
B_SPLINE_CURVE(2,(#2529,#2530,#2531),.UNSPECIFIED.,.F.,.F.)
B_SPLINE_CURVE_WITH_KNOTS((3,3),(0.624080816770809,1.85040434705453),
 .UNSPECIFIED.)
CURVE()
GEOMETRIC_REPRESENTATION_ITEM()
RATIONAL_B_SPLINE_CURVE((1.26044541405407,1.38611560308482,1.00002544419662))
REPRESENTATION_ITEM('')
);
#60=(
BOUNDED_CURVE()
B_SPLINE_CURVE(2,(#2545,#2546,#2547),.UNSPECIFIED.,.F.,.F.)
B_SPLINE_CURVE_WITH_KNOTS((3,3),(0.,1.22627597121391),.UNSPECIFIED.)
CURVE()
GEOMETRIC_REPRESENTATION_ITEM()
RATIONAL_B_SPLINE_CURVE((1.,1.38603938141537,1.2604137255688))
REPRESENTATION_ITEM('')
);
#61=(
BOUNDED_CURVE()
B_SPLINE_CURVE(2,(#2585,#2586,#2587),.UNSPECIFIED.,.F.,.F.)
B_SPLINE_CURVE_WITH_KNOTS((3,3),(0.,1.22649802544246),.UNSPECIFIED.)
CURVE()
GEOMETRIC_REPRESENTATION_ITEM()
RATIONAL_B_SPLINE_CURVE((1.,1.38618055602558,1.26043555317288))
REPRESENTATION_ITEM('')
);
#62=(
BOUNDED_CURVE()
B_SPLINE_CURVE(2,(#2629,#2630,#2631),.UNSPECIFIED.,.F.,.F.)
B_SPLINE_CURVE_WITH_KNOTS((3,3),(0.5975201752537,1.85071692896249),
 .UNSPECIFIED.)
CURVE()
GEOMETRIC_REPRESENTATION_ITEM()
RATIONAL_B_SPLINE_CURVE((1.25496307166458,1.39485233514463,1.))
REPRESENTATION_ITEM('')
);
#63=(
BOUNDED_CURVE()
B_SPLINE_CURVE(2,(#2636,#2637,#2638),.UNSPECIFIED.,.F.,.F.)
B_SPLINE_CURVE_WITH_KNOTS((3,3),(0.624069799713303,1.85046066686424),
 .UNSPECIFIED.)
CURVE()
GEOMETRIC_REPRESENTATION_ITEM()
RATIONAL_B_SPLINE_CURVE((1.26045512849431,1.38614428304591,1.))
REPRESENTATION_ITEM('')
);
#64=(
BOUNDED_CURVE()
B_SPLINE_CURVE(5,(#3028,#3029,#3030,#3031,#3032,#3033),.UNSPECIFIED.,.F.,
 .F.)
B_SPLINE_CURVE_WITH_KNOTS((6,6),(0.,0.0517300862403901),.UNSPECIFIED.)
CURVE()
GEOMETRIC_REPRESENTATION_ITEM()
RATIONAL_B_SPLINE_CURVE((1.,1.,1.,1.,1.,1.))
REPRESENTATION_ITEM('')
);
#65=(
BOUNDED_CURVE()
B_SPLINE_CURVE(5,(#3085,#3086,#3087,#3088,#3089,#3090),.UNSPECIFIED.,.F.,
 .F.)
B_SPLINE_CURVE_WITH_KNOTS((6,6),(0.948269904987256,1.),.UNSPECIFIED.)
CURVE()
GEOMETRIC_REPRESENTATION_ITEM()
RATIONAL_B_SPLINE_CURVE((1.,1.,1.,1.,1.,1.))
REPRESENTATION_ITEM('')
);
#66=(
BOUNDED_CURVE()
B_SPLINE_CURVE(5,(#3372,#3373,#3374,#3375,#3376,#3377,#3378,#3379,#3380,
#3381,#3382,#3383,#3384,#3385,#3386),.UNSPECIFIED.,.F.,.F.)
B_SPLINE_CURVE_WITH_KNOTS((6,1,1,1,1,1,1,1,1,1,6),(0.,0.1,0.2,0.3,0.4,0.5,
0.6,0.7,0.8,0.9,1.),.UNSPECIFIED.)
CURVE()
GEOMETRIC_REPRESENTATION_ITEM()
RATIONAL_B_SPLINE_CURVE((1.,1.,1.,1.,1.,1.,1.,1.,1.,1.,1.,1.,1.,1.,1.))
REPRESENTATION_ITEM('')
);
#67=(
BOUNDED_SURFACE()
B_SPLINE_SURFACE(5,1,((#1778,#1779),(#1780,#1781),(#1782,#1783),(#1784,
#1785),(#1786,#1787),(#1788,#1789),(#1790,#1791),(#1792,#1793),(#1794,#1795),
(#1796,#1797),(#1798,#1799),(#1800,#1801),(#1802,#1803),(#1804,#1805),(#1806,
#1807)),.UNSPECIFIED.,.F.,.F.,.F.)
B_SPLINE_SURFACE_WITH_KNOTS((6,1,1,1,1,1,1,1,1,1,6),(2,2),(-0.948269904987256,
-0.9,-0.8,-0.7,-0.6,-0.5,-0.4,-0.3,-0.2,-0.1,-0.0517300862403904),(0.,2.6),
 .UNSPECIFIED.)
GEOMETRIC_REPRESENTATION_ITEM()
RATIONAL_B_SPLINE_SURFACE(((1.,1.),(1.,1.),(1.,1.),(1.,1.),(1.,1.),(1.,
1.),(1.,1.),(1.,1.),(1.,1.),(1.,1.),(1.,1.),(1.,1.),(1.,1.),(1.,1.),(1.,
1.)))
REPRESENTATION_ITEM('')
SURFACE()
);
#68=(
BOUNDED_SURFACE()
B_SPLINE_SURFACE(5,1,((#1848,#1849),(#1850,#1851),(#1852,#1853),(#1854,
#1855),(#1856,#1857),(#1858,#1859),(#1860,#1861),(#1862,#1863),(#1864,#1865),
(#1866,#1867),(#1868,#1869),(#1870,#1871),(#1872,#1873),(#1874,#1875),(#1876,
#1877)),.UNSPECIFIED.,.F.,.F.,.F.)
B_SPLINE_SURFACE_WITH_KNOTS((6,1,1,1,1,1,1,1,1,1,6),(2,2),(-1.,-0.9,-0.8,
-0.7,-0.6,-0.5,-0.4,-0.3,-0.2,-0.1,0.),(0.,1.8),.UNSPECIFIED.)
GEOMETRIC_REPRESENTATION_ITEM()
RATIONAL_B_SPLINE_SURFACE(((1.,1.),(1.,1.),(1.,1.),(1.,1.),(1.,1.),(1.,
1.),(1.,1.),(1.,1.),(1.,1.),(1.,1.),(1.,1.),(1.,1.),(1.,1.),(1.,1.),(1.,
1.)))
REPRESENTATION_ITEM('')
SURFACE()
);
#69=(
BOUNDED_SURFACE()
B_SPLINE_SURFACE(5,1,((#2172,#2173),(#2174,#2175),(#2176,#2177),(#2178,
#2179),(#2180,#2181),(#2182,#2183),(#2184,#2185),(#2186,#2187),(#2188,#2189),
(#2190,#2191),(#2192,#2193),(#2194,#2195),(#2196,#2197),(#2198,#2199)),
 .UNSPECIFIED.,.F.,.F.,.F.)
B_SPLINE_SURFACE_WITH_KNOTS((6,1,1,1,1,1,1,1,1,6),(2,2),(-0.831341326238958,
-0.8,-0.75,-0.7,-0.65,-0.6,-0.55,-0.5,-0.45,-0.411944694777449),(0.,1.8),
 .UNSPECIFIED.)
GEOMETRIC_REPRESENTATION_ITEM()
RATIONAL_B_SPLINE_SURFACE(((1.,1.),(1.,1.),(1.,1.),(1.,1.),(1.,1.),(1.,
1.),(1.,1.),(1.,1.),(1.,1.),(1.,1.),(1.,1.),(1.,1.),(1.,1.),(1.,1.)))
REPRESENTATION_ITEM('')
SURFACE()
);
#70=(
BOUNDED_SURFACE()
B_SPLINE_SURFACE(5,1,((#2200,#2201),(#2202,#2203),(#2204,#2205),(#2206,
#2207),(#2208,#2209),(#2210,#2211),(#2212,#2213),(#2214,#2215),(#2216,#2217),
(#2218,#2219),(#2220,#2221),(#2222,#2223),(#2224,#2225),(#2226,#2227)),
 .UNSPECIFIED.,.F.,.F.,.F.)
B_SPLINE_SURFACE_WITH_KNOTS((6,1,1,1,1,1,1,1,1,6),(2,2),(-0.831341326238958,
-0.8,-0.75,-0.7,-0.65,-0.6,-0.55,-0.5,-0.45,-0.411944694777449),(0.,1.8),
 .UNSPECIFIED.)
GEOMETRIC_REPRESENTATION_ITEM()
RATIONAL_B_SPLINE_SURFACE(((1.,1.),(1.,1.),(1.,1.),(1.,1.),(1.,1.),(1.,
1.),(1.,1.),(1.,1.),(1.,1.),(1.,1.),(1.,1.),(1.,1.),(1.,1.),(1.,1.)))
REPRESENTATION_ITEM('')
SURFACE()
);
#71=(
BOUNDED_SURFACE()
B_SPLINE_SURFACE(5,1,((#2229,#2230),(#2231,#2232),(#2233,#2234),(#2235,
#2236),(#2237,#2238),(#2239,#2240),(#2241,#2242),(#2243,#2244),(#2245,#2246),
(#2247,#2248),(#2249,#2250),(#2251,#2252),(#2253,#2254),(#2255,#2256),(#2257,
#2258)),.UNSPECIFIED.,.F.,.F.,.F.)
B_SPLINE_SURFACE_WITH_KNOTS((6,1,1,1,1,1,1,1,1,1,6),(2,2),(0.429378720413799,
0.45,0.5,0.55,0.6,0.65,0.7,0.75,0.8,0.85,0.850265655862984),(0.,0.4),
 .UNSPECIFIED.)
GEOMETRIC_REPRESENTATION_ITEM()
RATIONAL_B_SPLINE_SURFACE(((1.,1.),(1.,1.),(1.,1.),(1.,1.),(1.,1.),(1.,
1.),(1.,1.),(1.,1.),(1.,1.),(1.,1.),(1.,1.),(1.,1.),(1.,1.),(1.,1.),(1.,
1.)))
REPRESENTATION_ITEM('')
SURFACE()
);
#72=(
BOUNDED_SURFACE()
B_SPLINE_SURFACE(5,1,((#2278,#2279),(#2280,#2281),(#2282,#2283),(#2284,
#2285),(#2286,#2287),(#2288,#2289),(#2290,#2291),(#2292,#2293),(#2294,#2295),
(#2296,#2297),(#2298,#2299),(#2300,#2301),(#2302,#2303),(#2304,#2305)),
 .UNSPECIFIED.,.F.,.F.,.F.)
B_SPLINE_SURFACE_WITH_KNOTS((6,1,1,1,1,1,1,1,1,6),(2,2),(-0.831341326238958,
-0.8,-0.75,-0.7,-0.65,-0.6,-0.55,-0.5,-0.45,-0.411944694777449),(0.,1.8),
 .UNSPECIFIED.)
GEOMETRIC_REPRESENTATION_ITEM()
RATIONAL_B_SPLINE_SURFACE(((1.,1.),(1.,1.),(1.,1.),(1.,1.),(1.,1.),(1.,
1.),(1.,1.),(1.,1.),(1.,1.),(1.,1.),(1.,1.),(1.,1.),(1.,1.),(1.,1.)))
REPRESENTATION_ITEM('')
SURFACE()
);
#73=(
BOUNDED_SURFACE()
B_SPLINE_SURFACE(5,1,((#2306,#2307),(#2308,#2309),(#2310,#2311),(#2312,
#2313),(#2314,#2315),(#2316,#2317)),.UNSPECIFIED.,.F.,.F.,.F.)
B_SPLINE_SURFACE_WITH_KNOTS((6,6),(2,2),(0.923800485183946,1.),(0.,1.8),
 .UNSPECIFIED.)
GEOMETRIC_REPRESENTATION_ITEM()
RATIONAL_B_SPLINE_SURFACE(((1.,1.),(1.,1.),(1.,1.),(1.,1.),(1.,1.),(1.,
1.)))
REPRESENTATION_ITEM('')
SURFACE()
);
#74=(
BOUNDED_SURFACE()
B_SPLINE_SURFACE(5,1,((#2319,#2320),(#2321,#2322),(#2323,#2324),(#2325,
#2326),(#2327,#2328),(#2329,#2330),(#2331,#2332),(#2333,#2334),(#2335,#2336),
(#2337,#2338),(#2339,#2340),(#2341,#2342),(#2343,#2344),(#2345,#2346),(#2347,
#2348),(#2349,#2350),(#2351,#2352),(#2353,#2354),(#2355,#2356),(#2357,#2358),
(#2359,#2360)),.UNSPECIFIED.,.F.,.F.,.F.)
B_SPLINE_SURFACE_WITH_KNOTS((6,1,1,1,1,1,1,1,1,5,1,1,6),(2,2),(-1.4293787204138,
-1.4,-1.35,-1.3,-1.25,-1.2,-1.15,-1.1,-1.05,-1.,-0.95,-0.9,-0.85699960188547),
(0.,1.8),.UNSPECIFIED.)
GEOMETRIC_REPRESENTATION_ITEM()
RATIONAL_B_SPLINE_SURFACE(((1.,1.),(1.,1.),(1.,1.),(1.,1.),(1.,1.),(1.,
1.),(1.,1.),(1.,1.),(1.,1.),(1.,1.),(1.,1.),(1.,1.),(1.,1.),(1.,1.),(1.,
1.),(1.,1.),(1.,1.),(1.,1.),(1.,1.),(1.,1.),(1.,1.)))
REPRESENTATION_ITEM('')
SURFACE()
);
#75=(
BOUNDED_SURFACE()
B_SPLINE_SURFACE(5,1,((#2384,#2385),(#2386,#2387),(#2388,#2389),(#2390,
#2391),(#2392,#2393),(#2394,#2395),(#2396,#2397),(#2398,#2399),(#2400,#2401),
(#2402,#2403),(#2404,#2405),(#2406,#2407),(#2408,#2409),(#2410,#2411),(#2412,
#2413)),.UNSPECIFIED.,.F.,.F.,.F.)
B_SPLINE_SURFACE_WITH_KNOTS((6,1,1,1,1,1,1,1,1,1,6),(2,2),(0.0304734616034404,
0.1,0.2,0.3,0.4,0.5,0.6,0.7,0.8,0.9,0.923800485183944),(0.,1.8),
 .UNSPECIFIED.)
GEOMETRIC_REPRESENTATION_ITEM()
RATIONAL_B_SPLINE_SURFACE(((1.,1.),(1.,1.),(1.,1.),(1.,1.),(1.,1.),(1.,
1.),(1.,1.),(1.,1.),(1.,1.),(1.,1.),(1.,1.),(1.,1.),(1.,1.),(1.,1.),(1.,
1.)))
REPRESENTATION_ITEM('')
SURFACE()
);
#76=(
BOUNDED_SURFACE()
B_SPLINE_SURFACE(5,1,((#2415,#2416),(#2417,#2418),(#2419,#2420),(#2421,
#2422),(#2423,#2424),(#2425,#2426)),.UNSPECIFIED.,.F.,.F.,.F.)
B_SPLINE_SURFACE_WITH_KNOTS((6,6),(2,2),(0.,0.0304734616034403),(0.,1.8),
 .UNSPECIFIED.)
GEOMETRIC_REPRESENTATION_ITEM()
RATIONAL_B_SPLINE_SURFACE(((1.,1.),(1.,1.),(1.,1.),(1.,1.),(1.,1.),(1.,
1.)))
REPRESENTATION_ITEM('')
SURFACE()
);
#77=(
BOUNDED_SURFACE()
B_SPLINE_SURFACE(5,1,((#3016,#3017),(#3018,#3019),(#3020,#3021),(#3022,
#3023),(#3024,#3025),(#3026,#3027)),.UNSPECIFIED.,.F.,.F.,.F.)
B_SPLINE_SURFACE_WITH_KNOTS((6,6),(2,2),(-0.0517300862403901,0.),(0.,2.6),
 .UNSPECIFIED.)
GEOMETRIC_REPRESENTATION_ITEM()
RATIONAL_B_SPLINE_SURFACE(((1.,1.),(1.,1.),(1.,1.),(1.,1.),(1.,1.),(1.,
1.)))
REPRESENTATION_ITEM('')
SURFACE()
);
#78=(
BOUNDED_SURFACE()
B_SPLINE_SURFACE(5,1,((#3073,#3074),(#3075,#3076),(#3077,#3078),(#3079,
#3080),(#3081,#3082),(#3083,#3084)),.UNSPECIFIED.,.F.,.F.,.F.)
B_SPLINE_SURFACE_WITH_KNOTS((6,6),(2,2),(-1.,-0.948269904987256),(0.,2.6),
 .UNSPECIFIED.)
GEOMETRIC_REPRESENTATION_ITEM()
RATIONAL_B_SPLINE_SURFACE(((1.,1.),(1.,1.),(1.,1.),(1.,1.),(1.,1.),(1.,
1.)))
REPRESENTATION_ITEM('')
SURFACE()
);
#79=(
BOUNDED_SURFACE()
B_SPLINE_SURFACE(5,1,((#3342,#3343),(#3344,#3345),(#3346,#3347),(#3348,
#3349),(#3350,#3351),(#3352,#3353),(#3354,#3355),(#3356,#3357),(#3358,#3359),
(#3360,#3361),(#3362,#3363),(#3364,#3365),(#3366,#3367),(#3368,#3369),(#3370,
#3371)),.UNSPECIFIED.,.F.,.F.,.F.)
B_SPLINE_SURFACE_WITH_KNOTS((6,1,1,1,1,1,1,1,1,1,6),(2,2),(0.,0.1,0.2,0.3,
0.4,0.5,0.6,0.7,0.8,0.9,1.),(0.,2.6),.UNSPECIFIED.)
GEOMETRIC_REPRESENTATION_ITEM()
RATIONAL_B_SPLINE_SURFACE(((1.,1.),(1.,1.),(1.,1.),(1.,1.),(1.,1.),(1.,
1.),(1.,1.),(1.,1.),(1.,1.),(1.,1.),(1.,1.),(1.,1.),(1.,1.),(1.,1.),(1.,
1.)))
REPRESENTATION_ITEM('')
SURFACE()
);
#80=CIRCLE('',#1234,2.);
#81=CIRCLE('',#1237,2.);
#82=CIRCLE('',#1245,3.);
#83=CIRCLE('',#1249,3.00000004470348);
#84=CIRCLE('',#1251,3.5);
#85=CIRCLE('',#1252,1.4);
#86=CIRCLE('',#1255,3.5);
#87=CIRCLE('',#1256,1.4);
#88=CIRCLE('',#1259,3.00000000000005);
#89=CIRCLE('',#1262,3.00000004470348);
#90=CIRCLE('',#1264,3.5);
#91=CIRCLE('',#1265,1.4);
#92=CIRCLE('',#1269,3.5);
#93=CIRCLE('',#1270,1.4);
#94=CIRCLE('',#1272,15.);
#95=CIRCLE('',#1273,3.5);
#96=CIRCLE('',#1274,3.5);
#97=CIRCLE('',#1275,3.5);
#98=CIRCLE('',#1277,15.);
#99=CIRCLE('',#1278,3.5);
#100=CIRCLE('',#1279,3.5);
#101=CIRCLE('',#1280,3.5);
#102=CIRCLE('',#1282,20.);
#103=CIRCLE('',#1283,3.);
#104=CIRCLE('',#1284,17.);
#105=CIRCLE('',#1285,20.);
#106=CIRCLE('',#1288,20.);
#107=CIRCLE('',#1290,3.00000000000001);
#108=CIRCLE('',#1292,20.);
#109=CIRCLE('',#1293,17.);
#110=CIRCLE('',#1294,20.);
#111=CIRCLE('',#1297,20.);
#112=CIRCLE('',#1300,3.5);
#113=CIRCLE('',#1302,3.5);
#114=CIRCLE('',#1304,11.);
#115=CIRCLE('',#1305,11.);
#116=CIRCLE('',#1307,1.4);
#117=CIRCLE('',#1308,1.4);
#118=CIRCLE('',#1310,11.);
#119=CIRCLE('',#1311,11.);
#120=CIRCLE('',#1313,1.4);
#121=CIRCLE('',#1314,1.4);
#122=CYLINDRICAL_SURFACE('',#1233,2.);
#123=CYLINDRICAL_SURFACE('',#1235,2.00000000000001);
#124=CYLINDRICAL_SURFACE('',#1238,2.);
#125=CYLINDRICAL_SURFACE('',#1239,2.00000000000001);
#126=CYLINDRICAL_SURFACE('',#1244,3.);
#127=CYLINDRICAL_SURFACE('',#1248,3.00000004470348);
#128=CYLINDRICAL_SURFACE('',#1258,3.00000000000005);
#129=CYLINDRICAL_SURFACE('',#1261,3.00000004470348);
#130=CYLINDRICAL_SURFACE('',#1286,20.);
#131=CYLINDRICAL_SURFACE('',#1287,20.);
#132=CYLINDRICAL_SURFACE('',#1295,20.);
#133=CYLINDRICAL_SURFACE('',#1296,20.);
#134=CYLINDRICAL_SURFACE('',#1299,3.5);
#135=CYLINDRICAL_SURFACE('',#1301,3.5);
#136=CYLINDRICAL_SURFACE('',#1303,11.);
#137=CYLINDRICAL_SURFACE('',#1309,11.);
#138=CYLINDRICAL_SURFACE('',#1315,1.4);
#139=CYLINDRICAL_SURFACE('',#1316,1.4);
#140=CYLINDRICAL_SURFACE('',#1317,1.4);
#141=CYLINDRICAL_SURFACE('',#1318,1.4);
#142=FACE_OUTER_BOUND('',#208,.T.);
#143=FACE_OUTER_BOUND('',#209,.T.);
#144=FACE_OUTER_BOUND('',#210,.T.);
#145=FACE_OUTER_BOUND('',#211,.T.);
#146=FACE_OUTER_BOUND('',#212,.T.);
#147=FACE_OUTER_BOUND('',#213,.T.);
#148=FACE_OUTER_BOUND('',#214,.T.);
#149=FACE_OUTER_BOUND('',#215,.T.);
#150=FACE_OUTER_BOUND('',#216,.T.);
#151=FACE_OUTER_BOUND('',#217,.T.);
#152=FACE_OUTER_BOUND('',#218,.T.);
#153=FACE_OUTER_BOUND('',#219,.T.);
#154=FACE_OUTER_BOUND('',#220,.T.);
#155=FACE_OUTER_BOUND('',#221,.T.);
#156=FACE_OUTER_BOUND('',#222,.T.);
#157=FACE_OUTER_BOUND('',#223,.T.);
#158=FACE_OUTER_BOUND('',#224,.T.);
#159=FACE_OUTER_BOUND('',#225,.T.);
#160=FACE_OUTER_BOUND('',#226,.T.);
#161=FACE_OUTER_BOUND('',#227,.T.);
#162=FACE_OUTER_BOUND('',#228,.T.);
#163=FACE_OUTER_BOUND('',#229,.T.);
#164=FACE_OUTER_BOUND('',#230,.T.);
#165=FACE_OUTER_BOUND('',#231,.T.);
#166=FACE_OUTER_BOUND('',#232,.T.);
#167=FACE_OUTER_BOUND('',#234,.T.);
#168=FACE_OUTER_BOUND('',#235,.T.);
#169=FACE_OUTER_BOUND('',#237,.T.);
#170=FACE_OUTER_BOUND('',#238,.T.);
#171=FACE_OUTER_BOUND('',#239,.T.);
#172=FACE_OUTER_BOUND('',#240,.T.);
#173=FACE_OUTER_BOUND('',#241,.T.);
#174=FACE_OUTER_BOUND('',#243,.T.);
#175=FACE_OUTER_BOUND('',#244,.T.);
#176=FACE_OUTER_BOUND('',#245,.T.);
#177=FACE_OUTER_BOUND('',#247,.T.);
#178=FACE_OUTER_BOUND('',#248,.T.);
#179=FACE_OUTER_BOUND('',#249,.T.);
#180=FACE_OUTER_BOUND('',#250,.T.);
#181=FACE_OUTER_BOUND('',#251,.T.);
#182=FACE_OUTER_BOUND('',#252,.T.);
#183=FACE_OUTER_BOUND('',#253,.T.);
#184=FACE_OUTER_BOUND('',#255,.T.);
#185=FACE_OUTER_BOUND('',#256,.T.);
#186=FACE_OUTER_BOUND('',#257,.T.);
#187=FACE_OUTER_BOUND('',#258,.T.);
#188=FACE_OUTER_BOUND('',#259,.T.);
#189=FACE_OUTER_BOUND('',#260,.T.);
#190=FACE_OUTER_BOUND('',#262,.T.);
#191=FACE_OUTER_BOUND('',#263,.T.);
#192=FACE_OUTER_BOUND('',#264,.T.);
#193=FACE_OUTER_BOUND('',#265,.T.);
#194=FACE_OUTER_BOUND('',#269,.T.);
#195=FACE_OUTER_BOUND('',#270,.T.);
#196=FACE_OUTER_BOUND('',#274,.T.);
#197=FACE_OUTER_BOUND('',#275,.T.);
#198=FACE_OUTER_BOUND('',#276,.T.);
#199=FACE_OUTER_BOUND('',#277,.T.);
#200=FACE_OUTER_BOUND('',#278,.T.);
#201=FACE_OUTER_BOUND('',#279,.T.);
#202=FACE_OUTER_BOUND('',#280,.T.);
#203=FACE_OUTER_BOUND('',#281,.T.);
#204=FACE_OUTER_BOUND('',#282,.T.);
#205=FACE_OUTER_BOUND('',#283,.T.);
#206=FACE_OUTER_BOUND('',#284,.T.);
#207=FACE_OUTER_BOUND('',#285,.T.);
#208=EDGE_LOOP('',(#766,#767,#768,#769,#770));
#209=EDGE_LOOP('',(#771,#772,#773,#774,#775,#776));
#210=EDGE_LOOP('',(#777,#778,#779,#780));
#211=EDGE_LOOP('',(#781,#782,#783,#784,#785,#786));
#212=EDGE_LOOP('',(#787,#788,#789,#790,#791,#792));
#213=EDGE_LOOP('',(#793,#794,#795,#796));
#214=EDGE_LOOP('',(#797,#798,#799,#800,#801));
#215=EDGE_LOOP('',(#802,#803,#804,#805,#806,#807,#808,#809,#810,#811));
#216=EDGE_LOOP('',(#812,#813,#814,#815,#816,#817));
#217=EDGE_LOOP('',(#818,#819,#820,#821,#822,#823,#824,#825,#826,#827,#828));
#218=EDGE_LOOP('',(#829,#830,#831,#832,#833,#834,#835,#836,#837,#838,#839,
#840));
#219=EDGE_LOOP('',(#841,#842));
#220=EDGE_LOOP('',(#843,#844,#845,#846));
#221=EDGE_LOOP('',(#847,#848,#849,#850));
#222=EDGE_LOOP('',(#851,#852));
#223=EDGE_LOOP('',(#853,#854,#855,#856));
#224=EDGE_LOOP('',(#857,#858,#859,#860,#861));
#225=EDGE_LOOP('',(#862,#863,#864,#865));
#226=EDGE_LOOP('',(#866,#867,#868,#869,#870));
#227=EDGE_LOOP('',(#871,#872,#873,#874));
#228=EDGE_LOOP('',(#875,#876,#877,#878));
#229=EDGE_LOOP('',(#879,#880,#881,#882));
#230=EDGE_LOOP('',(#883,#884,#885,#886));
#231=EDGE_LOOP('',(#887,#888,#889,#890));
#232=EDGE_LOOP('',(#891,#892,#893,#894));
#233=EDGE_LOOP('',(#895));
#234=EDGE_LOOP('',(#896,#897,#898,#899));
#235=EDGE_LOOP('',(#900,#901,#902,#903));
#236=EDGE_LOOP('',(#904));
#237=EDGE_LOOP('',(#905,#906,#907,#908));
#238=EDGE_LOOP('',(#909,#910,#911,#912));
#239=EDGE_LOOP('',(#913,#914,#915,#916));
#240=EDGE_LOOP('',(#917,#918,#919,#920));
#241=EDGE_LOOP('',(#921,#922,#923,#924));
#242=EDGE_LOOP('',(#925));
#243=EDGE_LOOP('',(#926,#927,#928,#929));
#244=EDGE_LOOP('',(#930,#931,#932,#933));
#245=EDGE_LOOP('',(#934,#935,#936,#937));
#246=EDGE_LOOP('',(#938));
#247=EDGE_LOOP('',(#939,#940,#941,#942,#943,#944,#945,#946,#947,#948,#949,
#950));
#248=EDGE_LOOP('',(#951,#952,#953,#954,#955,#956,#957,#958,#959,#960,#961,
#962));
#249=EDGE_LOOP('',(#963,#964,#965,#966,#967,#968,#969));
#250=EDGE_LOOP('',(#970,#971,#972,#973));
#251=EDGE_LOOP('',(#974,#975,#976,#977));
#252=EDGE_LOOP('',(#978,#979,#980,#981,#982,#983));
#253=EDGE_LOOP('',(#984,#985));
#254=EDGE_LOOP('',(#986));
#255=EDGE_LOOP('',(#987,#988,#989,#990));
#256=EDGE_LOOP('',(#991,#992,#993,#994,#995,#996,#997));
#257=EDGE_LOOP('',(#998,#999,#1000,#1001));
#258=EDGE_LOOP('',(#1002,#1003,#1004,#1005,#1006,#1007));
#259=EDGE_LOOP('',(#1008,#1009,#1010,#1011,#1012));
#260=EDGE_LOOP('',(#1013,#1014));
#261=EDGE_LOOP('',(#1015));
#262=EDGE_LOOP('',(#1016,#1017,#1018,#1019,#1020,#1021,#1022,#1023,#1024,
#1025,#1026,#1027));
#263=EDGE_LOOP('',(#1028,#1029,#1030,#1031,#1032,#1033,#1034,#1035,#1036,
#1037,#1038,#1039));
#264=EDGE_LOOP('',(#1040,#1041,#1042,#1043));
#265=EDGE_LOOP('',(#1044));
#266=EDGE_LOOP('',(#1045));
#267=EDGE_LOOP('',(#1046));
#268=EDGE_LOOP('',(#1047));
#269=EDGE_LOOP('',(#1048,#1049,#1050,#1051));
#270=EDGE_LOOP('',(#1052));
#271=EDGE_LOOP('',(#1053));
#272=EDGE_LOOP('',(#1054));
#273=EDGE_LOOP('',(#1055));
#274=EDGE_LOOP('',(#1056,#1057,#1058,#1059));
#275=EDGE_LOOP('',(#1060,#1061,#1062,#1063));
#276=EDGE_LOOP('',(#1064,#1065,#1066,#1067));
#277=EDGE_LOOP('',(#1068,#1069,#1070,#1071));
#278=EDGE_LOOP('',(#1072,#1073,#1074,#1075,#1076));
#279=EDGE_LOOP('',(#1077,#1078,#1079,#1080,#1081,#1082,#1083,#1084,#1085,
#1086));
#280=EDGE_LOOP('',(#1087,#1088));
#281=EDGE_LOOP('',(#1089,#1090,#1091,#1092,#1093,#1094,#1095,#1096,#1097,
#1098));
#282=EDGE_LOOP('',(#1099,#1100,#1101,#1102,#1103,#1104,#1105,#1106,#1107,
#1108));
#283=EDGE_LOOP('',(#1109,#1110,#1111,#1112));
#284=EDGE_LOOP('',(#1113,#1114,#1115,#1116));
#285=EDGE_LOOP('',(#1117,#1118,#1119,#1120,#1121,#1122));
#286=EDGE_LOOP('',(#1123,#1124,#1125));
#287=EDGE_LOOP('',(#1126));
#288=EDGE_LOOP('',(#1127));
#289=LINE('',#1578,#351);
#290=LINE('',#1580,#352);
#291=LINE('',#1582,#353);
#292=LINE('',#1608,#354);
#293=LINE('',#1627,#355);
#294=LINE('',#1651,#356);
#295=LINE('',#1669,#357);
#296=LINE('',#1680,#358);
#297=LINE('',#1682,#359);
#298=LINE('',#1704,#360);
#299=LINE('',#1720,#361);
#300=LINE('',#1745,#362);
#301=LINE('',#1763,#363);
#302=LINE('',#1820,#364);
#303=LINE('',#1838,#365);
#304=LINE('',#1894,#366);
#305=LINE('',#2228,#367);
#306=LINE('',#2276,#368);
#307=LINE('',#2277,#369);
#308=LINE('',#2318,#370);
#309=LINE('',#2383,#371);
#310=LINE('',#2414,#372);
#311=LINE('',#2436,#373);
#312=LINE('',#2438,#374);
#313=LINE('',#2440,#375);
#314=LINE('',#2470,#376);
#315=LINE('',#2474,#377);
#316=LINE('',#2476,#378);
#317=LINE('',#2478,#379);
#318=LINE('',#2485,#380);
#319=LINE('',#2491,#381);
#320=LINE('',#2492,#382);
#321=LINE('',#2528,#383);
#322=LINE('',#2532,#384);
#323=LINE('',#2540,#385);
#324=LINE('',#2542,#386);
#325=LINE('',#2544,#387);
#326=LINE('',#2576,#388);
#327=LINE('',#2580,#389);
#328=LINE('',#2582,#390);
#329=LINE('',#2584,#391);
#330=LINE('',#2618,#392);
#331=LINE('',#2622,#393);
#332=LINE('',#2628,#394);
#333=LINE('',#2632,#395);
#334=LINE('',#2635,#396);
#335=LINE('',#2647,#397);
#336=LINE('',#2655,#398);
#337=LINE('',#2789,#399);
#338=LINE('',#2835,#400);
#339=LINE('',#2838,#401);
#340=LINE('',#2989,#402);
#341=LINE('',#2992,#403);
#342=LINE('',#2996,#404);
#343=LINE('',#3037,#405);
#344=LINE('',#3041,#406);
#345=LINE('',#3047,#407);
#346=LINE('',#3058,#408);
#347=LINE('',#3066,#409);
#348=LINE('',#3068,#410);
#349=LINE('',#3070,#411);
#350=LINE('',#3072,#412);
#351=VECTOR('',#1328,10.);
#352=VECTOR('',#1329,10.);
#353=VECTOR('',#1330,10.);
#354=VECTOR('',#1333,10.);
#355=VECTOR('',#1334,10.);
#356=VECTOR('',#1339,10.);
#357=VECTOR('',#1340,10.);
#358=VECTOR('',#1343,10.);
#359=VECTOR('',#1346,10.);
#360=VECTOR('',#1349,10.);
#361=VECTOR('',#1350,10.);
#362=VECTOR('',#1353,10.);
#363=VECTOR('',#1354,10.);
#364=VECTOR('',#1357,10.);
#365=VECTOR('',#1358,10.);
#366=VECTOR('',#1359,10.);
#367=VECTOR('',#1364,10.);
#368=VECTOR('',#1365,10.);
#369=VECTOR('',#1366,10.);
#370=VECTOR('',#1367,10.);
#371=VECTOR('',#1368,10.);
#372=VECTOR('',#1369,10.);
#373=VECTOR('',#1372,10.);
#374=VECTOR('',#1373,10.);
#375=VECTOR('',#1374,10.);
#376=VECTOR('',#1379,10.);
#377=VECTOR('',#1382,10.);
#378=VECTOR('',#1383,10.);
#379=VECTOR('',#1384,10.);
#380=VECTOR('',#1387,10.);
#381=VECTOR('',#1388,10.);
#382=VECTOR('',#1389,10.);
#383=VECTOR('',#1402,10.);
#384=VECTOR('',#1403,10.);
#385=VECTOR('',#1412,10.);
#386=VECTOR('',#1413,10.);
#387=VECTOR('',#1414,10.);
#388=VECTOR('',#1419,10.);
#389=VECTOR('',#1422,10.);
#390=VECTOR('',#1423,10.);
#391=VECTOR('',#1424,10.);
#392=VECTOR('',#1429,10.);
#393=VECTOR('',#1434,10.);
#394=VECTOR('',#1439,10.);
#395=VECTOR('',#1440,10.);
#396=VECTOR('',#1443,10.);
#397=VECTOR('',#1454,9.25);
#398=VECTOR('',#1465,9.25);
#399=VECTOR('',#1484,10.);
#400=VECTOR('',#1487,10.);
#401=VECTOR('',#1490,10.);
#402=VECTOR('',#1505,10.);
#403=VECTOR('',#1508,10.);
#404=VECTOR('',#1511,10.);
#405=VECTOR('',#1516,3.5);
#406=VECTOR('',#1521,3.5);
#407=VECTOR('',#1528,11.);
#408=VECTOR('',#1541,11.);
#409=VECTOR('',#1552,1.4);
#410=VECTOR('',#1555,1.4);
#411=VECTOR('',#1558,1.4);
#412=VECTOR('',#1561,1.4);
#413=B_SPLINE_CURVE_WITH_KNOTS('',3,(#1573,#1574,#1575,#1576),
 .UNSPECIFIED.,.F.,.F.,(4,4),(-0.799999977648259,0.),.UNSPECIFIED.);
#414=B_SPLINE_CURVE_WITH_KNOTS('',3,(#1583,#1584,#1585,#1586),
 .UNSPECIFIED.,.F.,.F.,(4,4),(-0.357239963894454,-0.0714421321991651),
 .UNSPECIFIED.);
#415=B_SPLINE_CURVE_WITH_KNOTS('',3,(#1589,#1590,#1591,#1592,#1593,#1594,
#1595,#1596,#1597,#1598,#1599,#1600,#1601,#1602,#1603,#1604,#1605,#1606),
 .UNSPECIFIED.,.F.,.F.,(4,2,2,2,2,2,2,2,4),(0.245337067939608,0.246042133736144,
0.253869810089796,0.264289230752398,0.290157458204947,0.368273650115788,
0.44432632443647,0.52259628092927,0.563469238516738),.UNSPECIFIED.);
#416=B_SPLINE_CURVE_WITH_KNOTS('',3,(#1610,#1611,#1612,#1613,#1614,#1615,
#1616,#1617,#1618,#1619,#1620,#1621,#1622,#1623,#1624,#1625),
 .UNSPECIFIED.,.F.,.F.,(4,2,2,2,2,2,2,4),(-2.87338783225631,-2.82625701625123,
-2.73241656664121,-2.60282194546567,-2.44298005146529,-1.99524796771744,
-1.58828371361387,-1.47361153013379),.UNSPECIFIED.);
#417=B_SPLINE_CURVE_WITH_KNOTS('',3,(#1632,#1633,#1634,#1635,#1636,#1637,
#1638,#1639,#1640,#1641,#1642,#1643,#1644,#1645,#1646,#1647,#1648,#1649),
 .UNSPECIFIED.,.F.,.F.,(4,2,2,2,2,2,2,2,4),(0.207694312261333,0.246004236915357,
0.317693095541975,0.384447301739341,0.444299608525059,0.496727072359028,
0.512116826314743,0.520512399308402,0.524280008722759),.UNSPECIFIED.);
#418=B_SPLINE_CURVE_WITH_KNOTS('',3,(#1653,#1654,#1655,#1656,#1657,#1658,
#1659,#1660,#1661,#1662,#1663,#1664,#1665,#1666,#1667,#1668),
 .UNSPECIFIED.,.F.,.F.,(4,2,2,2,2,2,2,4),(0.,0.00557475557115783,0.0231591404188656,
0.0510799308576371,0.125488780915001,0.202195766760902,0.280651662627355,
0.31778109109371),.UNSPECIFIED.);
#419=B_SPLINE_CURVE_WITH_KNOTS('',3,(#1673,#1674,#1675,#1676,#1677,#1678),
 .UNSPECIFIED.,.F.,.F.,(4,2,4),(-1.4,-0.7,0.),.UNSPECIFIED.);
#420=B_SPLINE_CURVE_WITH_KNOTS('',3,(#1685,#1686,#1687,#1688,#1689,#1690,
#1691,#1692,#1693,#1694,#1695,#1696,#1697,#1698,#1699,#1700,#1701,#1702),
 .UNSPECIFIED.,.F.,.F.,(4,2,2,2,2,2,2,2,4),(-1.14167683569725,-1.01739642628071,
-0.918185426076227,-0.849638922368198,-0.802057977530673,-0.769746634696645,
-0.762212664258075,-0.757898399729579,-0.756379199667023),.UNSPECIFIED.);
#421=B_SPLINE_CURVE_WITH_KNOTS('',3,(#1706,#1707,#1708,#1709,#1710,#1711,
#1712,#1713,#1714,#1715,#1716,#1717,#1718,#1719),.UNSPECIFIED.,.F.,.F.,
(4,2,2,2,2,2,4),(-0.783389243748819,-0.532771142971337,-0.418258477498539,
-0.337018481642333,-0.223434223411038,-0.140041189093246,-0.0723211827283144),
 .UNSPECIFIED.);
#422=B_SPLINE_CURVE_WITH_KNOTS('',3,(#1724,#1725,#1726,#1727,#1728,#1729,
#1730,#1731,#1732,#1733,#1734,#1735,#1736,#1737,#1738,#1739,#1740,#1741,
#1742,#1743),.UNSPECIFIED.,.F.,.F.,(4,2,2,2,2,2,2,2,2,4),(-0.754432660000133,
-0.751901668299304,-0.747800909901498,-0.740995024897868,-0.703680825127268,
-0.656855712058175,-0.610469989697496,-0.533453088113695,-0.411700168252855,
-0.37872034664163),.UNSPECIFIED.);
#423=B_SPLINE_CURVE_WITH_KNOTS('',3,(#1747,#1748,#1749,#1750,#1751,#1752,
#1753,#1754,#1755,#1756,#1757,#1758,#1759,#1760,#1761,#1762),
 .UNSPECIFIED.,.F.,.F.,(4,2,2,2,2,2,2,4),(-0.317579973826292,-0.288031665210304,
-0.215771087184944,-0.147719152428528,-0.0850737339059125,-0.0389247732093579,
-0.0163844965818724,0.),.UNSPECIFIED.);
#424=B_SPLINE_CURVE_WITH_KNOTS('',3,(#1766,#1767,#1768,#1769),
 .UNSPECIFIED.,.F.,.F.,(4,4),(-0.849999977648258,-0.0499999999999986),
 .UNSPECIFIED.);
#425=B_SPLINE_CURVE_WITH_KNOTS('',3,(#1770,#1771,#1772,#1773),
 .UNSPECIFIED.,.F.,.F.,(4,4),(-0.284331510782077,0.),.UNSPECIFIED.);
#426=B_SPLINE_CURVE_WITH_KNOTS('',3,(#1774,#1775,#1776,#1777),
 .UNSPECIFIED.,.F.,.F.,(4,4),(-1.05,-0.0499999999999985),.UNSPECIFIED.);
#427=B_SPLINE_CURVE_WITH_KNOTS('',3,(#1808,#1809,#1810,#1811),
 .UNSPECIFIED.,.F.,.F.,(4,4),(-1.73152990488374,-0.0511005709495298),
 .UNSPECIFIED.);
#428=B_SPLINE_CURVE_WITH_KNOTS('',3,(#1813,#1814,#1815,#1816,#1817,#1818),
 .UNSPECIFIED.,.F.,.F.,(4,1,1,4),(-0.94826990498726,-0.884231346505341,
-0.820192788023422,-0.784442330813565),.UNSPECIFIED.);
#429=B_SPLINE_CURVE_WITH_KNOTS('',3,(#1839,#1840,#1841,#1842,#1843,#1844,
#1845,#1846,#1847),.UNSPECIFIED.,.F.,.F.,(4,1,1,1,1,1,4),(-0.666115999067821,
-0.564038554095745,-0.435961437131906,-0.307884320168067,-0.179807203204229,
-0.11576864472231,-0.0517300862403902),.UNSPECIFIED.);
#430=B_SPLINE_CURVE_WITH_KNOTS('',3,(#1895,#1896,#1897,#1898,#1899,#1900,
#1901,#1902,#1903,#1904,#1905,#1906,#1907,#1908,#1909,#1910,#1911,#1912,
#1913,#1914,#1915,#1916,#1917,#1918,#1919,#1920,#1921,#1922,#1923,#1924,
#1925,#1926,#1927,#1928,#1929,#1930,#1931,#1932,#1933,#1934,#1935,#1936,
#1937,#1938,#1939,#1940,#1941,#1942,#1943,#1944,#1945,#1946,#1947,#1948,
#1949,#1950,#1951,#1952,#1953,#1954,#1955,#1956,#1957,#1958,#1959,#1960,
#1961,#1962,#1963,#1964,#1965,#1966,#1967,#1968,#1969,#1970,#1971,#1972,
#1973,#1974,#1975,#1976,#1977,#1978,#1979,#1980,#1981,#1982,#1983,#1984,
#1985,#1986,#1987,#1988,#1989,#1990,#1991,#1992,#1993,#1994,#1995,#1996,
#1997,#1998,#1999,#2000,#2001,#2002,#2003,#2004,#2005,#2006,#2007,#2008,
#2009,#2010,#2011,#2012,#2013,#2014,#2015,#2016,#2017,#2018,#2019,#2020,
#2021,#2022,#2023,#2024,#2025,#2026,#2027,#2028,#2029,#2030,#2031,#2032,
#2033,#2034,#2035,#2036),.UNSPECIFIED.,.F.,.F.,(4,3,3,3,3,3,3,3,3,3,3,3,
3,3,3,3,3,3,3,3,3,3,3,3,3,3,3,3,3,3,3,3,3,3,3,3,3,3,3,3,3,3,3,3,3,3,3,4),
(-0.704389084828087,-0.692987884028804,-0.681414332588203,-0.669651835795576,
-0.657680664717816,-0.645477029630428,-0.633011764676878,-0.620263742435452,
-0.607245026274431,-0.593927454558715,-0.580271325010058,-0.56622850273663,
-0.55174136654683,-0.536118383802209,-0.520566637574422,-0.504713370519243,
-0.488697727559142,-0.472718098450329,-0.457041824458839,-0.441808310462927,
-0.427017176497542,-0.412637945767812,-0.398631659978158,-0.384966698754901,
-0.371620284565692,-0.358557683056147,-0.345748651755576,-0.333167977788795,
-0.320794441912425,-0.308563948918081,-0.296168995383192,-0.283523478795756,
-0.270595554409456,-0.256921202178801,-0.243080812852617,-0.228801911748972,
-0.214071640952428,-0.198838291994687,-0.183050112465542,-0.166436894003897,
-0.149582458789228,-0.132938948305578,-0.1167954721449,-0.100548083788418,
-0.0857939041288309,-0.0714471359987275,-0.057697919267847,-0.0518059187189731),
 .UNSPECIFIED.);
#431=B_SPLINE_CURVE_WITH_KNOTS('',3,(#2055,#2056,#2057,#2058,#2059,#2060,
#2061,#2062),.UNSPECIFIED.,.F.,.F.,(4,2,2,4),(-2.87621316728834,-1.85230789493232,
-0.695970502951089,0.),.UNSPECIFIED.);
#432=B_SPLINE_CURVE_WITH_KNOTS('',3,(#2064,#2065,#2066,#2067,#2068,#2069,
#2070,#2071,#2072,#2073,#2074,#2075,#2076,#2077,#2078,#2079,#2080,#2081,
#2082),.UNSPECIFIED.,.F.,.F.,(4,3,3,3,3,3,4),(-0.181754842271002,-0.14973224164646,
-0.11731726679722,-0.084249760753997,-0.0507747650435799,-0.0166271897148237,
0.),.UNSPECIFIED.);
#433=B_SPLINE_CURVE_WITH_KNOTS('',3,(#2083,#2084,#2085,#2086),
 .UNSPECIFIED.,.F.,.F.,(4,4),(-0.143854237689811,0.),.UNSPECIFIED.);
#434=B_SPLINE_CURVE_WITH_KNOTS('',3,(#2087,#2088,#2089,#2090,#2091,#2092,
#2093,#2094,#2095,#2096,#2097,#2098),.UNSPECIFIED.,.F.,.F.,(4,2,2,2,2,4),
(-1.81747314048437,-0.922486437241751,-0.625787381411959,-0.451224265207676,
-0.271783643637619,-0.23955368767619),.UNSPECIFIED.);
#435=B_SPLINE_CURVE_WITH_KNOTS('',3,(#2168,#2169,#2170,#2171),
 .UNSPECIFIED.,.F.,.F.,(4,4),(-1.68756513373014,-0.0506191512448217),
 .UNSPECIFIED.);
#436=B_SPLINE_CURVE_WITH_KNOTS('',3,(#2446,#2447,#2448,#2449,#2450,#2451,
#2452,#2453,#2454,#2455,#2456,#2457,#2458,#2459,#2460,#2461,#2462,#2463,
#2464,#2465,#2466,#2467),.UNSPECIFIED.,.F.,.F.,(4,2,2,2,2,2,2,2,2,2,4),
(0.211001788634283,0.389368932899286,0.473211059341455,0.557053185783624,
0.62787350971145,0.698693833639277,0.769514157567103,0.84033448149493,0.924176607937098,
1.00801873437927,1.18635520069314),.UNSPECIFIED.);
#437=B_SPLINE_CURVE_WITH_KNOTS('',3,(#2494,#2495,#2496,#2497,#2498,#2499,
#2500,#2501,#2502,#2503,#2504,#2505,#2506,#2507,#2508,#2509,#2510,#2511,
#2512,#2513,#2514,#2515,#2516,#2517,#2518,#2519),.UNSPECIFIED.,.F.,.F.,
(4,2,2,2,2,2,2,2,2,2,2,2,4),(0.177582789610525,0.193230994826628,0.386461989653256,
0.469722471985693,0.552982954318131,0.623257430825248,0.693531907332364,
0.76380638383948,0.834080860346597,0.917341342679035,1.00060182501147,1.1938328198381,
1.2094810250542),.UNSPECIFIED.);
#438=B_SPLINE_CURVE_WITH_KNOTS('',3,(#2550,#2551,#2552,#2553,#2554,#2555,
#2556,#2557,#2558,#2559,#2560,#2561,#2562,#2563,#2564,#2565,#2566,#2567,
#2568,#2569,#2570,#2571,#2572,#2573),.UNSPECIFIED.,.F.,.F.,(4,2,2,2,2,2,
2,2,2,2,2,4),(0.17758285930168,0.193231006618851,0.386462013237701,0.46972250019711,
0.552982987156519,0.623257468130588,0.693531949104656,0.763806430078725,
0.834080911052794,0.917341398012202,1.00060188497161,1.18265752133277),
 .UNSPECIFIED.);
#439=B_SPLINE_CURVE_WITH_KNOTS('',3,(#2590,#2591,#2592,#2593,#2594,#2595,
#2596,#2597,#2598,#2599,#2600,#2601,#2602,#2603,#2604,#2605,#2606,#2607,
#2608,#2609,#2610,#2611,#2612,#2613,#2614,#2615),.UNSPECIFIED.,.F.,.F.,
(4,2,2,2,2,2,2,2,2,2,2,2,4),(0.177684858500468,0.193231009498213,0.386462018996426,
0.469722507196511,0.552982995396596,0.623257477417835,0.693531959439074,
0.763806441460312,0.834080923481551,0.917341411681636,1.00060189988172,
1.19383290937993,1.20948107027562),.UNSPECIFIED.);
#440=B_SPLINE_CURVE_WITH_KNOTS('',3,(#2662,#2663,#2664,#2665,#2666,#2667,
#2668,#2669,#2670,#2671,#2672,#2673),.UNSPECIFIED.,.F.,.F.,(4,2,2,2,2,4),
(-3.42321131637861,-2.9924292393336,-2.5246683612257,-2.1902161568733,-1.98050577798861,
-1.96771169208499),.UNSPECIFIED.);
#441=B_SPLINE_CURVE_WITH_KNOTS('',3,(#2681,#2682,#2683,#2684,#2685,#2686,
#2687,#2688,#2689,#2690,#2691,#2692,#2693,#2694,#2695,#2696,#2697,#2698,
#2699,#2700,#2701,#2702,#2703,#2704,#2705,#2706,#2707,#2708,#2709,#2710,
#2711,#2712,#2713,#2714,#2715,#2716,#2717,#2718,#2719,#2720,#2721,#2722,
#2723,#2724,#2725,#2726,#2727,#2728,#2729,#2730,#2731,#2732,#2733,#2734,
#2735,#2736,#2737,#2738),.UNSPECIFIED.,.F.,.F.,(4,3,3,3,3,3,3,3,3,3,3,3,
3,3,3,3,3,3,3,4),(-0.472739505045889,-0.470899793517136,-0.468786692884113,
-0.438721367766103,-0.408252751725524,-0.377790197183776,-0.351569882706215,
-0.321032760073356,-0.290744861792227,-0.270104068935447,-0.239523550968266,
-0.234368395929034,-0.204146345734681,-0.173529756695078,-0.14289462404026,
-0.11718088261366,-0.0864737626123379,-0.0559312448351559,-0.0261936090556881,
0.),.UNSPECIFIED.);
#442=B_SPLINE_CURVE_WITH_KNOTS('',3,(#2741,#2742,#2743,#2744,#2745,#2746,
#2747,#2748,#2749,#2750,#2751,#2752),.UNSPECIFIED.,.F.,.F.,(4,2,2,2,2,4),
(-6.67753887590959,-6.62658661819997,-6.41516400508962,-6.08135553612438,
-5.41461762247595,-5.08446519072947),.UNSPECIFIED.);
#443=B_SPLINE_CURVE_WITH_KNOTS('',3,(#2778,#2779,#2780,#2781,#2782),
 .UNSPECIFIED.,.F.,.F.,(4,1,4),(-0.281541270976425,-0.122644254909478,-1.25321226066016E-16),
 .UNSPECIFIED.);
#444=B_SPLINE_CURVE_WITH_KNOTS('',3,(#2783,#2784,#2785,#2786,#2787),
 .UNSPECIFIED.,.F.,.F.,(4,1,4),(1.25321226066016E-16,0.122644254909478,
0.286169928122116),.UNSPECIFIED.);
#445=B_SPLINE_CURVE_WITH_KNOTS('',3,(#2791,#2792,#2793,#2794,#2795,#2796,
#2797,#2798,#2799,#2800,#2801,#2802,#2803,#2804),.UNSPECIFIED.,.F.,.F.,
(4,2,2,2,2,2,4),(0.887450044896084,1.26136969987565,1.81665744344383,2.42857566621455,
2.60815245129316,2.67474063071093,2.73674111213567),.UNSPECIFIED.);
#446=B_SPLINE_CURVE_WITH_KNOTS('',3,(#2805,#2806,#2807,#2808),
 .UNSPECIFIED.,.F.,.F.,(4,4),(0.801414551901472,1.61467211334335),
 .UNSPECIFIED.);
#447=B_SPLINE_CURVE_WITH_KNOTS('',3,(#2811,#2812,#2813,#2814,#2815,#2816),
 .UNSPECIFIED.,.F.,.F.,(4,2,4),(0.,0.75074479670966,0.780335560909912),
 .UNSPECIFIED.);
#448=B_SPLINE_CURVE_WITH_KNOTS('',3,(#2818,#2819,#2820,#2821,#2822,#2823,
#2824,#2825,#2826,#2827,#2828,#2829,#2830,#2831,#2832,#2833),
 .UNSPECIFIED.,.F.,.F.,(4,2,2,2,2,2,2,4),(2.91376597599989,2.92740680095574,
2.95809248489138,3.01294684485649,3.13268160262829,3.37303169216433,3.78037496975738,
3.99019967732228),.UNSPECIFIED.);
#449=B_SPLINE_CURVE_WITH_KNOTS('',3,(#2867,#2868,#2869,#2870,#2871),
 .UNSPECIFIED.,.F.,.F.,(4,1,4),(-1.75634008446078E-13,0.163525700313644,
0.286169975549009),.UNSPECIFIED.);
#450=B_SPLINE_CURVE_WITH_KNOTS('',3,(#2875,#2876,#2877,#2878,#2879),
 .UNSPECIFIED.,.F.,.F.,(4,1,4),(-0.286169975549009,-0.163525700313644,-0.00462866031930484),
 .UNSPECIFIED.);
#451=B_SPLINE_CURVE_WITH_KNOTS('',3,(#2880,#2881,#2882,#2883,#2884,#2885,
#2886,#2887,#2888,#2889,#2890,#2891,#2892,#2893,#2894,#2895,#2896,#2897,
#2898,#2899,#2900,#2901,#2902,#2903,#2904,#2905,#2906,#2907,#2908,#2909,
#2910,#2911,#2912,#2913,#2914,#2915,#2916,#2917,#2918,#2919,#2920,#2921,
#2922,#2923,#2924,#2925,#2926,#2927,#2928,#2929,#2930,#2931,#2932,#2933,
#2934,#2935,#2936,#2937),.UNSPECIFIED.,.F.,.F.,(4,3,3,3,3,3,3,3,3,3,3,3,
3,3,3,3,3,3,3,4),(-0.00183972168608547,0.,0.00211311373159924,0.0321705696199227,
0.0626336301604199,0.0930997541075177,0.119330612900647,0.149865403158507,
0.180160935151028,0.20079690547861,0.231383040762494,0.236532788569603,
0.266764521834243,0.297386903075619,0.328020018620754,0.353720990672889,
0.384428762002081,0.414967503159622,0.444697188329326,0.470902562025253),
 .UNSPECIFIED.);
#452=B_SPLINE_CURVE_WITH_KNOTS('',3,(#2941,#2942,#2943,#2944,#2945,#2946,
#2947,#2948,#2949,#2950,#2951,#2952),.UNSPECIFIED.,.F.,.F.,(4,2,2,2,2,4),
(-0.807624256313034,-0.582350041141734,-0.365447414127836,-0.214901361946737,
-0.122016195950858,-0.114190717033357),.UNSPECIFIED.);
#453=B_SPLINE_CURVE_WITH_KNOTS('',3,(#2957,#2958,#2959,#2960,#2961,#2962,
#2963,#2964,#2965,#2966),.UNSPECIFIED.,.F.,.F.,(4,2,2,2,4),(0.122806303653977,
0.19869611025024,0.326127374773387,0.550239889779584,0.898128881841906),
 .UNSPECIFIED.);
#454=B_SPLINE_CURVE_WITH_KNOTS('',3,(#2969,#2970,#2971,#2972,#2973,#2974),
 .UNSPECIFIED.,.F.,.F.,(4,2,4),(0.,0.725914478426285,0.811460039541732),
 .UNSPECIFIED.);
#455=B_SPLINE_CURVE_WITH_KNOTS('',3,(#2975,#2976,#2977,#2978,#2979,#2980,
#2981,#2982,#2983,#2984,#2985,#2986,#2987,#2988),.UNSPECIFIED.,.F.,.F.,
(4,2,2,2,2,2,4),(0.,0.120652644814101,0.32099910521526,0.565306511852994,
1.03737455304233,1.64925180553099,1.84043236859075),.UNSPECIFIED.);
#456=B_SPLINE_CURVE_WITH_KNOTS('',3,(#2998,#2999,#3000,#3001,#3002,#3003,
#3004,#3005,#3006,#3007,#3008,#3009,#3010,#3011),.UNSPECIFIED.,.F.,.F.,
(4,2,2,2,2,2,4),(0.877816391183391,1.57622501067657,2.35272450316807,2.6910005511667,
2.8094758908542,2.8767823888286,2.90462516908464),.UNSPECIFIED.);
#457=B_SPLINE_CURVE_WITH_KNOTS('',3,(#3012,#3013,#3014,#3015),
 .UNSPECIFIED.,.F.,.F.,(4,4),(0.794445429547476,1.5762236692153),
 .UNSPECIFIED.);
#458=B_SPLINE_CURVE_WITH_KNOTS('',3,(#3127,#3128,#3129,#3130,#3131,#3132,
#3133,#3134,#3135),.UNSPECIFIED.,.F.,.F.,(4,1,1,1,1,1,4),(-0.810465668955319,
-0.721761190445045,-0.633056711934772,-0.544352233424498,-0.455647754914224,
-0.366943276403951,-0.189534319383403),.UNSPECIFIED.);
#459=B_SPLINE_CURVE_WITH_KNOTS('',3,(#3137,#3138,#3139,#3140,#3141,#3142,
#3143),.UNSPECIFIED.,.F.,.F.,(4,3,4),(-1.25411838569492,-1.16817243833275,
-1.15236244788582),.UNSPECIFIED.);
#460=B_SPLINE_CURVE_WITH_KNOTS('',3,(#3145,#3146,#3147,#3148),
 .UNSPECIFIED.,.F.,.F.,(4,4),(-5.81359716150777,0.),.UNSPECIFIED.);
#461=B_SPLINE_CURVE_WITH_KNOTS('',3,(#3150,#3151,#3152,#3153),
 .UNSPECIFIED.,.F.,.F.,(4,4),(0.470427354803394,0.529572680569115),
 .UNSPECIFIED.);
#462=B_SPLINE_CURVE_WITH_KNOTS('',3,(#3155,#3156,#3157,#3158),
 .UNSPECIFIED.,.F.,.F.,(4,4),(-4.10791624384537,-0.435915163204743),
 .UNSPECIFIED.);
#463=B_SPLINE_CURVE_WITH_KNOTS('',3,(#3159,#3160,#3161,#3162,#3163,#3164,
#3165,#3166,#3167,#3168),.UNSPECIFIED.,.F.,.F.,(4,3,3,4),(5.9281012088357,
6.01359673404198,6.01881712561418,6.03076909309956),.UNSPECIFIED.);
#464=B_SPLINE_CURVE_WITH_KNOTS('',3,(#3170,#3171,#3172,#3173),
 .UNSPECIFIED.,.F.,.F.,(4,4),(-0.535783908049416,-0.464216135428086),
 .UNSPECIFIED.);
#465=B_SPLINE_CURVE_WITH_KNOTS('',3,(#3214,#3215,#3216,#3217,#3218,#3219,
#3220,#3221,#3222,#3223),.UNSPECIFIED.,.F.,.F.,(4,1,1,1,1,1,1,4),(0.135869251332679,
0.239906606544264,0.343943961755848,0.447981316967432,0.552018672179016,
0.708074704996393,0.760093382602185,0.864130737813769),.UNSPECIFIED.);
#466=B_SPLINE_CURVE_WITH_KNOTS('',3,(#3328,#3329,#3330,#3331,#3332,#3333,
#3334,#3335,#3336,#3337,#3338,#3339,#3340,#3341),.UNSPECIFIED.,.F.,.F.,
(4,1,1,1,1,1,1,1,1,1,1,4),(0.,0.0357142857142861,0.0714285714285723,0.142857142857145,
0.285714285714289,0.428571428571434,0.571428571428578,0.714285714285723,
0.857142857142867,0.928571428571439,0.964285714285725,1.00000000000001),
 .UNSPECIFIED.);
#467=VERTEX_POINT('',#1571);
#468=VERTEX_POINT('',#1572);
#469=VERTEX_POINT('',#1577);
#470=VERTEX_POINT('',#1579);
#471=VERTEX_POINT('',#1581);
#472=VERTEX_POINT('',#1588);
#473=VERTEX_POINT('',#1607);
#474=VERTEX_POINT('',#1609);
#475=VERTEX_POINT('',#1626);
#476=VERTEX_POINT('',#1630);
#477=VERTEX_POINT('',#1631);
#478=VERTEX_POINT('',#1650);
#479=VERTEX_POINT('',#1652);
#480=VERTEX_POINT('',#1671);
#481=VERTEX_POINT('',#1672);
#482=VERTEX_POINT('',#1679);
#483=VERTEX_POINT('',#1684);
#484=VERTEX_POINT('',#1703);
#485=VERTEX_POINT('',#1705);
#486=VERTEX_POINT('',#1722);
#487=VERTEX_POINT('',#1723);
#488=VERTEX_POINT('',#1744);
#489=VERTEX_POINT('',#1746);
#490=VERTEX_POINT('',#1765);
#491=VERTEX_POINT('',#1812);
#492=VERTEX_POINT('',#1819);
#493=VERTEX_POINT('',#1821);
#494=VERTEX_POINT('',#1837);
#495=VERTEX_POINT('',#1878);
#496=VERTEX_POINT('',#1893);
#497=VERTEX_POINT('',#2038);
#498=VERTEX_POINT('',#2054);
#499=VERTEX_POINT('',#2063);
#500=VERTEX_POINT('',#2110);
#501=VERTEX_POINT('',#2117);
#502=VERTEX_POINT('',#2124);
#503=VERTEX_POINT('',#2140);
#504=VERTEX_POINT('',#2259);
#505=VERTEX_POINT('',#2260);
#506=VERTEX_POINT('',#2361);
#507=VERTEX_POINT('',#2434);
#508=VERTEX_POINT('',#2435);
#509=VERTEX_POINT('',#2437);
#510=VERTEX_POINT('',#2439);
#511=VERTEX_POINT('',#2445);
#512=VERTEX_POINT('',#2468);
#513=VERTEX_POINT('',#2472);
#514=VERTEX_POINT('',#2473);
#515=VERTEX_POINT('',#2475);
#516=VERTEX_POINT('',#2477);
#517=VERTEX_POINT('',#2483);
#518=VERTEX_POINT('',#2484);
#519=VERTEX_POINT('',#2486);
#520=VERTEX_POINT('',#2490);
#521=VERTEX_POINT('',#2523);
#522=VERTEX_POINT('',#2526);
#523=VERTEX_POINT('',#2527);
#524=VERTEX_POINT('',#2535);
#525=VERTEX_POINT('',#2538);
#526=VERTEX_POINT('',#2539);
#527=VERTEX_POINT('',#2541);
#528=VERTEX_POINT('',#2543);
#529=VERTEX_POINT('',#2549);
#530=VERTEX_POINT('',#2574);
#531=VERTEX_POINT('',#2578);
#532=VERTEX_POINT('',#2579);
#533=VERTEX_POINT('',#2581);
#534=VERTEX_POINT('',#2583);
#535=VERTEX_POINT('',#2589);
#536=VERTEX_POINT('',#2616);
#537=VERTEX_POINT('',#2620);
#538=VERTEX_POINT('',#2623);
#539=VERTEX_POINT('',#2626);
#540=VERTEX_POINT('',#2627);
#541=VERTEX_POINT('',#2634);
#542=VERTEX_POINT('',#2641);
#543=VERTEX_POINT('',#2644);
#544=VERTEX_POINT('',#2646);
#545=VERTEX_POINT('',#2652);
#546=VERTEX_POINT('',#2654);
#547=VERTEX_POINT('',#2660);
#548=VERTEX_POINT('',#2661);
#549=VERTEX_POINT('',#2674);
#550=VERTEX_POINT('',#2676);
#551=VERTEX_POINT('',#2678);
#552=VERTEX_POINT('',#2680);
#553=VERTEX_POINT('',#2739);
#554=VERTEX_POINT('',#2790);
#555=VERTEX_POINT('',#2810);
#556=VERTEX_POINT('',#2817);
#557=VERTEX_POINT('',#2834);
#558=VERTEX_POINT('',#2836);
#559=VERTEX_POINT('',#2865);
#560=VERTEX_POINT('',#2866);
#561=VERTEX_POINT('',#2872);
#562=VERTEX_POINT('',#2874);
#563=VERTEX_POINT('',#2939);
#564=VERTEX_POINT('',#2940);
#565=VERTEX_POINT('',#2955);
#566=VERTEX_POINT('',#2968);
#567=VERTEX_POINT('',#2991);
#568=VERTEX_POINT('',#2993);
#569=VERTEX_POINT('',#2995);
#570=VERTEX_POINT('',#2997);
#571=VERTEX_POINT('',#3036);
#572=VERTEX_POINT('',#3040);
#573=VERTEX_POINT('',#3044);
#574=VERTEX_POINT('',#3046);
#575=VERTEX_POINT('',#3050);
#576=VERTEX_POINT('',#3052);
#577=VERTEX_POINT('',#3055);
#578=VERTEX_POINT('',#3057);
#579=VERTEX_POINT('',#3061);
#580=VERTEX_POINT('',#3063);
#581=VERTEX_POINT('',#3136);
#582=VERTEX_POINT('',#3144);
#583=VERTEX_POINT('',#3149);
#584=VERTEX_POINT('',#3154);
#585=EDGE_CURVE('',#467,#468,#413,.T.);
#586=EDGE_CURVE('',#467,#469,#289,.T.);
#587=EDGE_CURVE('',#469,#470,#290,.T.);
#588=EDGE_CURVE('',#470,#471,#291,.T.);
#589=EDGE_CURVE('',#468,#471,#414,.T.);
#590=EDGE_CURVE('',#472,#467,#415,.T.);
#591=EDGE_CURVE('',#473,#472,#292,.T.);
#592=EDGE_CURVE('',#474,#473,#416,.T.);
#593=EDGE_CURVE('',#475,#474,#293,.T.);
#594=EDGE_CURVE('',#475,#469,#80,.T.);
#595=EDGE_CURVE('',#476,#477,#417,.T.);
#596=EDGE_CURVE('',#478,#476,#294,.T.);
#597=EDGE_CURVE('',#479,#478,#418,.T.);
#598=EDGE_CURVE('',#479,#477,#295,.T.);
#599=EDGE_CURVE('',#480,#481,#419,.T.);
#600=EDGE_CURVE('',#482,#480,#296,.T.);
#601=EDGE_CURVE('',#470,#482,#81,.T.);
#602=EDGE_CURVE('',#481,#475,#297,.T.);
#603=EDGE_CURVE('',#471,#483,#420,.T.);
#604=EDGE_CURVE('',#482,#484,#298,.T.);
#605=EDGE_CURVE('',#485,#484,#421,.T.);
#606=EDGE_CURVE('',#485,#483,#299,.T.);
#607=EDGE_CURVE('',#486,#487,#422,.T.);
#608=EDGE_CURVE('',#488,#486,#300,.T.);
#609=EDGE_CURVE('',#489,#488,#423,.T.);
#610=EDGE_CURVE('',#489,#487,#301,.T.);
#611=EDGE_CURVE('',#490,#476,#424,.T.);
#612=EDGE_CURVE('',#487,#490,#425,.T.);
#613=EDGE_CURVE('',#478,#489,#426,.T.);
#614=EDGE_CURVE('',#477,#472,#427,.T.);
#615=EDGE_CURVE('',#491,#468,#428,.T.);
#616=EDGE_CURVE('',#492,#491,#302,.T.);
#617=EDGE_CURVE('',#493,#492,#44,.T.);
#618=EDGE_CURVE('',#493,#494,#303,.T.);
#619=EDGE_CURVE('',#490,#494,#429,.T.);
#620=EDGE_CURVE('',#488,#495,#45,.T.);
#621=EDGE_CURVE('',#496,#495,#304,.T.);
#622=EDGE_CURVE('',#496,#479,#430,.T.);
#623=EDGE_CURVE('',#496,#497,#46,.T.);
#624=EDGE_CURVE('',#498,#497,#431,.T.);
#625=EDGE_CURVE('',#499,#498,#432,.T.);
#626=EDGE_CURVE('',#481,#499,#433,.T.);
#627=EDGE_CURVE('',#473,#474,#434,.T.);
#628=EDGE_CURVE('',#484,#485,#47,.T.);
#629=EDGE_CURVE('',#500,#480,#48,.T.);
#630=EDGE_CURVE('',#501,#500,#49,.T.);
#631=EDGE_CURVE('',#502,#501,#50,.T.);
#632=EDGE_CURVE('',#503,#502,#51,.T.);
#633=EDGE_CURVE('',#495,#503,#52,.T.);
#634=EDGE_CURVE('',#483,#486,#435,.T.);
#635=EDGE_CURVE('',#499,#500,#305,.T.);
#636=EDGE_CURVE('',#504,#505,#53,.T.);
#637=EDGE_CURVE('',#505,#497,#306,.T.);
#638=EDGE_CURVE('',#504,#496,#307,.T.);
#639=EDGE_CURVE('',#498,#501,#308,.T.);
#640=EDGE_CURVE('',#504,#506,#54,.T.);
#641=EDGE_CURVE('',#506,#503,#309,.T.);
#642=EDGE_CURVE('',#497,#502,#310,.T.);
#643=EDGE_CURVE('',#506,#505,#55,.T.);
#644=EDGE_CURVE('',#507,#508,#311,.T.);
#645=EDGE_CURVE('',#507,#509,#312,.T.);
#646=EDGE_CURVE('',#510,#509,#313,.T.);
#647=EDGE_CURVE('',#508,#510,#56,.T.);
#648=EDGE_CURVE('',#510,#511,#436,.T.);
#649=EDGE_CURVE('',#509,#512,#82,.T.);
#650=EDGE_CURVE('',#511,#512,#314,.T.);
#651=EDGE_CURVE('',#513,#514,#315,.T.);
#652=EDGE_CURVE('',#513,#515,#316,.T.);
#653=EDGE_CURVE('',#516,#515,#317,.T.);
#654=EDGE_CURVE('',#514,#516,#57,.T.);
#655=EDGE_CURVE('',#517,#518,#318,.T.);
#656=EDGE_CURVE('',#519,#517,#58,.T.);
#657=EDGE_CURVE('',#519,#520,#319,.T.);
#658=EDGE_CURVE('',#520,#518,#320,.T.);
#659=EDGE_CURVE('',#516,#519,#437,.T.);
#660=EDGE_CURVE('',#515,#520,#83,.T.);
#661=EDGE_CURVE('',#518,#513,#84,.T.);
#662=EDGE_CURVE('',#521,#521,#85,.T.);
#663=EDGE_CURVE('',#522,#523,#321,.T.);
#664=EDGE_CURVE('',#511,#522,#59,.T.);
#665=EDGE_CURVE('',#512,#523,#322,.T.);
#666=EDGE_CURVE('',#523,#507,#86,.T.);
#667=EDGE_CURVE('',#524,#524,#87,.T.);
#668=EDGE_CURVE('',#525,#526,#323,.T.);
#669=EDGE_CURVE('',#525,#527,#324,.T.);
#670=EDGE_CURVE('',#528,#527,#325,.T.);
#671=EDGE_CURVE('',#526,#528,#60,.T.);
#672=EDGE_CURVE('',#528,#529,#438,.T.);
#673=EDGE_CURVE('',#527,#530,#88,.T.);
#674=EDGE_CURVE('',#529,#530,#326,.T.);
#675=EDGE_CURVE('',#531,#532,#327,.T.);
#676=EDGE_CURVE('',#531,#533,#328,.T.);
#677=EDGE_CURVE('',#534,#533,#329,.T.);
#678=EDGE_CURVE('',#532,#534,#61,.T.);
#679=EDGE_CURVE('',#534,#535,#439,.T.);
#680=EDGE_CURVE('',#533,#536,#89,.T.);
#681=EDGE_CURVE('',#535,#536,#330,.T.);
#682=EDGE_CURVE('',#537,#531,#90,.T.);
#683=EDGE_CURVE('',#536,#537,#331,.T.);
#684=EDGE_CURVE('',#538,#538,#91,.T.);
#685=EDGE_CURVE('',#539,#540,#332,.T.);
#686=EDGE_CURVE('',#529,#539,#62,.T.);
#687=EDGE_CURVE('',#530,#540,#333,.T.);
#688=EDGE_CURVE('',#541,#537,#334,.T.);
#689=EDGE_CURVE('',#535,#541,#63,.T.);
#690=EDGE_CURVE('',#540,#525,#92,.T.);
#691=EDGE_CURVE('',#542,#542,#93,.T.);
#692=EDGE_CURVE('',#543,#543,#94,.T.);
#693=EDGE_CURVE('',#543,#544,#335,.T.);
#694=EDGE_CURVE('',#544,#514,#95,.T.);
#695=EDGE_CURVE('',#517,#508,#96,.T.);
#696=EDGE_CURVE('',#522,#544,#97,.T.);
#697=EDGE_CURVE('',#545,#545,#98,.T.);
#698=EDGE_CURVE('',#545,#546,#336,.T.);
#699=EDGE_CURVE('',#546,#532,#99,.T.);
#700=EDGE_CURVE('',#541,#526,#100,.T.);
#701=EDGE_CURVE('',#539,#546,#101,.T.);
#702=EDGE_CURVE('',#547,#548,#440,.T.);
#703=EDGE_CURVE('',#547,#549,#102,.T.);
#704=EDGE_CURVE('',#549,#550,#103,.T.);
#705=EDGE_CURVE('',#550,#551,#104,.T.);
#706=EDGE_CURVE('',#551,#552,#441,.T.);
#707=EDGE_CURVE('',#552,#553,#105,.T.);
#708=EDGE_CURVE('',#548,#553,#442,.T.);
#709=EDGE_CURVE('',#551,#550,#443,.T.);
#710=EDGE_CURVE('',#549,#552,#444,.T.);
#711=EDGE_CURVE('',#491,#552,#337,.T.);
#712=EDGE_CURVE('',#554,#491,#445,.T.);
#713=EDGE_CURVE('',#553,#554,#446,.T.);
#714=EDGE_CURVE('',#555,#547,#447,.T.);
#715=EDGE_CURVE('',#556,#555,#448,.T.);
#716=EDGE_CURVE('',#557,#556,#338,.T.);
#717=EDGE_CURVE('',#557,#558,#106,.T.);
#718=EDGE_CURVE('',#558,#549,#339,.T.);
#719=EDGE_CURVE('',#559,#560,#449,.T.);
#720=EDGE_CURVE('',#560,#561,#107,.T.);
#721=EDGE_CURVE('',#561,#562,#450,.T.);
#722=EDGE_CURVE('',#562,#559,#451,.T.);
#723=EDGE_CURVE('',#563,#564,#452,.T.);
#724=EDGE_CURVE('',#563,#559,#108,.T.);
#725=EDGE_CURVE('',#562,#561,#109,.T.);
#726=EDGE_CURVE('',#560,#565,#110,.T.);
#727=EDGE_CURVE('',#564,#565,#453,.T.);
#728=EDGE_CURVE('',#566,#563,#454,.T.);
#729=EDGE_CURVE('',#494,#566,#455,.T.);
#730=EDGE_CURVE('',#494,#559,#340,.T.);
#731=EDGE_CURVE('',#567,#560,#341,.T.);
#732=EDGE_CURVE('',#567,#568,#111,.T.);
#733=EDGE_CURVE('',#568,#569,#342,.T.);
#734=EDGE_CURVE('',#570,#569,#456,.T.);
#735=EDGE_CURVE('',#565,#570,#457,.T.);
#736=EDGE_CURVE('',#567,#493,#64,.T.);
#737=EDGE_CURVE('',#546,#571,#343,.T.);
#738=EDGE_CURVE('',#571,#571,#112,.T.);
#739=EDGE_CURVE('',#544,#572,#344,.T.);
#740=EDGE_CURVE('',#572,#572,#113,.T.);
#741=EDGE_CURVE('',#573,#573,#114,.T.);
#742=EDGE_CURVE('',#573,#574,#345,.T.);
#743=EDGE_CURVE('',#574,#574,#115,.T.);
#744=EDGE_CURVE('',#575,#575,#116,.T.);
#745=EDGE_CURVE('',#576,#576,#117,.T.);
#746=EDGE_CURVE('',#577,#577,#118,.T.);
#747=EDGE_CURVE('',#577,#578,#346,.T.);
#748=EDGE_CURVE('',#578,#578,#119,.T.);
#749=EDGE_CURVE('',#579,#579,#120,.T.);
#750=EDGE_CURVE('',#580,#580,#121,.T.);
#751=EDGE_CURVE('',#524,#579,#347,.T.);
#752=EDGE_CURVE('',#521,#580,#348,.T.);
#753=EDGE_CURVE('',#538,#575,#349,.T.);
#754=EDGE_CURVE('',#542,#576,#350,.T.);
#755=EDGE_CURVE('',#492,#558,#65,.T.);
#756=EDGE_CURVE('',#554,#566,#458,.T.);
#757=EDGE_CURVE('',#564,#581,#459,.F.);
#758=EDGE_CURVE('',#581,#582,#460,.T.);
#759=EDGE_CURVE('',#582,#583,#461,.T.);
#760=EDGE_CURVE('',#583,#584,#462,.T.);
#761=EDGE_CURVE('',#548,#584,#463,.F.);
#762=EDGE_CURVE('',#583,#582,#464,.T.);
#763=EDGE_CURVE('',#570,#555,#465,.T.);
#764=EDGE_CURVE('',#569,#556,#466,.T.);
#765=EDGE_CURVE('',#568,#557,#66,.T.);
#766=ORIENTED_EDGE('',*,*,#585,.F.);
#767=ORIENTED_EDGE('',*,*,#586,.T.);
#768=ORIENTED_EDGE('',*,*,#587,.T.);
#769=ORIENTED_EDGE('',*,*,#588,.T.);
#770=ORIENTED_EDGE('',*,*,#589,.F.);
#771=ORIENTED_EDGE('',*,*,#590,.F.);
#772=ORIENTED_EDGE('',*,*,#591,.F.);
#773=ORIENTED_EDGE('',*,*,#592,.F.);
#774=ORIENTED_EDGE('',*,*,#593,.F.);
#775=ORIENTED_EDGE('',*,*,#594,.T.);
#776=ORIENTED_EDGE('',*,*,#586,.F.);
#777=ORIENTED_EDGE('',*,*,#595,.F.);
#778=ORIENTED_EDGE('',*,*,#596,.F.);
#779=ORIENTED_EDGE('',*,*,#597,.F.);
#780=ORIENTED_EDGE('',*,*,#598,.T.);
#781=ORIENTED_EDGE('',*,*,#599,.F.);
#782=ORIENTED_EDGE('',*,*,#600,.F.);
#783=ORIENTED_EDGE('',*,*,#601,.F.);
#784=ORIENTED_EDGE('',*,*,#587,.F.);
#785=ORIENTED_EDGE('',*,*,#594,.F.);
#786=ORIENTED_EDGE('',*,*,#602,.F.);
#787=ORIENTED_EDGE('',*,*,#603,.F.);
#788=ORIENTED_EDGE('',*,*,#588,.F.);
#789=ORIENTED_EDGE('',*,*,#601,.T.);
#790=ORIENTED_EDGE('',*,*,#604,.T.);
#791=ORIENTED_EDGE('',*,*,#605,.F.);
#792=ORIENTED_EDGE('',*,*,#606,.T.);
#793=ORIENTED_EDGE('',*,*,#607,.F.);
#794=ORIENTED_EDGE('',*,*,#608,.F.);
#795=ORIENTED_EDGE('',*,*,#609,.F.);
#796=ORIENTED_EDGE('',*,*,#610,.T.);
#797=ORIENTED_EDGE('',*,*,#611,.F.);
#798=ORIENTED_EDGE('',*,*,#612,.F.);
#799=ORIENTED_EDGE('',*,*,#610,.F.);
#800=ORIENTED_EDGE('',*,*,#613,.F.);
#801=ORIENTED_EDGE('',*,*,#596,.T.);
#802=ORIENTED_EDGE('',*,*,#611,.T.);
#803=ORIENTED_EDGE('',*,*,#595,.T.);
#804=ORIENTED_EDGE('',*,*,#614,.T.);
#805=ORIENTED_EDGE('',*,*,#590,.T.);
#806=ORIENTED_EDGE('',*,*,#585,.T.);
#807=ORIENTED_EDGE('',*,*,#615,.F.);
#808=ORIENTED_EDGE('',*,*,#616,.F.);
#809=ORIENTED_EDGE('',*,*,#617,.F.);
#810=ORIENTED_EDGE('',*,*,#618,.T.);
#811=ORIENTED_EDGE('',*,*,#619,.F.);
#812=ORIENTED_EDGE('',*,*,#597,.T.);
#813=ORIENTED_EDGE('',*,*,#613,.T.);
#814=ORIENTED_EDGE('',*,*,#609,.T.);
#815=ORIENTED_EDGE('',*,*,#620,.T.);
#816=ORIENTED_EDGE('',*,*,#621,.F.);
#817=ORIENTED_EDGE('',*,*,#622,.T.);
#818=ORIENTED_EDGE('',*,*,#622,.F.);
#819=ORIENTED_EDGE('',*,*,#623,.T.);
#820=ORIENTED_EDGE('',*,*,#624,.F.);
#821=ORIENTED_EDGE('',*,*,#625,.F.);
#822=ORIENTED_EDGE('',*,*,#626,.F.);
#823=ORIENTED_EDGE('',*,*,#602,.T.);
#824=ORIENTED_EDGE('',*,*,#593,.T.);
#825=ORIENTED_EDGE('',*,*,#627,.F.);
#826=ORIENTED_EDGE('',*,*,#591,.T.);
#827=ORIENTED_EDGE('',*,*,#614,.F.);
#828=ORIENTED_EDGE('',*,*,#598,.F.);
#829=ORIENTED_EDGE('',*,*,#628,.F.);
#830=ORIENTED_EDGE('',*,*,#604,.F.);
#831=ORIENTED_EDGE('',*,*,#600,.T.);
#832=ORIENTED_EDGE('',*,*,#629,.F.);
#833=ORIENTED_EDGE('',*,*,#630,.F.);
#834=ORIENTED_EDGE('',*,*,#631,.F.);
#835=ORIENTED_EDGE('',*,*,#632,.F.);
#836=ORIENTED_EDGE('',*,*,#633,.F.);
#837=ORIENTED_EDGE('',*,*,#620,.F.);
#838=ORIENTED_EDGE('',*,*,#608,.T.);
#839=ORIENTED_EDGE('',*,*,#634,.F.);
#840=ORIENTED_EDGE('',*,*,#606,.F.);
#841=ORIENTED_EDGE('',*,*,#605,.T.);
#842=ORIENTED_EDGE('',*,*,#628,.T.);
#843=ORIENTED_EDGE('',*,*,#599,.T.);
#844=ORIENTED_EDGE('',*,*,#626,.T.);
#845=ORIENTED_EDGE('',*,*,#635,.T.);
#846=ORIENTED_EDGE('',*,*,#629,.T.);
#847=ORIENTED_EDGE('',*,*,#636,.T.);
#848=ORIENTED_EDGE('',*,*,#637,.T.);
#849=ORIENTED_EDGE('',*,*,#623,.F.);
#850=ORIENTED_EDGE('',*,*,#638,.F.);
#851=ORIENTED_EDGE('',*,*,#592,.T.);
#852=ORIENTED_EDGE('',*,*,#627,.T.);
#853=ORIENTED_EDGE('',*,*,#625,.T.);
#854=ORIENTED_EDGE('',*,*,#639,.T.);
#855=ORIENTED_EDGE('',*,*,#630,.T.);
#856=ORIENTED_EDGE('',*,*,#635,.F.);
#857=ORIENTED_EDGE('',*,*,#640,.F.);
#858=ORIENTED_EDGE('',*,*,#638,.T.);
#859=ORIENTED_EDGE('',*,*,#621,.T.);
#860=ORIENTED_EDGE('',*,*,#633,.T.);
#861=ORIENTED_EDGE('',*,*,#641,.F.);
#862=ORIENTED_EDGE('',*,*,#624,.T.);
#863=ORIENTED_EDGE('',*,*,#642,.T.);
#864=ORIENTED_EDGE('',*,*,#631,.T.);
#865=ORIENTED_EDGE('',*,*,#639,.F.);
#866=ORIENTED_EDGE('',*,*,#643,.F.);
#867=ORIENTED_EDGE('',*,*,#641,.T.);
#868=ORIENTED_EDGE('',*,*,#632,.T.);
#869=ORIENTED_EDGE('',*,*,#642,.F.);
#870=ORIENTED_EDGE('',*,*,#637,.F.);
#871=ORIENTED_EDGE('',*,*,#644,.F.);
#872=ORIENTED_EDGE('',*,*,#645,.T.);
#873=ORIENTED_EDGE('',*,*,#646,.F.);
#874=ORIENTED_EDGE('',*,*,#647,.F.);
#875=ORIENTED_EDGE('',*,*,#648,.F.);
#876=ORIENTED_EDGE('',*,*,#646,.T.);
#877=ORIENTED_EDGE('',*,*,#649,.T.);
#878=ORIENTED_EDGE('',*,*,#650,.F.);
#879=ORIENTED_EDGE('',*,*,#651,.F.);
#880=ORIENTED_EDGE('',*,*,#652,.T.);
#881=ORIENTED_EDGE('',*,*,#653,.F.);
#882=ORIENTED_EDGE('',*,*,#654,.F.);
#883=ORIENTED_EDGE('',*,*,#655,.F.);
#884=ORIENTED_EDGE('',*,*,#656,.F.);
#885=ORIENTED_EDGE('',*,*,#657,.T.);
#886=ORIENTED_EDGE('',*,*,#658,.T.);
#887=ORIENTED_EDGE('',*,*,#659,.F.);
#888=ORIENTED_EDGE('',*,*,#653,.T.);
#889=ORIENTED_EDGE('',*,*,#660,.T.);
#890=ORIENTED_EDGE('',*,*,#657,.F.);
#891=ORIENTED_EDGE('',*,*,#661,.F.);
#892=ORIENTED_EDGE('',*,*,#658,.F.);
#893=ORIENTED_EDGE('',*,*,#660,.F.);
#894=ORIENTED_EDGE('',*,*,#652,.F.);
#895=ORIENTED_EDGE('',*,*,#662,.F.);
#896=ORIENTED_EDGE('',*,*,#663,.F.);
#897=ORIENTED_EDGE('',*,*,#664,.F.);
#898=ORIENTED_EDGE('',*,*,#650,.T.);
#899=ORIENTED_EDGE('',*,*,#665,.T.);
#900=ORIENTED_EDGE('',*,*,#666,.F.);
#901=ORIENTED_EDGE('',*,*,#665,.F.);
#902=ORIENTED_EDGE('',*,*,#649,.F.);
#903=ORIENTED_EDGE('',*,*,#645,.F.);
#904=ORIENTED_EDGE('',*,*,#667,.F.);
#905=ORIENTED_EDGE('',*,*,#668,.F.);
#906=ORIENTED_EDGE('',*,*,#669,.T.);
#907=ORIENTED_EDGE('',*,*,#670,.F.);
#908=ORIENTED_EDGE('',*,*,#671,.F.);
#909=ORIENTED_EDGE('',*,*,#672,.F.);
#910=ORIENTED_EDGE('',*,*,#670,.T.);
#911=ORIENTED_EDGE('',*,*,#673,.T.);
#912=ORIENTED_EDGE('',*,*,#674,.F.);
#913=ORIENTED_EDGE('',*,*,#675,.F.);
#914=ORIENTED_EDGE('',*,*,#676,.T.);
#915=ORIENTED_EDGE('',*,*,#677,.F.);
#916=ORIENTED_EDGE('',*,*,#678,.F.);
#917=ORIENTED_EDGE('',*,*,#679,.F.);
#918=ORIENTED_EDGE('',*,*,#677,.T.);
#919=ORIENTED_EDGE('',*,*,#680,.T.);
#920=ORIENTED_EDGE('',*,*,#681,.F.);
#921=ORIENTED_EDGE('',*,*,#682,.F.);
#922=ORIENTED_EDGE('',*,*,#683,.F.);
#923=ORIENTED_EDGE('',*,*,#680,.F.);
#924=ORIENTED_EDGE('',*,*,#676,.F.);
#925=ORIENTED_EDGE('',*,*,#684,.F.);
#926=ORIENTED_EDGE('',*,*,#685,.F.);
#927=ORIENTED_EDGE('',*,*,#686,.F.);
#928=ORIENTED_EDGE('',*,*,#674,.T.);
#929=ORIENTED_EDGE('',*,*,#687,.T.);
#930=ORIENTED_EDGE('',*,*,#688,.F.);
#931=ORIENTED_EDGE('',*,*,#689,.F.);
#932=ORIENTED_EDGE('',*,*,#681,.T.);
#933=ORIENTED_EDGE('',*,*,#683,.T.);
#934=ORIENTED_EDGE('',*,*,#690,.F.);
#935=ORIENTED_EDGE('',*,*,#687,.F.);
#936=ORIENTED_EDGE('',*,*,#673,.F.);
#937=ORIENTED_EDGE('',*,*,#669,.F.);
#938=ORIENTED_EDGE('',*,*,#691,.F.);
#939=ORIENTED_EDGE('',*,*,#692,.T.);
#940=ORIENTED_EDGE('',*,*,#693,.T.);
#941=ORIENTED_EDGE('',*,*,#694,.T.);
#942=ORIENTED_EDGE('',*,*,#654,.T.);
#943=ORIENTED_EDGE('',*,*,#659,.T.);
#944=ORIENTED_EDGE('',*,*,#656,.T.);
#945=ORIENTED_EDGE('',*,*,#695,.T.);
#946=ORIENTED_EDGE('',*,*,#647,.T.);
#947=ORIENTED_EDGE('',*,*,#648,.T.);
#948=ORIENTED_EDGE('',*,*,#664,.T.);
#949=ORIENTED_EDGE('',*,*,#696,.T.);
#950=ORIENTED_EDGE('',*,*,#693,.F.);
#951=ORIENTED_EDGE('',*,*,#697,.T.);
#952=ORIENTED_EDGE('',*,*,#698,.T.);
#953=ORIENTED_EDGE('',*,*,#699,.T.);
#954=ORIENTED_EDGE('',*,*,#678,.T.);
#955=ORIENTED_EDGE('',*,*,#679,.T.);
#956=ORIENTED_EDGE('',*,*,#689,.T.);
#957=ORIENTED_EDGE('',*,*,#700,.T.);
#958=ORIENTED_EDGE('',*,*,#671,.T.);
#959=ORIENTED_EDGE('',*,*,#672,.T.);
#960=ORIENTED_EDGE('',*,*,#686,.T.);
#961=ORIENTED_EDGE('',*,*,#701,.T.);
#962=ORIENTED_EDGE('',*,*,#698,.F.);
#963=ORIENTED_EDGE('',*,*,#702,.F.);
#964=ORIENTED_EDGE('',*,*,#703,.T.);
#965=ORIENTED_EDGE('',*,*,#704,.T.);
#966=ORIENTED_EDGE('',*,*,#705,.T.);
#967=ORIENTED_EDGE('',*,*,#706,.T.);
#968=ORIENTED_EDGE('',*,*,#707,.T.);
#969=ORIENTED_EDGE('',*,*,#708,.F.);
#970=ORIENTED_EDGE('',*,*,#709,.T.);
#971=ORIENTED_EDGE('',*,*,#704,.F.);
#972=ORIENTED_EDGE('',*,*,#710,.T.);
#973=ORIENTED_EDGE('',*,*,#706,.F.);
#974=ORIENTED_EDGE('',*,*,#707,.F.);
#975=ORIENTED_EDGE('',*,*,#711,.F.);
#976=ORIENTED_EDGE('',*,*,#712,.F.);
#977=ORIENTED_EDGE('',*,*,#713,.F.);
#978=ORIENTED_EDGE('',*,*,#703,.F.);
#979=ORIENTED_EDGE('',*,*,#714,.F.);
#980=ORIENTED_EDGE('',*,*,#715,.F.);
#981=ORIENTED_EDGE('',*,*,#716,.F.);
#982=ORIENTED_EDGE('',*,*,#717,.T.);
#983=ORIENTED_EDGE('',*,*,#718,.T.);
#984=ORIENTED_EDGE('',*,*,#705,.F.);
#985=ORIENTED_EDGE('',*,*,#709,.F.);
#986=ORIENTED_EDGE('',*,*,#697,.F.);
#987=ORIENTED_EDGE('',*,*,#719,.T.);
#988=ORIENTED_EDGE('',*,*,#720,.T.);
#989=ORIENTED_EDGE('',*,*,#721,.T.);
#990=ORIENTED_EDGE('',*,*,#722,.T.);
#991=ORIENTED_EDGE('',*,*,#723,.F.);
#992=ORIENTED_EDGE('',*,*,#724,.T.);
#993=ORIENTED_EDGE('',*,*,#722,.F.);
#994=ORIENTED_EDGE('',*,*,#725,.T.);
#995=ORIENTED_EDGE('',*,*,#720,.F.);
#996=ORIENTED_EDGE('',*,*,#726,.T.);
#997=ORIENTED_EDGE('',*,*,#727,.F.);
#998=ORIENTED_EDGE('',*,*,#724,.F.);
#999=ORIENTED_EDGE('',*,*,#728,.F.);
#1000=ORIENTED_EDGE('',*,*,#729,.F.);
#1001=ORIENTED_EDGE('',*,*,#730,.T.);
#1002=ORIENTED_EDGE('',*,*,#726,.F.);
#1003=ORIENTED_EDGE('',*,*,#731,.F.);
#1004=ORIENTED_EDGE('',*,*,#732,.T.);
#1005=ORIENTED_EDGE('',*,*,#733,.T.);
#1006=ORIENTED_EDGE('',*,*,#734,.F.);
#1007=ORIENTED_EDGE('',*,*,#735,.F.);
#1008=ORIENTED_EDGE('',*,*,#719,.F.);
#1009=ORIENTED_EDGE('',*,*,#730,.F.);
#1010=ORIENTED_EDGE('',*,*,#618,.F.);
#1011=ORIENTED_EDGE('',*,*,#736,.F.);
#1012=ORIENTED_EDGE('',*,*,#731,.T.);
#1013=ORIENTED_EDGE('',*,*,#721,.F.);
#1014=ORIENTED_EDGE('',*,*,#725,.F.);
#1015=ORIENTED_EDGE('',*,*,#692,.F.);
#1016=ORIENTED_EDGE('',*,*,#668,.T.);
#1017=ORIENTED_EDGE('',*,*,#700,.F.);
#1018=ORIENTED_EDGE('',*,*,#688,.T.);
#1019=ORIENTED_EDGE('',*,*,#682,.T.);
#1020=ORIENTED_EDGE('',*,*,#675,.T.);
#1021=ORIENTED_EDGE('',*,*,#699,.F.);
#1022=ORIENTED_EDGE('',*,*,#737,.T.);
#1023=ORIENTED_EDGE('',*,*,#738,.T.);
#1024=ORIENTED_EDGE('',*,*,#737,.F.);
#1025=ORIENTED_EDGE('',*,*,#701,.F.);
#1026=ORIENTED_EDGE('',*,*,#685,.T.);
#1027=ORIENTED_EDGE('',*,*,#690,.T.);
#1028=ORIENTED_EDGE('',*,*,#644,.T.);
#1029=ORIENTED_EDGE('',*,*,#695,.F.);
#1030=ORIENTED_EDGE('',*,*,#655,.T.);
#1031=ORIENTED_EDGE('',*,*,#661,.T.);
#1032=ORIENTED_EDGE('',*,*,#651,.T.);
#1033=ORIENTED_EDGE('',*,*,#694,.F.);
#1034=ORIENTED_EDGE('',*,*,#739,.T.);
#1035=ORIENTED_EDGE('',*,*,#740,.T.);
#1036=ORIENTED_EDGE('',*,*,#739,.F.);
#1037=ORIENTED_EDGE('',*,*,#696,.F.);
#1038=ORIENTED_EDGE('',*,*,#663,.T.);
#1039=ORIENTED_EDGE('',*,*,#666,.T.);
#1040=ORIENTED_EDGE('',*,*,#741,.F.);
#1041=ORIENTED_EDGE('',*,*,#742,.T.);
#1042=ORIENTED_EDGE('',*,*,#743,.T.);
#1043=ORIENTED_EDGE('',*,*,#742,.F.);
#1044=ORIENTED_EDGE('',*,*,#743,.F.);
#1045=ORIENTED_EDGE('',*,*,#738,.F.);
#1046=ORIENTED_EDGE('',*,*,#744,.F.);
#1047=ORIENTED_EDGE('',*,*,#745,.F.);
#1048=ORIENTED_EDGE('',*,*,#746,.F.);
#1049=ORIENTED_EDGE('',*,*,#747,.T.);
#1050=ORIENTED_EDGE('',*,*,#748,.T.);
#1051=ORIENTED_EDGE('',*,*,#747,.F.);
#1052=ORIENTED_EDGE('',*,*,#748,.F.);
#1053=ORIENTED_EDGE('',*,*,#749,.F.);
#1054=ORIENTED_EDGE('',*,*,#750,.F.);
#1055=ORIENTED_EDGE('',*,*,#740,.F.);
#1056=ORIENTED_EDGE('',*,*,#667,.T.);
#1057=ORIENTED_EDGE('',*,*,#751,.T.);
#1058=ORIENTED_EDGE('',*,*,#749,.T.);
#1059=ORIENTED_EDGE('',*,*,#751,.F.);
#1060=ORIENTED_EDGE('',*,*,#662,.T.);
#1061=ORIENTED_EDGE('',*,*,#752,.T.);
#1062=ORIENTED_EDGE('',*,*,#750,.T.);
#1063=ORIENTED_EDGE('',*,*,#752,.F.);
#1064=ORIENTED_EDGE('',*,*,#684,.T.);
#1065=ORIENTED_EDGE('',*,*,#753,.T.);
#1066=ORIENTED_EDGE('',*,*,#744,.T.);
#1067=ORIENTED_EDGE('',*,*,#753,.F.);
#1068=ORIENTED_EDGE('',*,*,#691,.T.);
#1069=ORIENTED_EDGE('',*,*,#754,.T.);
#1070=ORIENTED_EDGE('',*,*,#745,.T.);
#1071=ORIENTED_EDGE('',*,*,#754,.F.);
#1072=ORIENTED_EDGE('',*,*,#710,.F.);
#1073=ORIENTED_EDGE('',*,*,#718,.F.);
#1074=ORIENTED_EDGE('',*,*,#755,.F.);
#1075=ORIENTED_EDGE('',*,*,#616,.T.);
#1076=ORIENTED_EDGE('',*,*,#711,.T.);
#1077=ORIENTED_EDGE('',*,*,#713,.T.);
#1078=ORIENTED_EDGE('',*,*,#756,.T.);
#1079=ORIENTED_EDGE('',*,*,#728,.T.);
#1080=ORIENTED_EDGE('',*,*,#723,.T.);
#1081=ORIENTED_EDGE('',*,*,#757,.T.);
#1082=ORIENTED_EDGE('',*,*,#758,.T.);
#1083=ORIENTED_EDGE('',*,*,#759,.T.);
#1084=ORIENTED_EDGE('',*,*,#760,.T.);
#1085=ORIENTED_EDGE('',*,*,#761,.F.);
#1086=ORIENTED_EDGE('',*,*,#708,.T.);
#1087=ORIENTED_EDGE('',*,*,#759,.F.);
#1088=ORIENTED_EDGE('',*,*,#762,.F.);
#1089=ORIENTED_EDGE('',*,*,#760,.F.);
#1090=ORIENTED_EDGE('',*,*,#762,.T.);
#1091=ORIENTED_EDGE('',*,*,#758,.F.);
#1092=ORIENTED_EDGE('',*,*,#757,.F.);
#1093=ORIENTED_EDGE('',*,*,#727,.T.);
#1094=ORIENTED_EDGE('',*,*,#735,.T.);
#1095=ORIENTED_EDGE('',*,*,#763,.T.);
#1096=ORIENTED_EDGE('',*,*,#714,.T.);
#1097=ORIENTED_EDGE('',*,*,#702,.T.);
#1098=ORIENTED_EDGE('',*,*,#761,.T.);
#1099=ORIENTED_EDGE('',*,*,#612,.T.);
#1100=ORIENTED_EDGE('',*,*,#619,.T.);
#1101=ORIENTED_EDGE('',*,*,#729,.T.);
#1102=ORIENTED_EDGE('',*,*,#756,.F.);
#1103=ORIENTED_EDGE('',*,*,#712,.T.);
#1104=ORIENTED_EDGE('',*,*,#615,.T.);
#1105=ORIENTED_EDGE('',*,*,#589,.T.);
#1106=ORIENTED_EDGE('',*,*,#603,.T.);
#1107=ORIENTED_EDGE('',*,*,#634,.T.);
#1108=ORIENTED_EDGE('',*,*,#607,.T.);
#1109=ORIENTED_EDGE('',*,*,#763,.F.);
#1110=ORIENTED_EDGE('',*,*,#734,.T.);
#1111=ORIENTED_EDGE('',*,*,#764,.T.);
#1112=ORIENTED_EDGE('',*,*,#715,.T.);
#1113=ORIENTED_EDGE('',*,*,#764,.F.);
#1114=ORIENTED_EDGE('',*,*,#733,.F.);
#1115=ORIENTED_EDGE('',*,*,#765,.T.);
#1116=ORIENTED_EDGE('',*,*,#716,.T.);
#1117=ORIENTED_EDGE('',*,*,#765,.F.);
#1118=ORIENTED_EDGE('',*,*,#732,.F.);
#1119=ORIENTED_EDGE('',*,*,#736,.T.);
#1120=ORIENTED_EDGE('',*,*,#617,.T.);
#1121=ORIENTED_EDGE('',*,*,#755,.T.);
#1122=ORIENTED_EDGE('',*,*,#717,.F.);
#1123=ORIENTED_EDGE('',*,*,#640,.T.);
#1124=ORIENTED_EDGE('',*,*,#643,.T.);
#1125=ORIENTED_EDGE('',*,*,#636,.F.);
#1126=ORIENTED_EDGE('',*,*,#746,.T.);
#1127=ORIENTED_EDGE('',*,*,#741,.T.);
#1128=PLANE('',#1232);
#1129=PLANE('',#1236);
#1130=PLANE('',#1240);
#1131=PLANE('',#1241);
#1132=PLANE('',#1242);
#1133=PLANE('',#1243);
#1134=PLANE('',#1246);
#1135=PLANE('',#1247);
#1136=PLANE('',#1250);
#1137=PLANE('',#1253);
#1138=PLANE('',#1254);
#1139=PLANE('',#1257);
#1140=PLANE('',#1260);
#1141=PLANE('',#1263);
#1142=PLANE('',#1266);
#1143=PLANE('',#1267);
#1144=PLANE('',#1268);
#1145=PLANE('',#1289);
#1146=PLANE('',#1298);
#1147=PLANE('',#1306);
#1148=PLANE('',#1312);
#1149=PLANE('',#1319);
#1150=PLANE('',#1320);
#1151=ADVANCED_FACE('',(#142),#1128,.F.);
#1152=ADVANCED_FACE('',(#143),#122,.F.);
#1153=ADVANCED_FACE('',(#144),#123,.F.);
#1154=ADVANCED_FACE('',(#145),#1129,.T.);
#1155=ADVANCED_FACE('',(#146),#124,.F.);
#1156=ADVANCED_FACE('',(#147),#125,.F.);
#1157=ADVANCED_FACE('',(#148),#1130,.F.);
#1158=ADVANCED_FACE('',(#149),#67,.T.);
#1159=ADVANCED_FACE('',(#150),#68,.F.);
#1160=ADVANCED_FACE('',(#151),#1131,.T.);
#1161=ADVANCED_FACE('',(#152),#1132,.F.);
#1162=ADVANCED_FACE('',(#153),#69,.F.);
#1163=ADVANCED_FACE('',(#154),#70,.F.);
#1164=ADVANCED_FACE('',(#155),#71,.T.);
#1165=ADVANCED_FACE('',(#156),#72,.F.);
#1166=ADVANCED_FACE('',(#157),#73,.F.);
#1167=ADVANCED_FACE('',(#158),#74,.F.);
#1168=ADVANCED_FACE('',(#159),#75,.F.);
#1169=ADVANCED_FACE('',(#160),#76,.F.);
#1170=ADVANCED_FACE('',(#161),#1133,.F.);
#1171=ADVANCED_FACE('',(#162),#126,.F.);
#1172=ADVANCED_FACE('',(#163),#1134,.F.);
#1173=ADVANCED_FACE('',(#164),#1135,.F.);
#1174=ADVANCED_FACE('',(#165),#127,.F.);
#1175=ADVANCED_FACE('',(#166,#29),#1136,.T.);
#1176=ADVANCED_FACE('',(#167),#1137,.F.);
#1177=ADVANCED_FACE('',(#168,#30),#1138,.T.);
#1178=ADVANCED_FACE('',(#169),#1139,.F.);
#1179=ADVANCED_FACE('',(#170),#128,.F.);
#1180=ADVANCED_FACE('',(#171),#1140,.F.);
#1181=ADVANCED_FACE('',(#172),#129,.F.);
#1182=ADVANCED_FACE('',(#173,#31),#1141,.T.);
#1183=ADVANCED_FACE('',(#174),#1142,.F.);
#1184=ADVANCED_FACE('',(#175),#1143,.F.);
#1185=ADVANCED_FACE('',(#176,#32),#1144,.T.);
#1186=ADVANCED_FACE('',(#177),#27,.F.);
#1187=ADVANCED_FACE('',(#178),#28,.F.);
#1188=ADVANCED_FACE('',(#179),#25,.T.);
#1189=ADVANCED_FACE('',(#180),#19,.F.);
#1190=ADVANCED_FACE('',(#181),#130,.T.);
#1191=ADVANCED_FACE('',(#182),#131,.T.);
#1192=ADVANCED_FACE('',(#183,#33),#1145,.T.);
#1193=ADVANCED_FACE('',(#184),#20,.F.);
#1194=ADVANCED_FACE('',(#185),#26,.T.);
#1195=ADVANCED_FACE('',(#186),#132,.T.);
#1196=ADVANCED_FACE('',(#187),#133,.T.);
#1197=ADVANCED_FACE('',(#188),#77,.T.);
#1198=ADVANCED_FACE('',(#189,#34),#1146,.T.);
#1199=ADVANCED_FACE('',(#190),#134,.F.);
#1200=ADVANCED_FACE('',(#191),#135,.F.);
#1201=ADVANCED_FACE('',(#192),#136,.F.);
#1202=ADVANCED_FACE('',(#193,#35,#36,#37),#1147,.F.);
#1203=ADVANCED_FACE('',(#194),#137,.F.);
#1204=ADVANCED_FACE('',(#195,#38,#39,#40),#1148,.F.);
#1205=ADVANCED_FACE('',(#196),#138,.F.);
#1206=ADVANCED_FACE('',(#197),#139,.F.);
#1207=ADVANCED_FACE('',(#198),#140,.F.);
#1208=ADVANCED_FACE('',(#199),#141,.F.);
#1209=ADVANCED_FACE('',(#200),#78,.T.);
#1210=ADVANCED_FACE('',(#201),#21,.T.);
#1211=ADVANCED_FACE('',(#202),#1149,.T.);
#1212=ADVANCED_FACE('',(#203),#22,.T.);
#1213=ADVANCED_FACE('',(#204),#23,.T.);
#1214=ADVANCED_FACE('',(#205),#24,.T.);
#1215=ADVANCED_FACE('',(#206),#79,.T.);
#1216=ADVANCED_FACE('',(#207,#41,#42,#43),#1150,.F.);
#1217=CLOSED_SHELL('',(#1151,#1152,#1153,#1154,#1155,#1156,#1157,#1158,
#1159,#1160,#1161,#1162,#1163,#1164,#1165,#1166,#1167,#1168,#1169,#1170,
#1171,#1172,#1173,#1174,#1175,#1176,#1177,#1178,#1179,#1180,#1181,#1182,
#1183,#1184,#1185,#1186,#1187,#1188,#1189,#1190,#1191,#1192,#1193,#1194,
#1195,#1196,#1197,#1198,#1199,#1200,#1201,#1202,#1203,#1204,#1205,#1206,
#1207,#1208,#1209,#1210,#1211,#1212,#1213,#1214,#1215,#1216));
#1218=DERIVED_UNIT_ELEMENT(#1220,1.);
#1219=DERIVED_UNIT_ELEMENT(#3396,-3.);
#1220=(
MASS_UNIT()
NAMED_UNIT(*)
SI_UNIT(.KILO.,.GRAM.)
);
#1221=DERIVED_UNIT((#1218,#1219));
#1222=MEASURE_REPRESENTATION_ITEM('density measure',
POSITIVE_RATIO_MEASURE(7850.),#1221);
#1223=PROPERTY_DEFINITION_REPRESENTATION(#1228,#1225);
#1224=PROPERTY_DEFINITION_REPRESENTATION(#1229,#1226);
#1225=REPRESENTATION('material name',(#1227),#3393);
#1226=REPRESENTATION('density',(#1222),#3393);
#1227=DESCRIPTIVE_REPRESENTATION_ITEM('Steel','Steel');
#1228=PROPERTY_DEFINITION('material property','material name',#3408);
#1229=PROPERTY_DEFINITION('material property','density of part',#3408);
#1230=AXIS2_PLACEMENT_3D('',#1568,#1322,#1323);
#1231=AXIS2_PLACEMENT_3D('',#1569,#1324,#1325);
#1232=AXIS2_PLACEMENT_3D('',#1570,#1326,#1327);
#1233=AXIS2_PLACEMENT_3D('',#1587,#1331,#1332);
#1234=AXIS2_PLACEMENT_3D('',#1628,#1335,#1336);
#1235=AXIS2_PLACEMENT_3D('',#1629,#1337,#1338);
#1236=AXIS2_PLACEMENT_3D('',#1670,#1341,#1342);
#1237=AXIS2_PLACEMENT_3D('',#1681,#1344,#1345);
#1238=AXIS2_PLACEMENT_3D('',#1683,#1347,#1348);
#1239=AXIS2_PLACEMENT_3D('',#1721,#1351,#1352);
#1240=AXIS2_PLACEMENT_3D('',#1764,#1355,#1356);
#1241=AXIS2_PLACEMENT_3D('',#2037,#1360,#1361);
#1242=AXIS2_PLACEMENT_3D('',#2099,#1362,#1363);
#1243=AXIS2_PLACEMENT_3D('',#2433,#1370,#1371);
#1244=AXIS2_PLACEMENT_3D('',#2444,#1375,#1376);
#1245=AXIS2_PLACEMENT_3D('',#2469,#1377,#1378);
#1246=AXIS2_PLACEMENT_3D('',#2471,#1380,#1381);
#1247=AXIS2_PLACEMENT_3D('',#2482,#1385,#1386);
#1248=AXIS2_PLACEMENT_3D('',#2493,#1390,#1391);
#1249=AXIS2_PLACEMENT_3D('',#2520,#1392,#1393);
#1250=AXIS2_PLACEMENT_3D('',#2521,#1394,#1395);
#1251=AXIS2_PLACEMENT_3D('',#2522,#1396,#1397);
#1252=AXIS2_PLACEMENT_3D('',#2524,#1398,#1399);
#1253=AXIS2_PLACEMENT_3D('',#2525,#1400,#1401);
#1254=AXIS2_PLACEMENT_3D('',#2533,#1404,#1405);
#1255=AXIS2_PLACEMENT_3D('',#2534,#1406,#1407);
#1256=AXIS2_PLACEMENT_3D('',#2536,#1408,#1409);
#1257=AXIS2_PLACEMENT_3D('',#2537,#1410,#1411);
#1258=AXIS2_PLACEMENT_3D('',#2548,#1415,#1416);
#1259=AXIS2_PLACEMENT_3D('',#2575,#1417,#1418);
#1260=AXIS2_PLACEMENT_3D('',#2577,#1420,#1421);
#1261=AXIS2_PLACEMENT_3D('',#2588,#1425,#1426);
#1262=AXIS2_PLACEMENT_3D('',#2617,#1427,#1428);
#1263=AXIS2_PLACEMENT_3D('',#2619,#1430,#1431);
#1264=AXIS2_PLACEMENT_3D('',#2621,#1432,#1433);
#1265=AXIS2_PLACEMENT_3D('',#2624,#1435,#1436);
#1266=AXIS2_PLACEMENT_3D('',#2625,#1437,#1438);
#1267=AXIS2_PLACEMENT_3D('',#2633,#1441,#1442);
#1268=AXIS2_PLACEMENT_3D('',#2639,#1444,#1445);
#1269=AXIS2_PLACEMENT_3D('',#2640,#1446,#1447);
#1270=AXIS2_PLACEMENT_3D('',#2642,#1448,#1449);
#1271=AXIS2_PLACEMENT_3D('',#2643,#1450,#1451);
#1272=AXIS2_PLACEMENT_3D('',#2645,#1452,#1453);
#1273=AXIS2_PLACEMENT_3D('',#2648,#1455,#1456);
#1274=AXIS2_PLACEMENT_3D('',#2649,#1457,#1458);
#1275=AXIS2_PLACEMENT_3D('',#2650,#1459,#1460);
#1276=AXIS2_PLACEMENT_3D('',#2651,#1461,#1462);
#1277=AXIS2_PLACEMENT_3D('',#2653,#1463,#1464);
#1278=AXIS2_PLACEMENT_3D('',#2656,#1466,#1467);
#1279=AXIS2_PLACEMENT_3D('',#2657,#1468,#1469);
#1280=AXIS2_PLACEMENT_3D('',#2658,#1470,#1471);
#1281=AXIS2_PLACEMENT_3D('',#2659,#1472,#1473);
#1282=AXIS2_PLACEMENT_3D('',#2675,#1474,#1475);
#1283=AXIS2_PLACEMENT_3D('',#2677,#1476,#1477);
#1284=AXIS2_PLACEMENT_3D('',#2679,#1478,#1479);
#1285=AXIS2_PLACEMENT_3D('',#2740,#1480,#1481);
#1286=AXIS2_PLACEMENT_3D('',#2788,#1482,#1483);
#1287=AXIS2_PLACEMENT_3D('',#2809,#1485,#1486);
#1288=AXIS2_PLACEMENT_3D('',#2837,#1488,#1489);
#1289=AXIS2_PLACEMENT_3D('',#2839,#1491,#1492);
#1290=AXIS2_PLACEMENT_3D('',#2873,#1493,#1494);
#1291=AXIS2_PLACEMENT_3D('',#2938,#1495,#1496);
#1292=AXIS2_PLACEMENT_3D('',#2953,#1497,#1498);
#1293=AXIS2_PLACEMENT_3D('',#2954,#1499,#1500);
#1294=AXIS2_PLACEMENT_3D('',#2956,#1501,#1502);
#1295=AXIS2_PLACEMENT_3D('',#2967,#1503,#1504);
#1296=AXIS2_PLACEMENT_3D('',#2990,#1506,#1507);
#1297=AXIS2_PLACEMENT_3D('',#2994,#1509,#1510);
#1298=AXIS2_PLACEMENT_3D('',#3034,#1512,#1513);
#1299=AXIS2_PLACEMENT_3D('',#3035,#1514,#1515);
#1300=AXIS2_PLACEMENT_3D('',#3038,#1517,#1518);
#1301=AXIS2_PLACEMENT_3D('',#3039,#1519,#1520);
#1302=AXIS2_PLACEMENT_3D('',#3042,#1522,#1523);
#1303=AXIS2_PLACEMENT_3D('',#3043,#1524,#1525);
#1304=AXIS2_PLACEMENT_3D('',#3045,#1526,#1527);
#1305=AXIS2_PLACEMENT_3D('',#3048,#1529,#1530);
#1306=AXIS2_PLACEMENT_3D('',#3049,#1531,#1532);
#1307=AXIS2_PLACEMENT_3D('',#3051,#1533,#1534);
#1308=AXIS2_PLACEMENT_3D('',#3053,#1535,#1536);
#1309=AXIS2_PLACEMENT_3D('',#3054,#1537,#1538);
#1310=AXIS2_PLACEMENT_3D('',#3056,#1539,#1540);
#1311=AXIS2_PLACEMENT_3D('',#3059,#1542,#1543);
#1312=AXIS2_PLACEMENT_3D('',#3060,#1544,#1545);
#1313=AXIS2_PLACEMENT_3D('',#3062,#1546,#1547);
#1314=AXIS2_PLACEMENT_3D('',#3064,#1548,#1549);
#1315=AXIS2_PLACEMENT_3D('',#3065,#1550,#1551);
#1316=AXIS2_PLACEMENT_3D('',#3067,#1553,#1554);
#1317=AXIS2_PLACEMENT_3D('',#3069,#1556,#1557);
#1318=AXIS2_PLACEMENT_3D('',#3071,#1559,#1560);
#1319=AXIS2_PLACEMENT_3D('',#3169,#1562,#1563);
#1320=AXIS2_PLACEMENT_3D('',#3387,#1564,#1565);
#1321=AXIS2_PLACEMENT_3D('',#3388,#1566,#1567);
#1322=DIRECTION('axis',(0.,0.,1.));
#1323=DIRECTION('refdir',(1.,0.,0.));
#1324=DIRECTION('axis',(0.,0.,1.));
#1325=DIRECTION('refdir',(1.,0.,0.));
#1326=DIRECTION('center_axis',(0.,-1.,0.));
#1327=DIRECTION('ref_axis',(0.,0.,-1.));
#1328=DIRECTION('',(-1.,0.,0.));
#1329=DIRECTION('',(0.,0.,1.));
#1330=DIRECTION('',(1.,0.,0.));
#1331=DIRECTION('center_axis',(1.,0.,0.));
#1332=DIRECTION('ref_axis',(0.,-1.,0.));
#1333=DIRECTION('',(1.,0.,0.));
#1334=DIRECTION('',(1.,0.,0.));
#1335=DIRECTION('center_axis',(-1.,0.,0.));
#1336=DIRECTION('ref_axis',(0.,-1.,0.));
#1337=DIRECTION('center_axis',(1.,0.,0.));
#1338=DIRECTION('ref_axis',(0.,0.,-1.));
#1339=DIRECTION('',(1.,0.,0.));
#1340=DIRECTION('',(1.,0.,0.));
#1341=DIRECTION('center_axis',(1.,0.,0.));
#1342=DIRECTION('ref_axis',(0.,1.,0.));
#1343=DIRECTION('',(0.,1.,0.));
#1344=DIRECTION('center_axis',(-1.,0.,0.));
#1345=DIRECTION('ref_axis',(0.,0.,1.));
#1346=DIRECTION('',(0.,-1.,0.));
#1347=DIRECTION('center_axis',(1.,0.,0.));
#1348=DIRECTION('ref_axis',(0.,0.,1.));
#1349=DIRECTION('',(1.,0.,0.));
#1350=DIRECTION('',(1.,0.,0.));
#1351=DIRECTION('center_axis',(1.,0.,0.));
#1352=DIRECTION('ref_axis',(0.,1.,4.4408920985006E-15));
#1353=DIRECTION('',(1.,0.,0.));
#1354=DIRECTION('',(1.,0.,0.));
#1355=DIRECTION('center_axis',(0.,1.,0.));
#1356=DIRECTION('ref_axis',(0.,0.,1.));
#1357=DIRECTION('',(0.,0.,1.));
#1358=DIRECTION('',(0.,0.,1.));
#1359=DIRECTION('',(0.,0.,1.));
#1360=DIRECTION('center_axis',(0.,0.,1.));
#1361=DIRECTION('ref_axis',(1.,0.,0.));
#1362=DIRECTION('center_axis',(0.,0.,1.));
#1363=DIRECTION('ref_axis',(1.,0.,0.));
#1364=DIRECTION('',(0.,0.,1.));
#1365=DIRECTION('',(0.,0.,1.));
#1366=DIRECTION('',(0.,0.,1.));
#1367=DIRECTION('',(0.,0.,1.));
#1368=DIRECTION('',(0.,0.,1.));
#1369=DIRECTION('',(0.,0.,1.));
#1370=DIRECTION('center_axis',(0.997302037040157,-0.0734074036835048,0.));
#1371=DIRECTION('ref_axis',(-0.0734074036835047,-0.997302037040157,0.));
#1372=DIRECTION('',(0.,0.,1.));
#1373=DIRECTION('',(-0.0734074036835047,-0.997302037040157,0.));
#1374=DIRECTION('',(0.,0.,-1.));
#1375=DIRECTION('center_axis',(0.,0.,-1.));
#1376=DIRECTION('ref_axis',(-0.997458697109208,-0.0712470880892723,0.));
#1377=DIRECTION('center_axis',(0.,0.,-1.));
#1378=DIRECTION('ref_axis',(-0.997458697109208,-0.0712470880892723,0.));
#1379=DIRECTION('',(0.,0.,-1.));
#1380=DIRECTION('center_axis',(-0.997458705192938,0.0712469749170239,0.));
#1381=DIRECTION('ref_axis',(0.0712469749170239,0.997458705192938,0.));
#1382=DIRECTION('',(0.,0.,1.));
#1383=DIRECTION('',(0.0712469749170239,0.997458705192938,0.));
#1384=DIRECTION('',(0.,0.,-1.));
#1385=DIRECTION('center_axis',(0.997458697109208,0.0712470880892738,0.));
#1386=DIRECTION('ref_axis',(0.0712470880892738,-0.997458697109208,0.));
#1387=DIRECTION('',(0.,0.,-1.));
#1388=DIRECTION('',(0.,0.,-1.));
#1389=DIRECTION('',(0.0712470880892738,-0.997458697109208,0.));
#1390=DIRECTION('center_axis',(0.,0.,-1.));
#1391=DIRECTION('ref_axis',(1.,0.,0.));
#1392=DIRECTION('center_axis',(0.,0.,-1.));
#1393=DIRECTION('ref_axis',(1.,0.,0.));
#1394=DIRECTION('center_axis',(0.,0.,1.));
#1395=DIRECTION('ref_axis',(-1.,0.,0.));
#1396=DIRECTION('center_axis',(0.,0.,1.));
#1397=DIRECTION('ref_axis',(1.,0.,0.));
#1398=DIRECTION('center_axis',(0.,0.,1.));
#1399=DIRECTION('ref_axis',(1.,0.,0.));
#1400=DIRECTION('center_axis',(-0.997458697109208,-0.0712470880892739,0.));
#1401=DIRECTION('ref_axis',(-0.0712470880892739,0.997458697109208,0.));
#1402=DIRECTION('',(0.,0.,-1.));
#1403=DIRECTION('',(-0.0712470880892739,0.997458697109208,0.));
#1404=DIRECTION('center_axis',(0.,0.,1.));
#1405=DIRECTION('ref_axis',(-1.,0.,0.));
#1406=DIRECTION('center_axis',(0.,0.,1.));
#1407=DIRECTION('ref_axis',(1.,0.,0.));
#1408=DIRECTION('center_axis',(0.,0.,1.));
#1409=DIRECTION('ref_axis',(1.,0.,0.));
#1410=DIRECTION('center_axis',(0.997458988163834,-0.0712430132095753,0.));
#1411=DIRECTION('ref_axis',(-0.0712430132095753,-0.997458988163834,0.));
#1412=DIRECTION('',(0.,0.,1.));
#1413=DIRECTION('',(-0.0712430132095752,-0.997458988163834,0.));
#1414=DIRECTION('',(0.,0.,-1.));
#1415=DIRECTION('center_axis',(0.,0.,-1.));
#1416=DIRECTION('ref_axis',(-0.997533545223861,-0.0701913538344667,0.));
#1417=DIRECTION('center_axis',(0.,0.,-1.));
#1418=DIRECTION('ref_axis',(-0.997533545223861,-0.0701913538344667,0.));
#1419=DIRECTION('',(0.,0.,-1.));
#1420=DIRECTION('center_axis',(-0.997458988163834,0.0712430132095754,0.));
#1421=DIRECTION('ref_axis',(0.0712430132095754,0.997458988163834,0.));
#1422=DIRECTION('',(0.,0.,1.));
#1423=DIRECTION('',(0.0712430132095754,0.997458988163834,0.));
#1424=DIRECTION('',(0.,0.,-1.));
#1425=DIRECTION('center_axis',(0.,0.,-1.));
#1426=DIRECTION('ref_axis',(1.,0.,0.));
#1427=DIRECTION('center_axis',(0.,0.,-1.));
#1428=DIRECTION('ref_axis',(1.,0.,0.));
#1429=DIRECTION('',(0.,0.,-1.));
#1430=DIRECTION('center_axis',(0.,0.,1.));
#1431=DIRECTION('ref_axis',(-1.,0.,0.));
#1432=DIRECTION('center_axis',(0.,0.,1.));
#1433=DIRECTION('ref_axis',(1.,0.,0.));
#1434=DIRECTION('',(0.0712510660285371,-0.997458412962564,0.));
#1435=DIRECTION('center_axis',(0.,0.,1.));
#1436=DIRECTION('ref_axis',(1.,0.,0.));
#1437=DIRECTION('center_axis',(-0.997533545223871,-0.0701913538343246,0.));
#1438=DIRECTION('ref_axis',(-0.0701913538343246,0.997533545223871,0.));
#1439=DIRECTION('',(0.,0.,-1.));
#1440=DIRECTION('',(-0.0701913538343246,0.997533545223871,0.));
#1441=DIRECTION('center_axis',(0.997458412962564,0.0712510660285371,0.));
#1442=DIRECTION('ref_axis',(0.0712510660285371,-0.997458412962564,0.));
#1443=DIRECTION('',(0.,0.,-1.));
#1444=DIRECTION('center_axis',(0.,0.,1.));
#1445=DIRECTION('ref_axis',(-1.,0.,0.));
#1446=DIRECTION('center_axis',(0.,0.,1.));
#1447=DIRECTION('ref_axis',(1.,0.,0.));
#1448=DIRECTION('center_axis',(0.,0.,1.));
#1449=DIRECTION('ref_axis',(1.,0.,0.));
#1450=DIRECTION('center_axis',(0.,0.,1.));
#1451=DIRECTION('ref_axis',(1.,0.,0.));
#1452=DIRECTION('center_axis',(0.,0.,1.));
#1453=DIRECTION('ref_axis',(1.,0.,0.));
#1454=DIRECTION('',(0.707106781186548,8.65956056235493E-17,-0.707106781186548));
#1455=DIRECTION('center_axis',(0.,0.,-1.));
#1456=DIRECTION('ref_axis',(1.,0.,0.));
#1457=DIRECTION('center_axis',(0.,0.,-1.));
#1458=DIRECTION('ref_axis',(1.,0.,0.));
#1459=DIRECTION('center_axis',(0.,0.,-1.));
#1460=DIRECTION('ref_axis',(1.,0.,0.));
#1461=DIRECTION('center_axis',(0.,0.,1.));
#1462=DIRECTION('ref_axis',(1.,0.,0.));
#1463=DIRECTION('center_axis',(0.,0.,1.));
#1464=DIRECTION('ref_axis',(1.,0.,0.));
#1465=DIRECTION('',(0.707106781186548,8.65956056235493E-17,-0.707106781186548));
#1466=DIRECTION('center_axis',(0.,0.,-1.));
#1467=DIRECTION('ref_axis',(1.,0.,0.));
#1468=DIRECTION('center_axis',(0.,0.,-1.));
#1469=DIRECTION('ref_axis',(1.,0.,0.));
#1470=DIRECTION('center_axis',(0.,0.,-1.));
#1471=DIRECTION('ref_axis',(1.,0.,0.));
#1472=DIRECTION('center_axis',(0.,0.,1.));
#1473=DIRECTION('ref_axis',(-0.996676643856135,-0.0814596071170959,0.));
#1474=DIRECTION('center_axis',(0.,0.,1.));
#1475=DIRECTION('ref_axis',(-0.996676643856134,-0.0814596071171034,0.));
#1476=DIRECTION('center_axis',(-1.11022302462516E-15,-1.,0.));
#1477=DIRECTION('ref_axis',(1.,-1.11022302462516E-15,0.));
#1478=DIRECTION('center_axis',(0.,0.,-1.));
#1479=DIRECTION('ref_axis',(-0.996676643856134,-0.0814596071171034,0.));
#1480=DIRECTION('center_axis',(0.,0.,1.));
#1481=DIRECTION('ref_axis',(-0.996676643856134,-0.0814596071171034,0.));
#1482=DIRECTION('center_axis',(0.,0.,1.));
#1483=DIRECTION('ref_axis',(1.,0.,0.));
#1484=DIRECTION('',(0.,0.,1.));
#1485=DIRECTION('center_axis',(0.,0.,1.));
#1486=DIRECTION('ref_axis',(-0.501314602395352,-0.865265086216467,0.));
#1487=DIRECTION('',(0.,0.,1.));
#1488=DIRECTION('center_axis',(0.,0.,1.));
#1489=DIRECTION('ref_axis',(1.,0.,0.));
#1490=DIRECTION('',(0.,0.,1.));
#1491=DIRECTION('center_axis',(0.,0.,1.));
#1492=DIRECTION('ref_axis',(1.,0.,0.));
#1493=DIRECTION('center_axis',(-5.96046471438663E-8,-0.999999999999998,
0.));
#1494=DIRECTION('ref_axis',(0.999999999999998,-5.96046471438663E-8,0.));
#1495=DIRECTION('center_axis',(0.,0.,1.));
#1496=DIRECTION('ref_axis',(-0.996676643309143,0.081459613809659,0.));
#1497=DIRECTION('center_axis',(0.,0.,1.));
#1498=DIRECTION('ref_axis',(-0.996676643309143,0.0814596138096571,0.));
#1499=DIRECTION('center_axis',(0.,0.,-1.));
#1500=DIRECTION('ref_axis',(-0.996676643309143,0.0814596138096571,0.));
#1501=DIRECTION('center_axis',(0.,0.,1.));
#1502=DIRECTION('ref_axis',(-0.996676643309143,0.0814596138096571,0.));
#1503=DIRECTION('center_axis',(0.,0.,1.));
#1504=DIRECTION('ref_axis',(1.,0.,0.));
#1505=DIRECTION('',(0.,0.,1.));
#1506=DIRECTION('center_axis',(0.,0.,1.));
#1507=DIRECTION('ref_axis',(-0.501314610217736,0.865265081684358,0.));
#1508=DIRECTION('',(0.,0.,1.));
#1509=DIRECTION('center_axis',(0.,0.,1.));
#1510=DIRECTION('ref_axis',(1.,0.,0.));
#1511=DIRECTION('',(0.,0.,1.));
#1512=DIRECTION('center_axis',(0.,0.,1.));
#1513=DIRECTION('ref_axis',(1.,0.,0.));
#1514=DIRECTION('center_axis',(0.,0.,1.));
#1515=DIRECTION('ref_axis',(1.,0.,0.));
#1516=DIRECTION('',(0.,0.,-1.));
#1517=DIRECTION('center_axis',(0.,0.,-1.));
#1518=DIRECTION('ref_axis',(1.,0.,0.));
#1519=DIRECTION('center_axis',(0.,0.,1.));
#1520=DIRECTION('ref_axis',(1.,0.,0.));
#1521=DIRECTION('',(0.,0.,-1.));
#1522=DIRECTION('center_axis',(0.,0.,-1.));
#1523=DIRECTION('ref_axis',(1.,0.,0.));
#1524=DIRECTION('center_axis',(0.,0.,1.));
#1525=DIRECTION('ref_axis',(1.,0.,0.));
#1526=DIRECTION('center_axis',(0.,0.,1.));
#1527=DIRECTION('ref_axis',(1.,0.,0.));
#1528=DIRECTION('',(0.,0.,1.));
#1529=DIRECTION('center_axis',(0.,0.,1.));
#1530=DIRECTION('ref_axis',(1.,0.,0.));
#1531=DIRECTION('center_axis',(0.,0.,1.));
#1532=DIRECTION('ref_axis',(1.,0.,0.));
#1533=DIRECTION('center_axis',(0.,0.,-1.));
#1534=DIRECTION('ref_axis',(1.,0.,0.));
#1535=DIRECTION('center_axis',(0.,0.,-1.));
#1536=DIRECTION('ref_axis',(1.,0.,0.));
#1537=DIRECTION('center_axis',(0.,0.,1.));
#1538=DIRECTION('ref_axis',(1.,0.,0.));
#1539=DIRECTION('center_axis',(0.,0.,1.));
#1540=DIRECTION('ref_axis',(1.,0.,0.));
#1541=DIRECTION('',(0.,0.,1.));
#1542=DIRECTION('center_axis',(0.,0.,1.));
#1543=DIRECTION('ref_axis',(1.,0.,0.));
#1544=DIRECTION('center_axis',(0.,0.,1.));
#1545=DIRECTION('ref_axis',(1.,0.,0.));
#1546=DIRECTION('center_axis',(0.,0.,-1.));
#1547=DIRECTION('ref_axis',(1.,0.,0.));
#1548=DIRECTION('center_axis',(0.,0.,-1.));
#1549=DIRECTION('ref_axis',(1.,0.,0.));
#1550=DIRECTION('center_axis',(0.,0.,1.));
#1551=DIRECTION('ref_axis',(1.,0.,0.));
#1552=DIRECTION('',(0.,0.,-1.));
#1553=DIRECTION('center_axis',(0.,0.,1.));
#1554=DIRECTION('ref_axis',(1.,0.,0.));
#1555=DIRECTION('',(0.,0.,-1.));
#1556=DIRECTION('center_axis',(0.,0.,1.));
#1557=DIRECTION('ref_axis',(1.,0.,0.));
#1558=DIRECTION('',(0.,0.,-1.));
#1559=DIRECTION('center_axis',(0.,0.,1.));
#1560=DIRECTION('ref_axis',(1.,0.,0.));
#1561=DIRECTION('',(0.,0.,-1.));
#1562=DIRECTION('center_axis',(0.,0.,1.));
#1563=DIRECTION('ref_axis',(1.,0.,0.));
#1564=DIRECTION('center_axis',(0.,0.,1.));
#1565=DIRECTION('ref_axis',(1.,0.,0.));
#1566=DIRECTION('',(0.,5.55111512312578E-17,1.));
#1567=DIRECTION('',(1.,0.,1.38777878078145E-17));
#1568=CARTESIAN_POINT('',(0.,0.,0.));
#1569=CARTESIAN_POINT('',(0.,0.,0.));
#1570=CARTESIAN_POINT('Origin',(0.,22.0000006258488,16.0000002235174));
#1571=CARTESIAN_POINT('',(16.0669517932365,22.0000006258488,6.00000022351742));
#1572=CARTESIAN_POINT('',(16.0669517932365,22.0000006258488,14.));
#1573=CARTESIAN_POINT('Ctrl Pts',(16.0669517932365,22.0000006258488,6.00000022351742));
#1574=CARTESIAN_POINT('Ctrl Pts',(16.0669517932365,22.0000006258488,8.66666681567828));
#1575=CARTESIAN_POINT('Ctrl Pts',(16.0669517932365,22.0000006258488,11.3333334078391));
#1576=CARTESIAN_POINT('Ctrl Pts',(16.0669517932365,22.0000006258488,14.));
#1577=CARTESIAN_POINT('',(-19.,22.0000006258488,6.00000022351742));
#1578=CARTESIAN_POINT('',(0.,22.0000006258488,6.00000022351742));
#1579=CARTESIAN_POINT('',(-19.,22.0000006258488,16.0000002235174));
#1580=CARTESIAN_POINT('',(-19.,22.0000006258488,6.00000022351742));
#1581=CARTESIAN_POINT('',(14.0258453157901,22.0000006258488,16.0000002235174));
#1582=CARTESIAN_POINT('',(0.,22.0000006258488,16.0000002235174));
#1583=CARTESIAN_POINT('Ctrl Pts',(16.0669517932365,22.0000006258488,14.));
#1584=CARTESIAN_POINT('Ctrl Pts',(15.3864738361789,22.0000006258488,14.6667311213103));
#1585=CARTESIAN_POINT('Ctrl Pts',(14.7062016122139,22.0000006258488,15.3333026524966));
#1586=CARTESIAN_POINT('Ctrl Pts',(14.0258453157901,22.0000006258488,16.0000002235174));
#1587=CARTESIAN_POINT('Origin',(0.,24.0000006258488,6.00000022351742));
#1588=CARTESIAN_POINT('',(15.66220089794,24.0000006258488,4.00000022351742));
#1589=CARTESIAN_POINT('Ctrl Pts',(15.66220089794,24.0000006258488,4.00000022351742));
#1590=CARTESIAN_POINT('Ctrl Pts',(15.6626632023202,23.9976950414811,4.00000022351742));
#1591=CARTESIAN_POINT('Ctrl Pts',(15.6631255250594,23.9953894442587,4.00000421030687));
#1592=CARTESIAN_POINT('Ctrl Pts',(15.6687207753562,23.9674869589007,4.00010070857882));
#1593=CARTESIAN_POINT('Ctrl Pts',(15.6738548576103,23.9418939317864,4.00068062902465));
#1594=CARTESIAN_POINT('Ctrl Pts',(15.6858189896552,23.882275996451,4.00317728093341));
#1595=CARTESIAN_POINT('Ctrl Pts',(15.6926460772193,23.8482732707995,4.00547270858951));
#1596=CARTESIAN_POINT('Ctrl Pts',(15.7163830232681,23.7301082007559,4.01648933799361));
#1597=CARTESIAN_POINT('Ctrl Pts',(15.7332136713383,23.6464269806078,4.02968230460755));
#1598=CARTESIAN_POINT('Ctrl Pts',(15.8000889755477,23.3143120394698,4.10390225866854));
#1599=CARTESIAN_POINT('Ctrl Pts',(15.8480211205577,23.0771754919791,4.20712327087696));
#1600=CARTESIAN_POINT('Ctrl Pts',(15.9326491992451,22.6595619219168,4.49474393667067));
#1601=CARTESIAN_POINT('Ctrl Pts',(15.9688959052054,22.4812517498568,4.67453318855027));
#1602=CARTESIAN_POINT('Ctrl Pts',(16.0269800504069,22.1959000505287,5.09864767328456));
#1603=CARTESIAN_POINT('Ctrl Pts',(16.0477740561157,22.0939815364638,5.34043277204046));
#1604=CARTESIAN_POINT('Ctrl Pts',(16.064139555007,22.0137763108274,5.72900294769409));
#1605=CARTESIAN_POINT('Ctrl Pts',(16.0669517932365,22.0000006258488,5.86447352197415));
#1606=CARTESIAN_POINT('Ctrl Pts',(16.0669517932365,22.0000006258488,6.00000022351742));
#1607=CARTESIAN_POINT('',(-0.280541524693097,24.0000006258488,4.00000022351742));
#1608=CARTESIAN_POINT('',(0.,24.0000006258488,4.00000022351742));
#1609=CARTESIAN_POINT('',(-18.6650197194467,24.0000006258488,4.00000022351742));
#1610=CARTESIAN_POINT('Ctrl Pts',(-18.6650197194467,24.0000006258488,4.00000022351742));
#1611=CARTESIAN_POINT('Ctrl Pts',(-18.5730339928815,23.8586515070988,4.00000022351742));
#1612=CARTESIAN_POINT('Ctrl Pts',(-18.4715708380338,23.7244539873175,4.01493617369476));
#1613=CARTESIAN_POINT('Ctrl Pts',(-18.1342118888842,23.3491303990708,4.09175396918012));
#1614=CARTESIAN_POINT('Ctrl Pts',(-17.8576242723718,23.1250117611586,4.18794657377085));
#1615=CARTESIAN_POINT('Ctrl Pts',(-16.9959864932626,22.6778708765445,4.46843248872616));
#1616=CARTESIAN_POINT('Ctrl Pts',(-16.3838081655851,22.5141172445215,4.65138694216079));
#1617=CARTESIAN_POINT('Ctrl Pts',(-14.7556812515821,22.2920153359826,4.94015915777264));
#1618=CARTESIAN_POINT('Ctrl Pts',(-13.9137074819506,22.2888630097309,4.9645997338316));
#1619=CARTESIAN_POINT('Ctrl Pts',(-11.8481280984196,22.3023010425621,4.94256088582032));
#1620=CARTESIAN_POINT('Ctrl Pts',(-10.0561167805225,22.4424277455104,4.69824318182258));
#1621=CARTESIAN_POINT('Ctrl Pts',(-5.95640720597146,22.9483185587413,4.26979609564298));
#1622=CARTESIAN_POINT('Ctrl Pts',(-3.89804451171238,23.2710866551196,4.09823907283982));
#1623=CARTESIAN_POINT('Ctrl Pts',(-1.41325577032768,23.7565980258763,4.01190897923236));
#1624=CARTESIAN_POINT('Ctrl Pts',(-0.847400952135674,23.8737140290649,4.00000022351742));
#1625=CARTESIAN_POINT('Ctrl Pts',(-0.280541524693097,24.0000006258488,4.00000022351742));
#1626=CARTESIAN_POINT('',(-19.,24.0000006258488,4.00000022351742));
#1627=CARTESIAN_POINT('',(0.,24.0000006258488,4.00000022351742));
#1628=CARTESIAN_POINT('Origin',(-19.,24.0000006258488,6.00000022351742));
#1629=CARTESIAN_POINT('Origin',(0.,40.0000006258488,6.00000022351743));
#1630=CARTESIAN_POINT('',(12.4972254342238,42.0000006258488,6.00000022351743));
#1631=CARTESIAN_POINT('',(12.7965323674309,40.0000006258488,4.00000022351742));
#1632=CARTESIAN_POINT('Ctrl Pts',(12.4972254342238,42.0000006258488,6.00000022351743));
#1633=CARTESIAN_POINT('Ctrl Pts',(12.4972254342238,42.0000006258488,5.87294331348945));
#1634=CARTESIAN_POINT('Ctrl Pts',(12.4989913414144,41.9878929059221,5.74588754672948));
#1635=CARTESIAN_POINT('Ctrl Pts',(12.509145281941,41.9183717070657,5.38608515097821));
#1636=CARTESIAN_POINT('Ctrl Pts',(12.5218392262464,41.83148723915,5.16189632984499));
#1637=CARTESIAN_POINT('Ctrl Pts',(12.5570642838119,41.5918942896187,4.76911005654679));
#1638=CARTESIAN_POINT('Ctrl Pts',(12.578606489807,41.4458738380523,4.60059824428194));
#1639=CARTESIAN_POINT('Ctrl Pts',(12.626608100958,41.1229301316983,4.33317079028701));
#1640=CARTESIAN_POINT('Ctrl Pts',(12.6520656387898,40.9525509939765,4.23033750167885));
#1641=CARTESIAN_POINT('Ctrl Pts',(12.7035656400232,40.6103948036805,4.08757041277183));
#1642=CARTESIAN_POINT('Ctrl Pts',(12.7289372162836,40.4427881931061,4.04198905810147));
#1643=CARTESIAN_POINT('Ctrl Pts',(12.7626813990581,40.2213016256324,4.0116341659469));
#1644=CARTESIAN_POINT('Ctrl Pts',(12.7703890933658,40.1708020410594,4.00666148783523));
#1645=CARTESIAN_POINT('Ctrl Pts',(12.7823535851759,40.0925556090904,4.00195139013718));
#1646=CARTESIAN_POINT('Ctrl Pts',(12.7865855657217,40.0649063223953,4.00086223573777));
#1647=CARTESIAN_POINT('Ctrl Pts',(12.7927255632157,40.0248308943798,4.00011582485097));
#1648=CARTESIAN_POINT('Ctrl Pts',(12.7946285459873,40.012415742126,4.00000022351742));
#1649=CARTESIAN_POINT('Ctrl Pts',(12.7965323674309,40.0000006258488,4.00000022351742));
#1650=CARTESIAN_POINT('',(7.11704427276413,42.0000006258488,6.00000022351743));
#1651=CARTESIAN_POINT('',(0.,42.0000006258488,6.00000022351743));
#1652=CARTESIAN_POINT('',(7.48797617160641,40.000000625865,4.00000011175871));
#1653=CARTESIAN_POINT('Ctrl Pts',(7.4879761716145,40.0000006258225,4.00000022351742));
#1654=CARTESIAN_POINT('Ctrl Pts',(7.48450362524812,40.0182558009287,4.00000022351718));
#1655=CARTESIAN_POINT('Ctrl Pts',(7.48103350615415,40.0365106741614,4.00025016207649));
#1656=CARTESIAN_POINT('Ctrl Pts',(7.46663176237031,40.1123240986606,4.00232669267087));
#1657=CARTESIAN_POINT('Ctrl Pts',(7.45573635388807,40.1698038181929,4.00638906881043));
#1658=CARTESIAN_POINT('Ctrl Pts',(7.4277214804316,40.3179164183798,4.0233120379732));
#1659=CARTESIAN_POINT('Ctrl Pts',(7.4107371031417,40.4080238119249,4.03992327372056));
#1660=CARTESIAN_POINT('Ctrl Pts',(7.3496661158917,40.73310280374,4.12327163218598));
#1661=CARTESIAN_POINT('Ctrl Pts',(7.30801401405465,40.9569896498009,4.22678074411529));
#1662=CARTESIAN_POINT('Ctrl Pts',(7.2329750861587,41.3632165658395,4.51489094598239));
#1663=CARTESIAN_POINT('Ctrl Pts',(7.20053795715537,41.5404684923478,4.69936554725182));
#1664=CARTESIAN_POINT('Ctrl Pts',(7.14957483187148,41.8201319002277,5.13120938980028));
#1665=CARTESIAN_POINT('Ctrl Pts',(7.13189237915267,41.9178860512726,5.37553609731792));
#1666=CARTESIAN_POINT('Ctrl Pts',(7.11909623291721,41.9886393950877,5.75383079214265));
#1667=CARTESIAN_POINT('Ctrl Pts',(7.11704427276413,42.0000006258488,5.87692243329732));
#1668=CARTESIAN_POINT('Ctrl Pts',(7.11704427276413,42.0000006258488,6.00000022351743));
#1669=CARTESIAN_POINT('',(0.,40.0000006258488,4.00000022351742));
#1670=CARTESIAN_POINT('Origin',(-19.,32.0000006258488,11.0000002235174));
#1671=CARTESIAN_POINT('',(-19.,24.628173317233,18.0000002235174));
#1672=CARTESIAN_POINT('',(-18.99999999999,24.6281733171874,4.));
#1673=CARTESIAN_POINT('Ctrl Pts',(-19.,24.6281733172331,18.));
#1674=CARTESIAN_POINT('Ctrl Pts',(-19.,24.6281733172331,15.6666666666667));
#1675=CARTESIAN_POINT('Ctrl Pts',(-19.,24.6281733172331,13.3333333333333));
#1676=CARTESIAN_POINT('Ctrl Pts',(-19.,24.6281733172331,8.66666666666667));
#1677=CARTESIAN_POINT('Ctrl Pts',(-19.,24.6281733172331,6.33333333333333));
#1678=CARTESIAN_POINT('Ctrl Pts',(-19.,24.6281733172331,4.));
#1679=CARTESIAN_POINT('',(-19.,24.0000006258488,18.0000002235174));
#1680=CARTESIAN_POINT('',(-19.,24.0000006258488,18.0000002235174));
#1681=CARTESIAN_POINT('Origin',(-19.,24.0000006258488,16.0000002235174));
#1682=CARTESIAN_POINT('',(-19.,40.0000006258488,4.00000022351742));
#1683=CARTESIAN_POINT('Origin',(0.,24.0000006258488,16.0000002235174));
#1684=CARTESIAN_POINT('',(11.5832013059702,24.0000006258488,18.0000002235174));
#1685=CARTESIAN_POINT('Ctrl Pts',(14.0258453157901,22.0000006258488,16.0000002235174));
#1686=CARTESIAN_POINT('Ctrl Pts',(13.7104068667506,22.0000006258488,16.3091059800936));
#1687=CARTESIAN_POINT('Ctrl Pts',(13.3849179645049,22.0716544565489,16.6137744225434));
#1688=CARTESIAN_POINT('Ctrl Pts',(12.8277469297582,22.3186483837422,17.1107411906048));
#1689=CARTESIAN_POINT('Ctrl Pts',(12.5847523265196,22.4726895662934,17.3183294718792));
#1690=CARTESIAN_POINT('Ctrl Pts',(12.2123389376335,22.8086848403533,17.6169425939202));
#1691=CARTESIAN_POINT('Ctrl Pts',(12.0692346492423,22.969048946727,17.7255782632574));
#1692=CARTESIAN_POINT('Ctrl Pts',(11.85974686227,23.2776906546672,17.8702337142154));
#1693=CARTESIAN_POINT('Ctrl Pts',(11.7831950247199,23.4148561440882,17.9183516337862));
#1694=CARTESIAN_POINT('Ctrl Pts',(11.6778032232103,23.6603939626951,17.9735826620025));
#1695=CARTESIAN_POINT('Ctrl Pts',(11.6418008461825,23.7632781663742,17.9887572331004));
#1696=CARTESIAN_POINT('Ctrl Pts',(11.6071465251292,23.8934567521401,17.9973126377417));
#1697=CARTESIAN_POINT('Ctrl Pts',(11.6010516309922,23.9181112597853,17.9984755780532));
#1698=CARTESIAN_POINT('Ctrl Pts',(11.5921938223393,23.9569243643733,17.9995862652563));
#1699=CARTESIAN_POINT('Ctrl Pts',(11.5891264369324,23.9710378986914,17.9998401530759));
#1700=CARTESIAN_POINT('Ctrl Pts',(11.5851912344684,23.9900915969665,17.9999818322306));
#1701=CARTESIAN_POINT('Ctrl Pts',(11.5841863448501,23.9950486807368,18.0000002235174));
#1702=CARTESIAN_POINT('Ctrl Pts',(11.5832013059702,24.0000006258488,18.0000002235174));
#1703=CARTESIAN_POINT('',(-18.6650197194467,24.0000006258488,18.0000002235174));
#1704=CARTESIAN_POINT('',(0.,24.0000006258488,18.0000002235174));
#1705=CARTESIAN_POINT('',(-0.280541524693097,24.0000006258488,18.0000002235174));
#1706=CARTESIAN_POINT('Ctrl Pts',(-0.280541524693097,24.0000006258488,18.0000002235174));
#1707=CARTESIAN_POINT('Ctrl Pts',(-3.3609742295498,23.3137328421885,18.0000002235174));
#1708=CARTESIAN_POINT('Ctrl Pts',(-6.85590758669087,22.7957064068615,17.6446492888141));
#1709=CARTESIAN_POINT('Ctrl Pts',(-10.6985006243159,22.4068925483978,17.2224599522855));
#1710=CARTESIAN_POINT('Ctrl Pts',(-12.2501193715717,22.2844914898615,17.0282262568502));
#1711=CARTESIAN_POINT('Ctrl Pts',(-14.6665494215291,22.2976987119586,17.0498950317317));
#1712=CARTESIAN_POINT('Ctrl Pts',(-15.3422556903219,22.3665961442693,17.1591919689522));
#1713=CARTESIAN_POINT('Ctrl Pts',(-16.4145647905572,22.5281896147317,17.3626127848983));
#1714=CARTESIAN_POINT('Ctrl Pts',(-16.9516244219808,22.6730958579166,17.5190753656977));
#1715=CARTESIAN_POINT('Ctrl Pts',(-17.733249358165,23.0500839450786,17.7704398169835));
#1716=CARTESIAN_POINT('Ctrl Pts',(-17.9969021912379,23.2387678855631,17.8625879456899));
#1717=CARTESIAN_POINT('Ctrl Pts',(-18.3942850332982,23.6233256581944,17.9723683716161));
#1718=CARTESIAN_POINT('Ctrl Pts',(-18.5404229084641,23.8085399494039,18.0000002235174));
#1719=CARTESIAN_POINT('Ctrl Pts',(-18.6650197194467,24.0000006258488,18.0000002235174));
#1720=CARTESIAN_POINT('',(0.,24.0000006258488,18.0000002235174));
#1721=CARTESIAN_POINT('Origin',(0.,40.0000006258488,16.0000002235174));
#1722=CARTESIAN_POINT('',(8.75043881468822,40.0000006258488,18.0000002235174));
#1723=CARTESIAN_POINT('',(10.4762017706611,42.0000006258488,16.0000002235174));
#1724=CARTESIAN_POINT('Ctrl Pts',(8.75043881468822,40.0000006258488,18.0000002235174));
#1725=CARTESIAN_POINT('Ctrl Pts',(8.74917641494306,40.0083524350822,18.0000002235174));
#1726=CARTESIAN_POINT('Ctrl Pts',(8.74796969156437,40.016688449608,17.9999479094146));
#1727=CARTESIAN_POINT('Ctrl Pts',(8.74495228361318,40.0384881224968,17.9996753091662));
#1728=CARTESIAN_POINT('Ctrl Pts',(8.74322967414777,40.0519364577822,17.9993708296713));
#1729=CARTESIAN_POINT('Ctrl Pts',(8.73902480199709,40.0876155480993,17.9982043798038));
#1730=CARTESIAN_POINT('Ctrl Pts',(8.73678646493009,40.1098263658048,17.9971058794848));
#1731=CARTESIAN_POINT('Ctrl Pts',(8.7247549251936,40.2534060166519,17.9876107886601));
#1732=CARTESIAN_POINT('Ctrl Pts',(8.72604270040556,40.3733104362302,17.9685511638931));
#1733=CARTESIAN_POINT('Ctrl Pts',(8.7540651066589,40.6370313231897,17.9018701299999));
#1734=CARTESIAN_POINT('Ctrl Pts',(8.78677650333971,40.775369254419,17.8491860979036));
#1735=CARTESIAN_POINT('Ctrl Pts',(8.87975441159016,41.030773612685,17.7198274180603));
#1736=CARTESIAN_POINT('Ctrl Pts',(8.93901420317867,41.1460416047563,17.6444094882574));
#1737=CARTESIAN_POINT('Ctrl Pts',(9.12082200952547,41.4207997166681,17.4246233358291));
#1738=CARTESIAN_POINT('Ctrl Pts',(9.25904838945766,41.5590929023617,17.2678949453944));
#1739=CARTESIAN_POINT('Ctrl Pts',(9.64406679405457,41.8381696019605,16.8467087778054));
#1740=CARTESIAN_POINT('Ctrl Pts',(9.9243367261548,41.9462825920056,16.5538676081001));
#1741=CARTESIAN_POINT('Ctrl Pts',(10.3095817529686,41.9948739467894,16.1656351834733));
#1742=CARTESIAN_POINT('Ctrl Pts',(10.3926531301459,42.0000006258488,16.0826861272739));
#1743=CARTESIAN_POINT('Ctrl Pts',(10.4762017706611,42.0000006258488,16.0000002235174));
#1744=CARTESIAN_POINT('',(7.4879761716095,40.0000006258488,18.0000002235174));
#1745=CARTESIAN_POINT('',(0.,40.0000006258488,18.0000002235174));
#1746=CARTESIAN_POINT('',(7.11704427276413,42.0000006258488,16.0000002235174));
#1747=CARTESIAN_POINT('Ctrl Pts',(7.11704427276413,42.0000006258488,16.0000002235174));
#1748=CARTESIAN_POINT('Ctrl Pts',(7.11704427276413,42.0000006258488,16.0979700800853));
#1749=CARTESIAN_POINT('Ctrl Pts',(7.11834459914089,41.9928021975618,16.1960265835257));
#1750=CARTESIAN_POINT('Ctrl Pts',(7.12733682100076,41.9430653697043,16.5314296150959));
#1751=CARTESIAN_POINT('Ctrl Pts',(7.14142151357334,41.8651521272773,16.760747376517));
#1752=CARTESIAN_POINT('Ctrl Pts',(7.18252698304091,41.6391677363285,17.1679692775051));
#1753=CARTESIAN_POINT('Ctrl Pts',(7.20843272699138,41.4972084370112,17.3449360609795));
#1754=CARTESIAN_POINT('Ctrl Pts',(7.2677229992927,41.1748026561026,17.6317541667691));
#1755=CARTESIAN_POINT('Ctrl Pts',(7.29999377574568,41.0002685961864,17.7440859959881));
#1756=CARTESIAN_POINT('Ctrl Pts',(7.36087524904818,40.6735894969185,17.8892519554878));
#1757=CARTESIAN_POINT('Ctrl Pts',(7.38802748873072,40.5286404422489,17.9347921800655));
#1758=CARTESIAN_POINT('Ctrl Pts',(7.42967501862224,40.3076035975761,17.9775842596524));
#1759=CARTESIAN_POINT('Ctrl Pts',(7.44351055592305,40.2343734774124,17.9875917452117));
#1760=CARTESIAN_POINT('Ctrl Pts',(7.46758756573468,40.1072912891383,17.9978412478378));
#1761=CARTESIAN_POINT('Ctrl Pts',(7.47777017722216,40.053653534987,18.0000002235174));
#1762=CARTESIAN_POINT('Ctrl Pts',(7.48797617160955,40.0000006258485,18.0000002235174));
#1763=CARTESIAN_POINT('',(0.,42.0000006258488,16.0000002235174));
#1764=CARTESIAN_POINT('Origin',(0.,42.0000006258488,6.00000022351743));
#1765=CARTESIAN_POINT('',(12.4972254341799,42.0000006259992,14.));
#1766=CARTESIAN_POINT('Ctrl Pts',(12.4972254342238,42.0000006258487,14.));
#1767=CARTESIAN_POINT('Ctrl Pts',(12.4972254342238,42.0000006258487,11.3333334078391));
#1768=CARTESIAN_POINT('Ctrl Pts',(12.4972254342238,42.0000006258488,8.6666668156783));
#1769=CARTESIAN_POINT('Ctrl Pts',(12.4972254342238,42.0000006258488,6.00000022351743));
#1770=CARTESIAN_POINT('Ctrl Pts',(10.4762017706611,42.0000006258488,16.0000002235174));
#1771=CARTESIAN_POINT('Ctrl Pts',(11.1498499247286,42.0000006258488,15.3333082691156));
#1772=CARTESIAN_POINT('Ctrl Pts',(11.8235290952218,42.0000006258488,14.6666366649665));
#1773=CARTESIAN_POINT('Ctrl Pts',(12.4972254342238,42.0000006258488,14.));
#1774=CARTESIAN_POINT('Ctrl Pts',(7.11704427276413,42.0000006258488,6.00000022351743));
#1775=CARTESIAN_POINT('Ctrl Pts',(7.11704427276413,42.0000006258488,9.33333355685076));
#1776=CARTESIAN_POINT('Ctrl Pts',(7.11704427276413,42.0000006258488,12.6666668901841));
#1777=CARTESIAN_POINT('Ctrl Pts',(7.11704427276413,42.0000006258488,16.0000002235174));
#1778=CARTESIAN_POINT('Ctrl Pts',(19.7345732963331,3.24755551325256,0.));
#1779=CARTESIAN_POINT('Ctrl Pts',(19.7345732963331,3.24755551325256,26.));
#1780=CARTESIAN_POINT('Ctrl Pts',(19.6365332060655,3.98040734077787,0.));
#1781=CARTESIAN_POINT('Ctrl Pts',(19.6365332060655,3.98040734077787,26.));
#1782=CARTESIAN_POINT('Ctrl Pts',(19.2680281055197,6.41145869131452,0.));
#1783=CARTESIAN_POINT('Ctrl Pts',(19.2680281055197,6.41145869131452,26.));
#1784=CARTESIAN_POINT('Ctrl Pts',(18.3180037608201,11.396852925091,0.));
#1785=CARTESIAN_POINT('Ctrl Pts',(18.3180037608201,11.396852925091,26.));
#1786=CARTESIAN_POINT('Ctrl Pts',(16.3398509193088,20.4276248644412,0.));
#1787=CARTESIAN_POINT('Ctrl Pts',(16.3398509193088,20.4276248644412,26.));
#1788=CARTESIAN_POINT('Ctrl Pts',(13.3105673378774,35.1540653039633,0.));
#1789=CARTESIAN_POINT('Ctrl Pts',(13.3105673378774,35.1540653039633,26.));
#1790=CARTESIAN_POINT('Ctrl Pts',(10.5506599997402,54.3632972797893,0.));
#1791=CARTESIAN_POINT('Ctrl Pts',(10.5506599997402,54.3632972797893,26.));
#1792=CARTESIAN_POINT('Ctrl Pts',(9.46582651420588,75.0000000909805,0.));
#1793=CARTESIAN_POINT('Ctrl Pts',(9.46582651420588,75.0000000909805,26.));
#1794=CARTESIAN_POINT('Ctrl Pts',(10.550659833961,95.6367025293763,0.));
#1795=CARTESIAN_POINT('Ctrl Pts',(10.550659833961,95.6367025293763,26.));
#1796=CARTESIAN_POINT('Ctrl Pts',(13.3105670483016,114.845933653015,0.));
#1797=CARTESIAN_POINT('Ctrl Pts',(13.3105670483016,114.845933653015,26.));
#1798=CARTESIAN_POINT('Ctrl Pts',(16.3398506514165,129.572373702024,0.));
#1799=CARTESIAN_POINT('Ctrl Pts',(16.3398506514165,129.572373702024,26.));
#1800=CARTESIAN_POINT('Ctrl Pts',(18.3180035749837,138.603145750709,0.));
#1801=CARTESIAN_POINT('Ctrl Pts',(18.3180035749837,138.603145750709,26.));
#1802=CARTESIAN_POINT('Ctrl Pts',(19.2680279931644,143.5885404051,0.));
#1803=CARTESIAN_POINT('Ctrl Pts',(19.2680279931644,143.5885404051,26.));
#1804=CARTESIAN_POINT('Ctrl Pts',(19.6365331395389,146.019592167557,0.));
#1805=CARTESIAN_POINT('Ctrl Pts',(19.6365331395389,146.019592167557,26.));
#1806=CARTESIAN_POINT('Ctrl Pts',(19.7345732527192,146.752444221717,0.));
#1807=CARTESIAN_POINT('Ctrl Pts',(19.7345732527192,146.752444221717,26.));
#1808=CARTESIAN_POINT('Ctrl Pts',(12.7965323674309,40.0000006258488,4.00000022351742));
#1809=CARTESIAN_POINT('Ctrl Pts',(13.6223951249316,34.6144209025365,4.00000022351742));
#1810=CARTESIAN_POINT('Ctrl Pts',(14.5652482982832,29.4706750858819,4.00000022351742));
#1811=CARTESIAN_POINT('Ctrl Pts',(15.66220089794,24.0000006258488,4.00000022351742));
#1812=CARTESIAN_POINT('',(19.7345732963331,3.24755551325256,14.));
#1813=CARTESIAN_POINT('Ctrl Pts',(19.7345732963331,3.24755551325226,14.));
#1814=CARTESIAN_POINT('Ctrl Pts',(19.5177941232012,4.86798459247357,14.));
#1815=CARTESIAN_POINT('Ctrl Pts',(18.8233377047052,8.80009605163952,14.));
#1816=CARTESIAN_POINT('Ctrl Pts',(17.4221337537651,15.4661937161389,14.));
#1817=CARTESIAN_POINT('Ctrl Pts',(16.4306660358849,20.2177854130201,14.));
#1818=CARTESIAN_POINT('Ctrl Pts',(16.0668122194651,21.9999721386892,14.));
#1819=CARTESIAN_POINT('',(19.7345732963331,3.24755551325256,0.));
#1820=CARTESIAN_POINT('',(19.7345732963331,3.24755551325256,0.));
#1821=CARTESIAN_POINT('',(19.7345732527192,146.752444221717,0.));
#1822=CARTESIAN_POINT('Ctrl Pts',(19.7345732527192,146.752444221717,0.));
#1823=CARTESIAN_POINT('Ctrl Pts',(19.6365331395389,146.019592167557,0.));
#1824=CARTESIAN_POINT('Ctrl Pts',(19.2680279931644,143.5885404051,0.));
#1825=CARTESIAN_POINT('Ctrl Pts',(18.3180035749837,138.603145750709,0.));
#1826=CARTESIAN_POINT('Ctrl Pts',(16.3398506514165,129.572373702024,0.));
#1827=CARTESIAN_POINT('Ctrl Pts',(13.3105670483016,114.845933653015,0.));
#1828=CARTESIAN_POINT('Ctrl Pts',(10.550659833961,95.6367025293763,0.));
#1829=CARTESIAN_POINT('Ctrl Pts',(9.46582651420588,75.0000000909805,0.));
#1830=CARTESIAN_POINT('Ctrl Pts',(10.5506599997402,54.3632972797893,0.));
#1831=CARTESIAN_POINT('Ctrl Pts',(13.3105673378774,35.1540653039633,0.));
#1832=CARTESIAN_POINT('Ctrl Pts',(16.3398509193088,20.4276248644412,0.));
#1833=CARTESIAN_POINT('Ctrl Pts',(18.3180037608201,11.396852925091,0.));
#1834=CARTESIAN_POINT('Ctrl Pts',(19.2680281055197,6.41145869131452,0.));
#1835=CARTESIAN_POINT('Ctrl Pts',(19.6365332060655,3.98040734077787,0.));
#1836=CARTESIAN_POINT('Ctrl Pts',(19.7345732963331,3.24755551325256,0.));
#1837=CARTESIAN_POINT('',(19.7345732527192,146.752444221717,14.));
#1838=CARTESIAN_POINT('',(19.7345732527192,146.752444221717,0.));
#1839=CARTESIAN_POINT('Ctrl Pts',(12.4975520653506,42.000048276613,14.));
#1840=CARTESIAN_POINT('Ctrl Pts',(11.5760530814297,48.3195607988968,14.));
#1841=CARTESIAN_POINT('Ctrl Pts',(9.86860157139964,63.4768668733769,14.));
#1842=CARTESIAN_POINT('Ctrl Pts',(9.87697310439811,88.3269350075903,14.));
#1843=CARTESIAN_POINT('Ctrl Pts',(13.0407034065172,113.481787949701,14.));
#1844=CARTESIAN_POINT('Ctrl Pts',(16.632931544746,130.775900921563,14.));
#1845=CARTESIAN_POINT('Ctrl Pts',(18.8230389794528,141.199663278721,14.));
#1846=CARTESIAN_POINT('Ctrl Pts',(19.5177940683208,145.132014935866,14.));
#1847=CARTESIAN_POINT('Ctrl Pts',(19.7345732527192,146.752444221717,14.));
#1848=CARTESIAN_POINT('Ctrl Pts',(8.82076279232733,33.5036202847366,0.));
#1849=CARTESIAN_POINT('Ctrl Pts',(8.82076279232733,33.5036202847366,18.));
#1850=CARTESIAN_POINT('Ctrl Pts',(8.81269024788137,33.5439074374716,0.));
#1851=CARTESIAN_POINT('Ctrl Pts',(8.81269024788137,33.5439074374716,18.));
#1852=CARTESIAN_POINT('Ctrl Pts',(8.69716881175005,34.0735190014063,0.));
#1853=CARTESIAN_POINT('Ctrl Pts',(8.69716881175005,34.0735190014063,18.));
#1854=CARTESIAN_POINT('Ctrl Pts',(8.22578771994931,36.2149613207178,0.));
#1855=CARTESIAN_POINT('Ctrl Pts',(8.22578771994931,36.2149613207178,18.));
#1856=CARTESIAN_POINT('Ctrl Pts',(7.10349714656921,41.6123107253591,0.));
#1857=CARTESIAN_POINT('Ctrl Pts',(7.10349714656921,41.6123107253591,18.));
#1858=CARTESIAN_POINT('Ctrl Pts',(5.42447033769403,51.7404579093343,0.));
#1859=CARTESIAN_POINT('Ctrl Pts',(5.42447033769403,51.7404579093343,18.));
#1860=CARTESIAN_POINT('Ctrl Pts',(4.11045689301371,64.1294015595261,0.));
#1861=CARTESIAN_POINT('Ctrl Pts',(4.11045689301371,64.1294015595261,18.));
#1862=CARTESIAN_POINT('Ctrl Pts',(3.70605043951506,77.548166404464,0.));
#1863=CARTESIAN_POINT('Ctrl Pts',(3.70605043951506,77.548166404464,18.));
#1864=CARTESIAN_POINT('Ctrl Pts',(4.46526863718548,90.7758655451204,0.));
#1865=CARTESIAN_POINT('Ctrl Pts',(4.46526863718548,90.7758655451204,18.));
#1866=CARTESIAN_POINT('Ctrl Pts',(6.11618773211186,102.713194616188,0.));
#1867=CARTESIAN_POINT('Ctrl Pts',(6.11618773211186,102.713194616188,18.));
#1868=CARTESIAN_POINT('Ctrl Pts',(8.07978958620088,112.391184315094,0.));
#1869=CARTESIAN_POINT('Ctrl Pts',(8.07978958620088,112.391184315094,18.));
#1870=CARTESIAN_POINT('Ctrl Pts',(9.36037079709884,117.677028804705,0.));
#1871=CARTESIAN_POINT('Ctrl Pts',(9.36037079709884,117.677028804705,18.));
#1872=CARTESIAN_POINT('Ctrl Pts',(9.89807672529664,119.994319017822,0.));
#1873=CARTESIAN_POINT('Ctrl Pts',(9.89807672529664,119.994319017822,18.));
#1874=CARTESIAN_POINT('Ctrl Pts',(10.0327301998378,120.773208958078,0.));
#1875=CARTESIAN_POINT('Ctrl Pts',(10.0327301998378,120.773208958078,18.));
#1876=CARTESIAN_POINT('Ctrl Pts',(10.0440951843097,120.971150189888,0.));
#1877=CARTESIAN_POINT('Ctrl Pts',(10.0440951843097,120.971150189888,18.));
#1878=CARTESIAN_POINT('',(10.0440951843097,120.971150189888,18.));
#1879=CARTESIAN_POINT('Ctrl Pts',(7.48797617160951,40.0000006258487,18.));
#1880=CARTESIAN_POINT('Ctrl Pts',(7.40120191792129,40.4561728489539,18.));
#1881=CARTESIAN_POINT('Ctrl Pts',(7.02914180636764,42.4392030071808,18.));
#1882=CARTESIAN_POINT('Ctrl Pts',(6.3156867160296,46.4694463343534,18.));
#1883=CARTESIAN_POINT('Ctrl Pts',(5.24424101825562,53.4397182111786,18.));
#1884=CARTESIAN_POINT('Ctrl Pts',(4.11045689301371,64.1294015595261,18.));
#1885=CARTESIAN_POINT('Ctrl Pts',(3.70605043951506,77.548166404464,18.));
#1886=CARTESIAN_POINT('Ctrl Pts',(4.46526863718548,90.7758655451204,18.));
#1887=CARTESIAN_POINT('Ctrl Pts',(6.11618773211186,102.713194616188,18.));
#1888=CARTESIAN_POINT('Ctrl Pts',(8.07978958620088,112.391184315094,18.));
#1889=CARTESIAN_POINT('Ctrl Pts',(9.36037079709884,117.677028804705,18.));
#1890=CARTESIAN_POINT('Ctrl Pts',(9.89807672529664,119.994319017822,18.));
#1891=CARTESIAN_POINT('Ctrl Pts',(10.0327301998378,120.773208958078,18.));
#1892=CARTESIAN_POINT('Ctrl Pts',(10.0440951843097,120.971150189888,18.));
#1893=CARTESIAN_POINT('',(10.0440951843097,120.971150189888,4.));
#1894=CARTESIAN_POINT('',(10.0440951843097,120.971150189888,0.));
#1895=CARTESIAN_POINT('Ctrl Pts',(10.0440951843097,120.971150189888,4.));
#1896=CARTESIAN_POINT('Ctrl Pts',(10.0413437893106,120.923229797505,4.));
#1897=CARTESIAN_POINT('Ctrl Pts',(10.0346532798055,120.861837597087,4.));
#1898=CARTESIAN_POINT('Ctrl Pts',(10.0240434760738,120.78699248357,4.));
#1899=CARTESIAN_POINT('Ctrl Pts',(10.0132732851593,120.71101594508,4.));
#1900=CARTESIAN_POINT('Ctrl Pts',(9.99846448650029,120.621176723978,4.));
#1901=CARTESIAN_POINT('Ctrl Pts',(9.97967725954313,120.517532310072,4.));
#1902=CARTESIAN_POINT('Ctrl Pts',(9.96058331954034,120.412195837305,4.));
#1903=CARTESIAN_POINT('Ctrl Pts',(9.93738007480167,120.292599775173,4.));
#1904=CARTESIAN_POINT('Ctrl Pts',(9.91016991865284,120.158842578861,4.));
#1905=CARTESIAN_POINT('Ctrl Pts',(9.88247703677129,120.022712443553,4.));
#1906=CARTESIAN_POINT('Ctrl Pts',(9.85063390532038,119.871914303947,4.));
#1907=CARTESIAN_POINT('Ctrl Pts',(9.81478741294364,119.706590488116,4.));
#1908=CARTESIAN_POINT('Ctrl Pts',(9.77824482999272,119.538056306577,4.));
#1909=CARTESIAN_POINT('Ctrl Pts',(9.73754200090391,119.354426878581,4.));
#1910=CARTESIAN_POINT('Ctrl Pts',(9.69287316423121,119.155892032985,4.));
#1911=CARTESIAN_POINT('Ctrl Pts',(9.64724668652151,118.953100861735,4.));
#1912=CARTESIAN_POINT('Ctrl Pts',(9.59748244408531,118.734758365995,4.));
#1913=CARTESIAN_POINT('Ctrl Pts',(9.54382566930716,118.501106494413,4.));
#1914=CARTESIAN_POINT('Ctrl Pts',(9.48895176483551,118.262154553418,4.));
#1915=CARTESIAN_POINT('Ctrl Pts',(9.43000687248761,118.00719087349,4.));
#1916=CARTESIAN_POINT('Ctrl Pts',(9.36729088019823,117.736514451734,4.));
#1917=CARTESIAN_POINT('Ctrl Pts',(9.30324316464602,117.460090435556,4.));
#1918=CARTESIAN_POINT('Ctrl Pts',(9.23526265361236,117.167279316096,4.));
#1919=CARTESIAN_POINT('Ctrl Pts',(9.16370518783504,116.858440363001,4.));
#1920=CARTESIAN_POINT('Ctrl Pts',(9.09050506038026,116.542511752561,4.));
#1921=CARTESIAN_POINT('Ctrl Pts',(9.0135620518993,116.20981101124,4.));
#1922=CARTESIAN_POINT('Ctrl Pts',(8.93329222259807,115.8607647919,4.));
#1923=CARTESIAN_POINT('Ctrl Pts',(8.85098178258801,115.502845158236,4.));
#1924=CARTESIAN_POINT('Ctrl Pts',(8.76517344007743,115.127738430304,4.));
#1925=CARTESIAN_POINT('Ctrl Pts',(8.67634928625176,114.735948191115,4.));
#1926=CARTESIAN_POINT('Ctrl Pts',(8.58500995021828,114.333063854247,4.));
#1927=CARTESIAN_POINT('Ctrl Pts',(8.4904818534791,113.912537807544,4.));
#1928=CARTESIAN_POINT('Ctrl Pts',(8.39332050230845,113.474962950617,4.));
#1929=CARTESIAN_POINT('Ctrl Pts',(8.2930849727698,113.023543255765,4.));
#1930=CARTESIAN_POINT('Ctrl Pts',(8.19004724864526,112.553978852146,4.));
#1931=CARTESIAN_POINT('Ctrl Pts',(8.08484554252368,112.066968099649,4.));
#1932=CARTESIAN_POINT('Ctrl Pts',(7.9713956226838,111.541773852627,4.));
#1933=CARTESIAN_POINT('Ctrl Pts',(7.85542939256446,110.996289914827,4.));
#1934=CARTESIAN_POINT('Ctrl Pts',(7.73777492008999,110.431449619177,4.));
#1935=CARTESIAN_POINT('Ctrl Pts',(7.62065691974417,109.869184840371,4.));
#1936=CARTESIAN_POINT('Ctrl Pts',(7.50186672013589,109.287740082786,4.));
#1937=CARTESIAN_POINT('Ctrl Pts',(7.38223938178097,108.688090709316,4.));
#1938=CARTESIAN_POINT('Ctrl Pts',(7.26029268111708,108.076815196081,4.));
#1939=CARTESIAN_POINT('Ctrl Pts',(7.13747674774245,107.446622372231,4.));
#1940=CARTESIAN_POINT('Ctrl Pts',(7.01468493210769,106.798600329556,4.));
#1941=CARTESIAN_POINT('Ctrl Pts',(6.8906354304634,106.143940969462,4.));
#1942=CARTESIAN_POINT('Ctrl Pts',(6.766611303759,105.471085448962,4.));
#1943=CARTESIAN_POINT('Ctrl Pts',(6.64353148706712,104.781209350334,4.));
#1944=CARTESIAN_POINT('Ctrl Pts',(6.52072843592414,104.092884553473,4.));
#1945=CARTESIAN_POINT('Ctrl Pts',(6.39886621019697,103.387615908686,4.));
#1946=CARTESIAN_POINT('Ctrl Pts',(6.27884402167732,102.666620907507,4.));
#1947=CARTESIAN_POINT('Ctrl Pts',(6.16110031814826,101.959313177896,4.));
#1948=CARTESIAN_POINT('Ctrl Pts',(6.04512810060799,101.236870861278,4.));
#1949=CARTESIAN_POINT('Ctrl Pts',(5.93175303616501,100.500486588419,4.));
#1950=CARTESIAN_POINT('Ctrl Pts',(5.82158013207331,99.7849007206897,4.));
#1951=CARTESIAN_POINT('Ctrl Pts',(5.71386026886769,99.0561495930169,4.));
#1952=CARTESIAN_POINT('Ctrl Pts',(5.60932039074516,98.3153644476346,4.));
#1953=CARTESIAN_POINT('Ctrl Pts',(5.5078163423391,97.596091643746,4.));
#1954=CARTESIAN_POINT('Ctrl Pts',(5.40931066940288,96.8654738404624,4.));
#1955=CARTESIAN_POINT('Ctrl Pts',(5.31443277391893,96.1245781849946,4.));
#1956=CARTESIAN_POINT('Ctrl Pts',(5.22219703638131,95.4043149785659,4.));
#1957=CARTESIAN_POINT('Ctrl Pts',(5.13339015125348,94.6743385796524,4.));
#1958=CARTESIAN_POINT('Ctrl Pts',(5.04855066527894,93.9356566900598,4.));
#1959=CARTESIAN_POINT('Ctrl Pts',(4.96591160696339,93.2161335216969,4.));
#1960=CARTESIAN_POINT('Ctrl Pts',(4.88703706941508,92.4883507460723,4.));
#1961=CARTESIAN_POINT('Ctrl Pts',(4.81238243794727,91.753263321199,4.));
#1962=CARTESIAN_POINT('Ctrl Pts',(4.73954709391212,91.0360895245586,4.));
#1963=CARTESIAN_POINT('Ctrl Pts',(4.67072869391481,90.3119628958136,4.));
#1964=CARTESIAN_POINT('Ctrl Pts',(4.60630598011968,89.5817909212761,4.));
#1965=CARTESIAN_POINT('Ctrl Pts',(4.5433850389289,88.8686401525095,4.));
#1966=CARTESIAN_POINT('Ctrl Pts',(4.4846574110143,88.1497226920566,4.));
#1967=CARTESIAN_POINT('Ctrl Pts',(4.43043055150049,87.4259023336432,4.));
#1968=CARTESIAN_POINT('Ctrl Pts',(4.37735683095647,86.7174740792515,4.));
#1969=CARTESIAN_POINT('Ctrl Pts',(4.32859464811071,86.0043493037527,4.));
#1970=CARTESIAN_POINT('Ctrl Pts',(4.28438582215147,85.287354433201,4.));
#1971=CARTESIAN_POINT('Ctrl Pts',(4.24103517449834,84.5842778115544,4.));
#1972=CARTESIAN_POINT('Ctrl Pts',(4.20206295473456,83.8774799500195,4.));
#1973=CARTESIAN_POINT('Ctrl Pts',(4.16764992725541,83.1677552114021,4.));
#1974=CARTESIAN_POINT('Ctrl Pts',(4.1338504096521,82.4706833303843,4.));
#1975=CARTESIAN_POINT('Ctrl Pts',(4.10444909172407,81.7707880544771,4.));
#1976=CARTESIAN_POINT('Ctrl Pts',(4.07956934655336,81.0688359292316,4.));
#1977=CARTESIAN_POINT('Ctrl Pts',(4.05509924103457,80.3784412947188,4.));
#1978=CARTESIAN_POINT('Ctrl Pts',(4.03500314820234,79.686057030048,4.));
#1979=CARTESIAN_POINT('Ctrl Pts',(4.01935001807487,78.9924253040262,4.));
#1980=CARTESIAN_POINT('Ctrl Pts',(4.00387784421314,78.3068122302431,4.));
#1981=CARTESIAN_POINT('Ctrl Pts',(3.99274663005177,77.6199804040097,4.));
#1982=CARTESIAN_POINT('Ctrl Pts',(3.98597344346735,76.9326586635097,4.));
#1983=CARTESIAN_POINT('Ctrl Pts',(3.97910917944823,76.2360946704674,4.));
#1984=CARTESIAN_POINT('Ctrl Pts',(3.97672089193523,75.539027570801,4.));
#1985=CARTESIAN_POINT('Ctrl Pts',(3.97877360515147,74.8422279390652,4.));
#1986=CARTESIAN_POINT('Ctrl Pts',(3.98086781381084,74.1313425552328,4.));
#1987=CARTESIAN_POINT('Ctrl Pts',(3.98758428712025,73.4207356564529,4.));
#1988=CARTESIAN_POINT('Ctrl Pts',(3.99883269530996,72.7112365144537,4.));
#1989=CARTESIAN_POINT('Ctrl Pts',(4.01033231017641,71.9858923818918,4.));
#1990=CARTESIAN_POINT('Ctrl Pts',(4.02656842820269,71.261706146352,4.));
#1991=CARTESIAN_POINT('Ctrl Pts',(4.04739109227242,70.5395737280767,4.));
#1992=CARTESIAN_POINT('Ctrl Pts',(4.06941600782435,69.775747088192,4.));
#1993=CARTESIAN_POINT('Ctrl Pts',(4.09657255094407,69.0142183753864,4.));
#1994=CARTESIAN_POINT('Ctrl Pts',(4.12862332885932,68.2560571671506,4.));
#1995=CARTESIAN_POINT('Ctrl Pts',(4.16106327461117,67.4886901930521,4.));
#1996=CARTESIAN_POINT('Ctrl Pts',(4.19851670825336,66.7247731915474,4.));
#1997=CARTESIAN_POINT('Ctrl Pts',(4.24067969423316,65.9654221211737,4.));
#1998=CARTESIAN_POINT('Ctrl Pts',(4.28417855057682,65.1820121620116,4.));
#1999=CARTESIAN_POINT('Ctrl Pts',(4.33268991411374,64.4034622608502,4.));
#2000=CARTESIAN_POINT('Ctrl Pts',(4.38582268246133,63.6310020832325,4.));
#2001=CARTESIAN_POINT('Ctrl Pts',(4.44063502833088,62.8341237020977,4.));
#2002=CARTESIAN_POINT('Ctrl Pts',(4.50036536671478,62.0437264248625,4.));
#2003=CARTESIAN_POINT('Ctrl Pts',(4.56452751578694,61.2611608031602,4.));
#2004=CARTESIAN_POINT('Ctrl Pts',(4.6308809739273,60.4518684715813,4.));
#2005=CARTESIAN_POINT('Ctrl Pts',(4.70197387399026,59.6509522502523,4.));
#2006=CARTESIAN_POINT('Ctrl Pts',(4.77721214756471,58.8599012253649,4.));
#2007=CARTESIAN_POINT('Ctrl Pts',(4.85519075712402,58.0400384603036,4.));
#2008=CARTESIAN_POINT('Ctrl Pts',(4.9376218539776,57.230773086528,4.));
#2009=CARTESIAN_POINT('Ctrl Pts',(5.02378921533896,56.4337513003042,4.));
#2010=CARTESIAN_POINT('Ctrl Pts',(5.1144594028623,55.5950797467674,4.));
#2011=CARTESIAN_POINT('Ctrl Pts',(5.20926614528018,54.7699655448551,4.));
#2012=CARTESIAN_POINT('Ctrl Pts',(5.30732101336356,53.9603046357194,4.));
#2013=CARTESIAN_POINT('Ctrl Pts',(5.40679959575924,53.1388878000602,4.));
#2014=CARTESIAN_POINT('Ctrl Pts',(5.50962045309797,52.3333769427512,4.));
#2015=CARTESIAN_POINT('Ctrl Pts',(5.61481199320727,51.5457191343675,4.));
#2016=CARTESIAN_POINT('Ctrl Pts',(5.71868711440248,50.7679184650248,4.));
#2017=CARTESIAN_POINT('Ctrl Pts',(5.82487296458312,50.007527435523,4.));
#2018=CARTESIAN_POINT('Ctrl Pts',(5.93240559734141,49.2663798663884,4.));
#2019=CARTESIAN_POINT('Ctrl Pts',(6.03670754104096,48.5474991876024,4.));
#2020=CARTESIAN_POINT('Ctrl Pts',(6.14227567246029,47.8467234692541,4.));
#2021=CARTESIAN_POINT('Ctrl Pts',(6.24821720462488,47.1656796746684,4.));
#2022=CARTESIAN_POINT('Ctrl Pts',(6.35484066038043,46.4802521429353,4.));
#2023=CARTESIAN_POINT('Ctrl Pts',(6.46184154190622,45.8148120817,4.));
#2024=CARTESIAN_POINT('Ctrl Pts',(6.56830859312794,45.1709614222753,4.));
#2025=CARTESIAN_POINT('Ctrl Pts',(6.66499083935031,44.5862835593063,4.));
#2026=CARTESIAN_POINT('Ctrl Pts',(6.76123241967112,44.0194087928506,4.));
#2027=CARTESIAN_POINT('Ctrl Pts',(6.85635852580478,43.471489317037,4.));
#2028=CARTESIAN_POINT('Ctrl Pts',(6.94885788661693,42.9386997038675,4.));
#2029=CARTESIAN_POINT('Ctrl Pts',(7.04030213850692,42.4238331466792,4.));
#2030=CARTESIAN_POINT('Ctrl Pts',(7.13008431410894,41.9279024600866,4.));
#2031=CARTESIAN_POINT('Ctrl Pts',(7.21612700886274,41.452627580642,4.));
#2032=CARTESIAN_POINT('Ctrl Pts',(7.30064293824462,40.994744112726,4.));
#2033=CARTESIAN_POINT('Ctrl Pts',(7.38311494032153,40.5550988446817,4.));
#2034=CARTESIAN_POINT('Ctrl Pts',(7.41845695950816,40.3666961006324,4.));
#2035=CARTESIAN_POINT('Ctrl Pts',(7.45342387128837,40.1816420572753,4.));
#2036=CARTESIAN_POINT('Ctrl Pts',(7.48797617160474,40.0000006258738,4.));
#2037=CARTESIAN_POINT('Origin',(-7.63194324849443,73.2743658581557,4.));
#2038=CARTESIAN_POINT('',(-18.8947109729624,124.429105701148,4.));
#2039=CARTESIAN_POINT('Ctrl Pts',(10.0440951843095,120.971150189888,4.));
#2040=CARTESIAN_POINT('Ctrl Pts',(9.99666118292021,120.664345902899,4.));
#2041=CARTESIAN_POINT('Ctrl Pts',(9.80585150129186,119.631545687713,4.));
#2042=CARTESIAN_POINT('Ctrl Pts',(9.29266331537715,118.010735414496,4.));
#2043=CARTESIAN_POINT('Ctrl Pts',(7.93515978338231,116.348005039068,4.));
#2044=CARTESIAN_POINT('Ctrl Pts',(4.50868455933795,115.561182069156,4.));
#2045=CARTESIAN_POINT('Ctrl Pts',(-1.21201206869967,115.665335827991,4.));
#2046=CARTESIAN_POINT('Ctrl Pts',(-7.70688524202175,116.43603782013,4.));
#2047=CARTESIAN_POINT('Ctrl Pts',(-13.5996613854416,117.478789961891,4.));
#2048=CARTESIAN_POINT('Ctrl Pts',(-17.7091107848979,118.853153555169,4.));
#2049=CARTESIAN_POINT('Ctrl Pts',(-19.0146160344815,120.279691017884,4.));
#2050=CARTESIAN_POINT('Ctrl Pts',(-19.1259637362537,122.102626132642,4.));
#2051=CARTESIAN_POINT('Ctrl Pts',(-18.9960166529369,123.616016471929,4.));
#2052=CARTESIAN_POINT('Ctrl Pts',(-18.8952445500691,124.424829697031,4.));
#2053=CARTESIAN_POINT('Ctrl Pts',(-18.8947109729624,124.429105701148,4.));
#2054=CARTESIAN_POINT('',(-19.7611224545464,27.4584540335192,4.));
#2055=CARTESIAN_POINT('Ctrl Pts',(-19.7611224545464,27.4584540335192,4.));
#2056=CARTESIAN_POINT('Ctrl Pts',(-21.367098853818,34.9201993726493,4.));
#2057=CARTESIAN_POINT('Ctrl Pts',(-23.5567338972043,46.5702119395739,4.));
#2058=CARTESIAN_POINT('Ctrl Pts',(-25.5965356191212,75.8411444721889,4.));
#2059=CARTESIAN_POINT('Ctrl Pts',(-24.864131078209,90.5681802482412,4.));
#2060=CARTESIAN_POINT('Ctrl Pts',(-20.9633478780801,115.180482786526,4.));
#2061=CARTESIAN_POINT('Ctrl Pts',(-19.2799060966453,122.141406309765,4.));
#2062=CARTESIAN_POINT('Ctrl Pts',(-18.8947109729624,124.429105701148,4.));
#2063=CARTESIAN_POINT('',(-19.4094390031162,25.8412616727344,4.));
#2064=CARTESIAN_POINT('Ctrl Pts',(-19.4094390031162,25.8412616727344,4.));
#2065=CARTESIAN_POINT('Ctrl Pts',(-19.4114591200737,25.8513430229994,4.));
#2066=CARTESIAN_POINT('Ctrl Pts',(-19.416841910709,25.8764989411914,4.));
#2067=CARTESIAN_POINT('Ctrl Pts',(-19.4255721456397,25.9167070474423,4.));
#2068=CARTESIAN_POINT('Ctrl Pts',(-19.4344093524931,25.9574078252505,4.));
#2069=CARTESIAN_POINT('Ctrl Pts',(-19.4466764763475,26.0135318559937,4.));
#2070=CARTESIAN_POINT('Ctrl Pts',(-19.4623276055318,26.0850116723164,4.));
#2071=CARTESIAN_POINT('Ctrl Pts',(-19.478293800517,26.1579304164836,4.));
#2072=CARTESIAN_POINT('Ctrl Pts',(-19.4977815813838,26.2468293897555,4.));
#2073=CARTESIAN_POINT('Ctrl Pts',(-19.5207117436308,26.3515917602255,4.));
#2074=CARTESIAN_POINT('Ctrl Pts',(-19.5439244734283,26.4576451135542,4.));
#2075=CARTESIAN_POINT('Ctrl Pts',(-19.5706648639001,26.579955150957,4.));
#2076=CARTESIAN_POINT('Ctrl Pts',(-19.6008207988986,26.7183557237828,4.));
#2077=CARTESIAN_POINT('Ctrl Pts',(-19.6315826269471,26.8595370409365,4.));
#2078=CARTESIAN_POINT('Ctrl Pts',(-19.6658985685894,27.0174619224548,4.));
#2079=CARTESIAN_POINT('Ctrl Pts',(-19.7036196870212,27.1919084979385,4.));
#2080=CARTESIAN_POINT('Ctrl Pts',(-19.7219869118207,27.2768502918358,4.));
#2081=CARTESIAN_POINT('Ctrl Pts',(-19.7411610382784,27.3657085829209,4.));
#2082=CARTESIAN_POINT('Ctrl Pts',(-19.7611224545464,27.4584540335191,4.));
#2083=CARTESIAN_POINT('Ctrl Pts',(-18.9999999999799,24.6281733171874,4.));
#2084=CARTESIAN_POINT('Ctrl Pts',(-19.1532295096972,24.9765943872705,4.));
#2085=CARTESIAN_POINT('Ctrl Pts',(-19.2865660108138,25.3777576010756,4.));
#2086=CARTESIAN_POINT('Ctrl Pts',(-19.409439003135,25.841261672729,4.));
#2087=CARTESIAN_POINT('Ctrl Pts',(-0.280541524693097,24.0000006258488,4.));
#2088=CARTESIAN_POINT('Ctrl Pts',(-4.18998524585388,23.1290433497377,4.));
#2089=CARTESIAN_POINT('Ctrl Pts',(-9.54610964223345,22.3504228671851,4.));
#2090=CARTESIAN_POINT('Ctrl Pts',(-14.3202534050178,22.276668573664,4.));
#2091=CARTESIAN_POINT('Ctrl Pts',(-15.4440265565608,22.3337527945184,4.));
#2092=CARTESIAN_POINT('Ctrl Pts',(-16.8905469487264,22.6597868978192,4.));
#2093=CARTESIAN_POINT('Ctrl Pts',(-17.3098184727437,22.8222495233156,4.));
#2094=CARTESIAN_POINT('Ctrl Pts',(-18.0035718007991,23.2304552664382,4.));
#2095=CARTESIAN_POINT('Ctrl Pts',(-18.2928851988978,23.4898979366761,4.));
#2096=CARTESIAN_POINT('Ctrl Pts',(-18.5813279433242,23.8757380757873,4.));
#2097=CARTESIAN_POINT('Ctrl Pts',(-18.6238296799834,23.9367062866418,4.));
#2098=CARTESIAN_POINT('Ctrl Pts',(-18.6650197194467,24.0000006258488,4.));
#2099=CARTESIAN_POINT('Origin',(-7.46679100340697,77.2501418635277,18.));
#2100=CARTESIAN_POINT('Ctrl Pts',(-18.6650197194467,24.0000006258488,18.));
#2101=CARTESIAN_POINT('Ctrl Pts',(-18.3705786328285,23.5475501243267,18.));
#2102=CARTESIAN_POINT('Ctrl Pts',(-17.653203494161,22.8173922285902,18.));
#2103=CARTESIAN_POINT('Ctrl Pts',(-16.0858567209871,22.2436055842947,18.));
#2104=CARTESIAN_POINT('Ctrl Pts',(-12.623472213839,22.1213226968645,18.));
#2105=CARTESIAN_POINT('Ctrl Pts',(-7.82640062059177,22.6495014633385,18.));
#2106=CARTESIAN_POINT('Ctrl Pts',(-3.97941393073997,23.2433919225397,18.));
#2107=CARTESIAN_POINT('Ctrl Pts',(-1.50479806846488,23.727893696134,18.));
#2108=CARTESIAN_POINT('Ctrl Pts',(-0.303562444177555,23.9948719582536,18.));
#2109=CARTESIAN_POINT('Ctrl Pts',(-0.280541524693097,24.0000006258488,18.));
#2110=CARTESIAN_POINT('',(-19.4094390031162,25.8412616727344,18.));
#2111=CARTESIAN_POINT('Ctrl Pts',(-19.409439003135,25.841261672729,18.));
#2112=CARTESIAN_POINT('Ctrl Pts',(-19.3381173618817,25.5722206858254,18.));
#2113=CARTESIAN_POINT('Ctrl Pts',(-19.2625287000964,25.3156813041562,18.));
#2114=CARTESIAN_POINT('Ctrl Pts',(-19.1817340696216,25.0725338364268,18.));
#2115=CARTESIAN_POINT('Ctrl Pts',(-19.094610001066,24.8433023604155,18.));
#2116=CARTESIAN_POINT('Ctrl Pts',(-19.,24.628173317233,18.));
#2117=CARTESIAN_POINT('',(-19.7611224545464,27.4584540335192,18.));
#2118=CARTESIAN_POINT('Ctrl Pts',(-19.7611224545464,27.4584540335191,18.));
#2119=CARTESIAN_POINT('Ctrl Pts',(-19.6302013261706,26.8501635755182,18.));
#2120=CARTESIAN_POINT('Ctrl Pts',(-19.5274978048829,26.3812099394903,18.));
#2121=CARTESIAN_POINT('Ctrl Pts',(-19.4556725162138,26.0555788565495,18.));
#2122=CARTESIAN_POINT('Ctrl Pts',(-19.4163185075626,25.8755936918375,18.));
#2123=CARTESIAN_POINT('Ctrl Pts',(-19.4094390031162,25.8412616727344,18.));
#2124=CARTESIAN_POINT('',(-18.8947109729624,124.429105701148,18.));
#2125=CARTESIAN_POINT('Ctrl Pts',(-18.8947109729624,124.429105701148,18.));
#2126=CARTESIAN_POINT('Ctrl Pts',(-18.9526807677384,124.08481924456,18.));
#2127=CARTESIAN_POINT('Ctrl Pts',(-19.16106790173,122.986965195495,18.));
#2128=CARTESIAN_POINT('Ctrl Pts',(-19.7436803924035,120.249280060996,18.));
#2129=CARTESIAN_POINT('Ctrl Pts',(-20.996337566426,114.43664880061,18.));
#2130=CARTESIAN_POINT('Ctrl Pts',(-22.904718319858,104.015649946869,18.));
#2131=CARTESIAN_POINT('Ctrl Pts',(-24.5873419198075,90.3849575782621,18.));
#2132=CARTESIAN_POINT('Ctrl Pts',(-25.3079816812986,75.3578014426182,18.));
#2133=CARTESIAN_POINT('Ctrl Pts',(-24.7709657550462,60.1949190784865,18.));
#2134=CARTESIAN_POINT('Ctrl Pts',(-23.2490632001729,46.2587431944714,18.));
#2135=CARTESIAN_POINT('Ctrl Pts',(-21.6340772166778,36.6360597164629,18.));
#2136=CARTESIAN_POINT('Ctrl Pts',(-20.5701281679667,31.2807747465526,18.));
#2137=CARTESIAN_POINT('Ctrl Pts',(-20.0290403635466,28.7074408668957,18.));
#2138=CARTESIAN_POINT('Ctrl Pts',(-19.8020149245798,27.6484500993489,18.));
#2139=CARTESIAN_POINT('Ctrl Pts',(-19.7611224545464,27.4584540335192,18.));
#2140=CARTESIAN_POINT('',(-18.8210705207245,124.979402047666,18.));
#2141=CARTESIAN_POINT('Ctrl Pts',(-18.8210705207245,124.979402047666,18.));
#2142=CARTESIAN_POINT('Ctrl Pts',(-18.8250397920938,124.91027019217,18.));
#2143=CARTESIAN_POINT('Ctrl Pts',(-18.8344085186633,124.820652699995,18.));
#2144=CARTESIAN_POINT('Ctrl Pts',(-18.8491765264292,124.710549952626,18.));
#2145=CARTESIAN_POINT('Ctrl Pts',(-18.8693028287342,124.580006355163,18.));
#2146=CARTESIAN_POINT('Ctrl Pts',(-18.8947109729624,124.429105701148,18.));
#2147=CARTESIAN_POINT('Ctrl Pts',(10.0440951843095,120.971150189888,18.));
#2148=CARTESIAN_POINT('Ctrl Pts',(10.1116734477774,121.40824805918,18.));
#2149=CARTESIAN_POINT('Ctrl Pts',(10.2488442718006,122.617922190952,18.));
#2150=CARTESIAN_POINT('Ctrl Pts',(10.3091149541878,124.649751598979,18.));
#2151=CARTESIAN_POINT('Ctrl Pts',(10.2438045478128,127.137202573911,18.));
#2152=CARTESIAN_POINT('Ctrl Pts',(10.3743996744846,128.48113710149,18.));
#2153=CARTESIAN_POINT('Ctrl Pts',(9.05483321465639,127.942818745787,18.));
#2154=CARTESIAN_POINT('Ctrl Pts',(4.62197422566592,127.159859188133,18.));
#2155=CARTESIAN_POINT('Ctrl Pts',(-1.84678846398346,126.989417785859,18.));
#2156=CARTESIAN_POINT('Ctrl Pts',(-8.63202431291147,128.09989212698,18.));
#2157=CARTESIAN_POINT('Ctrl Pts',(-12.8450208476198,129.782525568552,18.));
#2158=CARTESIAN_POINT('Ctrl Pts',(-14.7643619802987,131.179992188495,18.));
#2159=CARTESIAN_POINT('Ctrl Pts',(-15.6398005813994,131.799891046387,18.));
#2160=CARTESIAN_POINT('Ctrl Pts',(-16.0000002384186,132.000001966953,18.));
#2161=CARTESIAN_POINT('Ctrl Pts',(-16.3601998954378,132.20011288752,18.));
#2162=CARTESIAN_POINT('Ctrl Pts',(-16.9255599224138,132.380657711892,18.));
#2163=CARTESIAN_POINT('Ctrl Pts',(-17.4250961099533,131.828078880717,18.));
#2164=CARTESIAN_POINT('Ctrl Pts',(-17.9511543984746,129.832953288295,18.));
#2165=CARTESIAN_POINT('Ctrl Pts',(-18.4538630560561,127.295121870119,18.));
#2166=CARTESIAN_POINT('Ctrl Pts',(-18.7197940904749,125.692025390142,18.));
#2167=CARTESIAN_POINT('Ctrl Pts',(-18.8210705207245,124.979402047666,18.));
#2168=CARTESIAN_POINT('Ctrl Pts',(11.5832013059702,24.0000006258488,18.0000002235174));
#2169=CARTESIAN_POINT('Ctrl Pts',(10.4997787272666,29.4465360389688,18.0000002235174));
#2170=CARTESIAN_POINT('Ctrl Pts',(9.56409425747465,34.6170028345905,18.0000002235174));
#2171=CARTESIAN_POINT('Ctrl Pts',(8.75043881468822,40.0000006258488,18.0000002235174));
#2172=CARTESIAN_POINT('Ctrl Pts',(-19.409439003135,25.841261672729,0.));
#2173=CARTESIAN_POINT('Ctrl Pts',(-19.409439003135,25.841261672729,18.));
#2174=CARTESIAN_POINT('Ctrl Pts',(-19.2950020248012,25.4095801094872,0.));
#2175=CARTESIAN_POINT('Ctrl Pts',(-19.2950020248012,25.4095801094872,18.));
#2176=CARTESIAN_POINT('Ctrl Pts',(-18.9694886631573,24.3727520658107,0.));
#2177=CARTESIAN_POINT('Ctrl Pts',(-18.9694886631573,24.3727520658107,18.));
#2178=CARTESIAN_POINT('Ctrl Pts',(-18.2822202987843,23.0886447768337,0.));
#2179=CARTESIAN_POINT('Ctrl Pts',(-18.2822202987843,23.0886447768337,18.));
#2180=CARTESIAN_POINT('Ctrl Pts',(-16.6518613924283,22.2639550081879,0.));
#2181=CARTESIAN_POINT('Ctrl Pts',(-16.6518613924283,22.2639550081879,18.));
#2182=CARTESIAN_POINT('Ctrl Pts',(-12.6388819654395,22.1196260151632,0.));
#2183=CARTESIAN_POINT('Ctrl Pts',(-12.6388819654395,22.1196260151632,18.));
#2184=CARTESIAN_POINT('Ctrl Pts',(-6.65254486855919,22.7787481654306,0.));
#2185=CARTESIAN_POINT('Ctrl Pts',(-6.65254486855919,22.7787481654306,18.));
#2186=CARTESIAN_POINT('Ctrl Pts',(-0.157806389222812,23.8674507405184,0.));
#2187=CARTESIAN_POINT('Ctrl Pts',(-0.157806389222812,23.8674507405184,18.));
#2188=CARTESIAN_POINT('Ctrl Pts',(5.3737377324082,25.38346463766,0.));
#2189=CARTESIAN_POINT('Ctrl Pts',(5.3737377324082,25.38346463766,18.));
#2190=CARTESIAN_POINT('Ctrl Pts',(8.64043372613448,27.2501817151269,0.));
#2191=CARTESIAN_POINT('Ctrl Pts',(8.64043372613448,27.2501817151269,18.));
#2192=CARTESIAN_POINT('Ctrl Pts',(9.34029898201268,29.5339187486874,0.));
#2193=CARTESIAN_POINT('Ctrl Pts',(9.34029898201268,29.5339187486874,18.));
#2194=CARTESIAN_POINT('Ctrl Pts',(9.18686523305414,31.5928171924036,0.));
#2195=CARTESIAN_POINT('Ctrl Pts',(9.18686523305414,31.5928171924036,18.));
#2196=CARTESIAN_POINT('Ctrl Pts',(8.94340720896215,32.9315520857577,0.));
#2197=CARTESIAN_POINT('Ctrl Pts',(8.94340720896215,32.9315520857577,18.));
#2198=CARTESIAN_POINT('Ctrl Pts',(8.82076279232785,33.5036202847342,0.));
#2199=CARTESIAN_POINT('Ctrl Pts',(8.82076279232785,33.5036202847342,18.));
#2200=CARTESIAN_POINT('Ctrl Pts',(-19.409439003135,25.841261672729,0.));
#2201=CARTESIAN_POINT('Ctrl Pts',(-19.409439003135,25.841261672729,18.));
#2202=CARTESIAN_POINT('Ctrl Pts',(-19.2950020248012,25.4095801094872,0.));
#2203=CARTESIAN_POINT('Ctrl Pts',(-19.2950020248012,25.4095801094872,18.));
#2204=CARTESIAN_POINT('Ctrl Pts',(-18.9694886631573,24.3727520658107,0.));
#2205=CARTESIAN_POINT('Ctrl Pts',(-18.9694886631573,24.3727520658107,18.));
#2206=CARTESIAN_POINT('Ctrl Pts',(-18.2822202987843,23.0886447768337,0.));
#2207=CARTESIAN_POINT('Ctrl Pts',(-18.2822202987843,23.0886447768337,18.));
#2208=CARTESIAN_POINT('Ctrl Pts',(-16.6518613924283,22.2639550081879,0.));
#2209=CARTESIAN_POINT('Ctrl Pts',(-16.6518613924283,22.2639550081879,18.));
#2210=CARTESIAN_POINT('Ctrl Pts',(-12.6388819654395,22.1196260151632,0.));
#2211=CARTESIAN_POINT('Ctrl Pts',(-12.6388819654395,22.1196260151632,18.));
#2212=CARTESIAN_POINT('Ctrl Pts',(-6.65254486855919,22.7787481654306,0.));
#2213=CARTESIAN_POINT('Ctrl Pts',(-6.65254486855919,22.7787481654306,18.));
#2214=CARTESIAN_POINT('Ctrl Pts',(-0.157806389222812,23.8674507405184,0.));
#2215=CARTESIAN_POINT('Ctrl Pts',(-0.157806389222812,23.8674507405184,18.));
#2216=CARTESIAN_POINT('Ctrl Pts',(5.3737377324082,25.38346463766,0.));
#2217=CARTESIAN_POINT('Ctrl Pts',(5.3737377324082,25.38346463766,18.));
#2218=CARTESIAN_POINT('Ctrl Pts',(8.64043372613448,27.2501817151269,0.));
#2219=CARTESIAN_POINT('Ctrl Pts',(8.64043372613448,27.2501817151269,18.));
#2220=CARTESIAN_POINT('Ctrl Pts',(9.34029898201268,29.5339187486874,0.));
#2221=CARTESIAN_POINT('Ctrl Pts',(9.34029898201268,29.5339187486874,18.));
#2222=CARTESIAN_POINT('Ctrl Pts',(9.18686523305414,31.5928171924036,0.));
#2223=CARTESIAN_POINT('Ctrl Pts',(9.18686523305414,31.5928171924036,18.));
#2224=CARTESIAN_POINT('Ctrl Pts',(8.94340720896215,32.9315520857577,0.));
#2225=CARTESIAN_POINT('Ctrl Pts',(8.94340720896215,32.9315520857577,18.));
#2226=CARTESIAN_POINT('Ctrl Pts',(8.82076279232785,33.5036202847342,0.));
#2227=CARTESIAN_POINT('Ctrl Pts',(8.82076279232785,33.5036202847342,18.));
#2228=CARTESIAN_POINT('',(-19.4094390031162,25.8412616727344,0.));
#2229=CARTESIAN_POINT('Ctrl Pts',(10.0440951843095,120.971150189888,0.));
#2230=CARTESIAN_POINT('Ctrl Pts',(10.0440951843095,120.971150189888,4.));
#2231=CARTESIAN_POINT('Ctrl Pts',(9.99666118292021,120.664345902899,0.));
#2232=CARTESIAN_POINT('Ctrl Pts',(9.99666118292021,120.664345902899,4.));
#2233=CARTESIAN_POINT('Ctrl Pts',(9.80585150129186,119.631545687713,0.));
#2234=CARTESIAN_POINT('Ctrl Pts',(9.80585150129186,119.631545687713,4.));
#2235=CARTESIAN_POINT('Ctrl Pts',(9.29266331537715,118.010735414496,0.));
#2236=CARTESIAN_POINT('Ctrl Pts',(9.29266331537715,118.010735414496,4.));
#2237=CARTESIAN_POINT('Ctrl Pts',(7.93515978338231,116.348005039068,0.));
#2238=CARTESIAN_POINT('Ctrl Pts',(7.93515978338231,116.348005039068,4.));
#2239=CARTESIAN_POINT('Ctrl Pts',(4.50868455933795,115.561182069156,0.));
#2240=CARTESIAN_POINT('Ctrl Pts',(4.50868455933795,115.561182069156,4.));
#2241=CARTESIAN_POINT('Ctrl Pts',(-1.21201206869967,115.665335827991,0.));
#2242=CARTESIAN_POINT('Ctrl Pts',(-1.21201206869967,115.665335827991,4.));
#2243=CARTESIAN_POINT('Ctrl Pts',(-7.70688524202175,116.43603782013,0.));
#2244=CARTESIAN_POINT('Ctrl Pts',(-7.70688524202175,116.43603782013,4.));
#2245=CARTESIAN_POINT('Ctrl Pts',(-13.5996613854416,117.478789961891,0.));
#2246=CARTESIAN_POINT('Ctrl Pts',(-13.5996613854416,117.478789961891,4.));
#2247=CARTESIAN_POINT('Ctrl Pts',(-17.7091107848979,118.853153555169,0.));
#2248=CARTESIAN_POINT('Ctrl Pts',(-17.7091107848979,118.853153555169,4.));
#2249=CARTESIAN_POINT('Ctrl Pts',(-19.0146160344815,120.279691017884,0.));
#2250=CARTESIAN_POINT('Ctrl Pts',(-19.0146160344815,120.279691017884,4.));
#2251=CARTESIAN_POINT('Ctrl Pts',(-19.1259637362537,122.102626132642,0.));
#2252=CARTESIAN_POINT('Ctrl Pts',(-19.1259637362537,122.102626132642,4.));
#2253=CARTESIAN_POINT('Ctrl Pts',(-18.9960166529369,123.616016471929,0.));
#2254=CARTESIAN_POINT('Ctrl Pts',(-18.9960166529369,123.616016471929,4.));
#2255=CARTESIAN_POINT('Ctrl Pts',(-18.8952445500691,124.424829697031,0.));
#2256=CARTESIAN_POINT('Ctrl Pts',(-18.8952445500691,124.424829697031,4.));
#2257=CARTESIAN_POINT('Ctrl Pts',(-18.8947109729624,124.429105701148,0.));
#2258=CARTESIAN_POINT('Ctrl Pts',(-18.8947109729624,124.429105701148,4.));
#2259=CARTESIAN_POINT('',(10.0440951843097,120.971150189888,0.));
#2260=CARTESIAN_POINT('',(-18.8947109729624,124.429105701148,0.));
#2261=CARTESIAN_POINT('Ctrl Pts',(10.0440951843095,120.971150189888,0.));
#2262=CARTESIAN_POINT('Ctrl Pts',(9.99666118292021,120.664345902899,0.));
#2263=CARTESIAN_POINT('Ctrl Pts',(9.80585150129186,119.631545687713,0.));
#2264=CARTESIAN_POINT('Ctrl Pts',(9.29266331537715,118.010735414496,0.));
#2265=CARTESIAN_POINT('Ctrl Pts',(7.93515978338231,116.348005039068,0.));
#2266=CARTESIAN_POINT('Ctrl Pts',(4.50868455933795,115.561182069156,0.));
#2267=CARTESIAN_POINT('Ctrl Pts',(-1.21201206869967,115.665335827991,0.));
#2268=CARTESIAN_POINT('Ctrl Pts',(-7.70688524202175,116.43603782013,0.));
#2269=CARTESIAN_POINT('Ctrl Pts',(-13.5996613854416,117.478789961891,0.));
#2270=CARTESIAN_POINT('Ctrl Pts',(-17.7091107848979,118.853153555169,0.));
#2271=CARTESIAN_POINT('Ctrl Pts',(-19.0146160344815,120.279691017884,0.));
#2272=CARTESIAN_POINT('Ctrl Pts',(-19.1259637362537,122.102626132642,0.));
#2273=CARTESIAN_POINT('Ctrl Pts',(-18.9960166529369,123.616016471929,0.));
#2274=CARTESIAN_POINT('Ctrl Pts',(-18.8952445500691,124.424829697031,0.));
#2275=CARTESIAN_POINT('Ctrl Pts',(-18.8947109729624,124.429105701148,0.));
#2276=CARTESIAN_POINT('',(-18.8947109729624,124.429105701148,0.));
#2277=CARTESIAN_POINT('',(10.0440951843097,120.971150189888,0.));
#2278=CARTESIAN_POINT('Ctrl Pts',(-19.409439003135,25.841261672729,0.));
#2279=CARTESIAN_POINT('Ctrl Pts',(-19.409439003135,25.841261672729,18.));
#2280=CARTESIAN_POINT('Ctrl Pts',(-19.2950020248012,25.4095801094872,0.));
#2281=CARTESIAN_POINT('Ctrl Pts',(-19.2950020248012,25.4095801094872,18.));
#2282=CARTESIAN_POINT('Ctrl Pts',(-18.9694886631573,24.3727520658107,0.));
#2283=CARTESIAN_POINT('Ctrl Pts',(-18.9694886631573,24.3727520658107,18.));
#2284=CARTESIAN_POINT('Ctrl Pts',(-18.2822202987843,23.0886447768337,0.));
#2285=CARTESIAN_POINT('Ctrl Pts',(-18.2822202987843,23.0886447768337,18.));
#2286=CARTESIAN_POINT('Ctrl Pts',(-16.6518613924283,22.2639550081879,0.));
#2287=CARTESIAN_POINT('Ctrl Pts',(-16.6518613924283,22.2639550081879,18.));
#2288=CARTESIAN_POINT('Ctrl Pts',(-12.6388819654395,22.1196260151632,0.));
#2289=CARTESIAN_POINT('Ctrl Pts',(-12.6388819654395,22.1196260151632,18.));
#2290=CARTESIAN_POINT('Ctrl Pts',(-6.65254486855919,22.7787481654306,0.));
#2291=CARTESIAN_POINT('Ctrl Pts',(-6.65254486855919,22.7787481654306,18.));
#2292=CARTESIAN_POINT('Ctrl Pts',(-0.157806389222812,23.8674507405184,0.));
#2293=CARTESIAN_POINT('Ctrl Pts',(-0.157806389222812,23.8674507405184,18.));
#2294=CARTESIAN_POINT('Ctrl Pts',(5.3737377324082,25.38346463766,0.));
#2295=CARTESIAN_POINT('Ctrl Pts',(5.3737377324082,25.38346463766,18.));
#2296=CARTESIAN_POINT('Ctrl Pts',(8.64043372613448,27.2501817151269,0.));
#2297=CARTESIAN_POINT('Ctrl Pts',(8.64043372613448,27.2501817151269,18.));
#2298=CARTESIAN_POINT('Ctrl Pts',(9.34029898201268,29.5339187486874,0.));
#2299=CARTESIAN_POINT('Ctrl Pts',(9.34029898201268,29.5339187486874,18.));
#2300=CARTESIAN_POINT('Ctrl Pts',(9.18686523305414,31.5928171924036,0.));
#2301=CARTESIAN_POINT('Ctrl Pts',(9.18686523305414,31.5928171924036,18.));
#2302=CARTESIAN_POINT('Ctrl Pts',(8.94340720896215,32.9315520857577,0.));
#2303=CARTESIAN_POINT('Ctrl Pts',(8.94340720896215,32.9315520857577,18.));
#2304=CARTESIAN_POINT('Ctrl Pts',(8.82076279232785,33.5036202847342,0.));
#2305=CARTESIAN_POINT('Ctrl Pts',(8.82076279232785,33.5036202847342,18.));
#2306=CARTESIAN_POINT('Ctrl Pts',(-19.7611224545464,27.4584540335191,0.));
#2307=CARTESIAN_POINT('Ctrl Pts',(-19.7611224545464,27.4584540335191,18.));
#2308=CARTESIAN_POINT('Ctrl Pts',(-19.6302013261706,26.8501635755181,0.));
#2309=CARTESIAN_POINT('Ctrl Pts',(-19.6302013261706,26.8501635755181,18.));
#2310=CARTESIAN_POINT('Ctrl Pts',(-19.5274978048829,26.3812099394903,0.));
#2311=CARTESIAN_POINT('Ctrl Pts',(-19.5274978048829,26.3812099394903,18.));
#2312=CARTESIAN_POINT('Ctrl Pts',(-19.4556725162138,26.0555788565495,0.));
#2313=CARTESIAN_POINT('Ctrl Pts',(-19.4556725162138,26.0555788565495,18.));
#2314=CARTESIAN_POINT('Ctrl Pts',(-19.4163185075626,25.8755936918375,0.));
#2315=CARTESIAN_POINT('Ctrl Pts',(-19.4163185075626,25.8755936918375,18.));
#2316=CARTESIAN_POINT('Ctrl Pts',(-19.4094390031162,25.8412616727344,0.));
#2317=CARTESIAN_POINT('Ctrl Pts',(-19.4094390031162,25.8412616727344,18.));
#2318=CARTESIAN_POINT('',(-19.7611224545464,27.4584540335192,0.));
#2319=CARTESIAN_POINT('Ctrl Pts',(10.0440951843095,120.971150189888,0.));
#2320=CARTESIAN_POINT('Ctrl Pts',(10.0440951843095,120.971150189888,18.));
#2321=CARTESIAN_POINT('Ctrl Pts',(10.1116734477774,121.40824805918,0.));
#2322=CARTESIAN_POINT('Ctrl Pts',(10.1116734477774,121.40824805918,18.));
#2323=CARTESIAN_POINT('Ctrl Pts',(10.2488442718006,122.617922190952,0.));
#2324=CARTESIAN_POINT('Ctrl Pts',(10.2488442718006,122.617922190952,18.));
#2325=CARTESIAN_POINT('Ctrl Pts',(10.3091149541878,124.649751598979,0.));
#2326=CARTESIAN_POINT('Ctrl Pts',(10.3091149541878,124.649751598979,18.));
#2327=CARTESIAN_POINT('Ctrl Pts',(10.2438045478128,127.137202573911,0.));
#2328=CARTESIAN_POINT('Ctrl Pts',(10.2438045478128,127.137202573911,18.));
#2329=CARTESIAN_POINT('Ctrl Pts',(10.3743996744846,128.48113710149,0.));
#2330=CARTESIAN_POINT('Ctrl Pts',(10.3743996744846,128.48113710149,18.));
#2331=CARTESIAN_POINT('Ctrl Pts',(9.05483321465639,127.942818745787,0.));
#2332=CARTESIAN_POINT('Ctrl Pts',(9.05483321465639,127.942818745787,18.));
#2333=CARTESIAN_POINT('Ctrl Pts',(4.62197422566592,127.159859188133,0.));
#2334=CARTESIAN_POINT('Ctrl Pts',(4.62197422566592,127.159859188133,18.));
#2335=CARTESIAN_POINT('Ctrl Pts',(-1.84678846398346,126.989417785859,0.));
#2336=CARTESIAN_POINT('Ctrl Pts',(-1.84678846398346,126.989417785859,18.));
#2337=CARTESIAN_POINT('Ctrl Pts',(-8.63202431291147,128.09989212698,0.));
#2338=CARTESIAN_POINT('Ctrl Pts',(-8.63202431291147,128.09989212698,18.));
#2339=CARTESIAN_POINT('Ctrl Pts',(-12.8450208476198,129.782525568552,0.));
#2340=CARTESIAN_POINT('Ctrl Pts',(-12.8450208476198,129.782525568552,18.));
#2341=CARTESIAN_POINT('Ctrl Pts',(-14.7643619802987,131.179992188495,0.));
#2342=CARTESIAN_POINT('Ctrl Pts',(-14.7643619802987,131.179992188495,18.));
#2343=CARTESIAN_POINT('Ctrl Pts',(-15.6398005813994,131.799891046387,0.));
#2344=CARTESIAN_POINT('Ctrl Pts',(-15.6398005813994,131.799891046387,18.));
#2345=CARTESIAN_POINT('Ctrl Pts',(-16.0000002384186,132.000001966953,0.));
#2346=CARTESIAN_POINT('Ctrl Pts',(-16.0000002384186,132.000001966953,18.));
#2347=CARTESIAN_POINT('Ctrl Pts',(-16.3601998954378,132.20011288752,0.));
#2348=CARTESIAN_POINT('Ctrl Pts',(-16.3601998954378,132.20011288752,18.));
#2349=CARTESIAN_POINT('Ctrl Pts',(-16.9255599224138,132.380657711892,0.));
#2350=CARTESIAN_POINT('Ctrl Pts',(-16.9255599224138,132.380657711892,18.));
#2351=CARTESIAN_POINT('Ctrl Pts',(-17.4250961099533,131.828078880717,0.));
#2352=CARTESIAN_POINT('Ctrl Pts',(-17.4250961099533,131.828078880717,18.));
#2353=CARTESIAN_POINT('Ctrl Pts',(-17.9511543984746,129.832953288295,0.));
#2354=CARTESIAN_POINT('Ctrl Pts',(-17.9511543984746,129.832953288295,18.));
#2355=CARTESIAN_POINT('Ctrl Pts',(-18.4538630560561,127.295121870119,0.));
#2356=CARTESIAN_POINT('Ctrl Pts',(-18.4538630560561,127.295121870119,18.));
#2357=CARTESIAN_POINT('Ctrl Pts',(-18.7197940904749,125.692025390142,0.));
#2358=CARTESIAN_POINT('Ctrl Pts',(-18.7197940904749,125.692025390142,18.));
#2359=CARTESIAN_POINT('Ctrl Pts',(-18.8210705207245,124.979402047666,0.));
#2360=CARTESIAN_POINT('Ctrl Pts',(-18.8210705207245,124.979402047666,18.));
#2361=CARTESIAN_POINT('',(-18.8210705207245,124.979402047666,0.));
#2362=CARTESIAN_POINT('Ctrl Pts',(10.0440951843095,120.971150189888,0.));
#2363=CARTESIAN_POINT('Ctrl Pts',(10.1116734477774,121.40824805918,0.));
#2364=CARTESIAN_POINT('Ctrl Pts',(10.2488442718006,122.617922190952,0.));
#2365=CARTESIAN_POINT('Ctrl Pts',(10.3091149541878,124.649751598979,0.));
#2366=CARTESIAN_POINT('Ctrl Pts',(10.2438045478128,127.137202573911,0.));
#2367=CARTESIAN_POINT('Ctrl Pts',(10.3743996744846,128.48113710149,0.));
#2368=CARTESIAN_POINT('Ctrl Pts',(9.05483321465639,127.942818745787,0.));
#2369=CARTESIAN_POINT('Ctrl Pts',(4.62197422566592,127.159859188133,0.));
#2370=CARTESIAN_POINT('Ctrl Pts',(-1.84678846398346,126.989417785859,0.));
#2371=CARTESIAN_POINT('Ctrl Pts',(-8.63202431291147,128.09989212698,0.));
#2372=CARTESIAN_POINT('Ctrl Pts',(-12.8450208476198,129.782525568552,0.));
#2373=CARTESIAN_POINT('Ctrl Pts',(-14.7643619802987,131.179992188495,0.));
#2374=CARTESIAN_POINT('Ctrl Pts',(-15.6398005813994,131.799891046387,0.));
#2375=CARTESIAN_POINT('Ctrl Pts',(-16.0000002384186,132.000001966953,0.));
#2376=CARTESIAN_POINT('Ctrl Pts',(-16.3601998954378,132.20011288752,0.));
#2377=CARTESIAN_POINT('Ctrl Pts',(-16.9255599224138,132.380657711892,0.));
#2378=CARTESIAN_POINT('Ctrl Pts',(-17.4250961099533,131.828078880717,0.));
#2379=CARTESIAN_POINT('Ctrl Pts',(-17.9511543984746,129.832953288295,0.));
#2380=CARTESIAN_POINT('Ctrl Pts',(-18.4538630560561,127.295121870119,0.));
#2381=CARTESIAN_POINT('Ctrl Pts',(-18.7197940904749,125.692025390142,0.));
#2382=CARTESIAN_POINT('Ctrl Pts',(-18.8210705207245,124.979402047666,0.));
#2383=CARTESIAN_POINT('',(-18.8210705207245,124.979402047666,0.));
#2384=CARTESIAN_POINT('Ctrl Pts',(-18.8947109729624,124.429105701148,0.));
#2385=CARTESIAN_POINT('Ctrl Pts',(-18.8947109729624,124.429105701148,18.));
#2386=CARTESIAN_POINT('Ctrl Pts',(-18.9526807677384,124.08481924456,0.));
#2387=CARTESIAN_POINT('Ctrl Pts',(-18.9526807677384,124.08481924456,18.));
#2388=CARTESIAN_POINT('Ctrl Pts',(-19.16106790173,122.986965195495,0.));
#2389=CARTESIAN_POINT('Ctrl Pts',(-19.16106790173,122.986965195495,18.));
#2390=CARTESIAN_POINT('Ctrl Pts',(-19.7436803924035,120.249280060996,0.));
#2391=CARTESIAN_POINT('Ctrl Pts',(-19.7436803924035,120.249280060996,18.));
#2392=CARTESIAN_POINT('Ctrl Pts',(-20.996337566426,114.43664880061,0.));
#2393=CARTESIAN_POINT('Ctrl Pts',(-20.996337566426,114.43664880061,18.));
#2394=CARTESIAN_POINT('Ctrl Pts',(-22.904718319858,104.015649946869,0.));
#2395=CARTESIAN_POINT('Ctrl Pts',(-22.904718319858,104.015649946869,18.));
#2396=CARTESIAN_POINT('Ctrl Pts',(-24.5873419198075,90.3849575782621,0.));
#2397=CARTESIAN_POINT('Ctrl Pts',(-24.5873419198075,90.3849575782621,18.));
#2398=CARTESIAN_POINT('Ctrl Pts',(-25.3079816812986,75.3578014426182,0.));
#2399=CARTESIAN_POINT('Ctrl Pts',(-25.3079816812986,75.3578014426182,18.));
#2400=CARTESIAN_POINT('Ctrl Pts',(-24.7709657550462,60.1949190784865,0.));
#2401=CARTESIAN_POINT('Ctrl Pts',(-24.7709657550462,60.1949190784865,18.));
#2402=CARTESIAN_POINT('Ctrl Pts',(-23.2490632001729,46.2587431944714,0.));
#2403=CARTESIAN_POINT('Ctrl Pts',(-23.2490632001729,46.2587431944714,18.));
#2404=CARTESIAN_POINT('Ctrl Pts',(-21.6340772166778,36.6360597164629,0.));
#2405=CARTESIAN_POINT('Ctrl Pts',(-21.6340772166778,36.6360597164629,18.));
#2406=CARTESIAN_POINT('Ctrl Pts',(-20.5701281679667,31.2807747465526,0.));
#2407=CARTESIAN_POINT('Ctrl Pts',(-20.5701281679667,31.2807747465526,18.));
#2408=CARTESIAN_POINT('Ctrl Pts',(-20.0290403635466,28.7074408668957,0.));
#2409=CARTESIAN_POINT('Ctrl Pts',(-20.0290403635466,28.7074408668957,18.));
#2410=CARTESIAN_POINT('Ctrl Pts',(-19.8020149245798,27.6484500993489,0.));
#2411=CARTESIAN_POINT('Ctrl Pts',(-19.8020149245798,27.6484500993489,18.));
#2412=CARTESIAN_POINT('Ctrl Pts',(-19.7611224545464,27.4584540335192,0.));
#2413=CARTESIAN_POINT('Ctrl Pts',(-19.7611224545464,27.4584540335192,18.));
#2414=CARTESIAN_POINT('',(-18.8947109729624,124.429105701148,0.));
#2415=CARTESIAN_POINT('Ctrl Pts',(-18.8210705207245,124.979402047666,0.));
#2416=CARTESIAN_POINT('Ctrl Pts',(-18.8210705207245,124.979402047666,18.));
#2417=CARTESIAN_POINT('Ctrl Pts',(-18.8250397920938,124.91027019217,0.));
#2418=CARTESIAN_POINT('Ctrl Pts',(-18.8250397920938,124.91027019217,18.));
#2419=CARTESIAN_POINT('Ctrl Pts',(-18.8344085186633,124.820652699995,0.));
#2420=CARTESIAN_POINT('Ctrl Pts',(-18.8344085186633,124.820652699995,18.));
#2421=CARTESIAN_POINT('Ctrl Pts',(-18.8491765264292,124.710549952626,0.));
#2422=CARTESIAN_POINT('Ctrl Pts',(-18.8491765264292,124.710549952626,18.));
#2423=CARTESIAN_POINT('Ctrl Pts',(-18.8693028287342,124.580006355163,0.));
#2424=CARTESIAN_POINT('Ctrl Pts',(-18.8693028287342,124.580006355163,18.));
#2425=CARTESIAN_POINT('Ctrl Pts',(-18.8947109729624,124.429105701148,0.));
#2426=CARTESIAN_POINT('Ctrl Pts',(-18.8947109729624,124.429105701148,18.));
#2427=CARTESIAN_POINT('Ctrl Pts',(-18.8210705207245,124.979402047666,0.));
#2428=CARTESIAN_POINT('Ctrl Pts',(-18.8250397920938,124.91027019217,0.));
#2429=CARTESIAN_POINT('Ctrl Pts',(-18.8344085186633,124.820652699995,0.));
#2430=CARTESIAN_POINT('Ctrl Pts',(-18.8491765264292,124.710549952626,0.));
#2431=CARTESIAN_POINT('Ctrl Pts',(-18.8693028287342,124.580006355163,0.));
#2432=CARTESIAN_POINT('Ctrl Pts',(-18.8947109729624,124.429105701148,0.));
#2433=CARTESIAN_POINT('Origin',(3.50000072004582,149.999996647239,26.));
#2434=CARTESIAN_POINT('',(3.46228139485425,149.487547521378,5.2));
#2435=CARTESIAN_POINT('',(3.46228139485425,149.487547521378,14.5));
#2436=CARTESIAN_POINT('',(3.46228139485425,149.487547521378,0.));
#2437=CARTESIAN_POINT('',(2.98428215774461,142.993521184083,5.2));
#2438=CARTESIAN_POINT('',(3.50000072004582,149.999996647239,5.2));
#2439=CARTESIAN_POINT('',(2.98428215774461,142.993521184083,18.6155554882702));
#2440=CARTESIAN_POINT('',(2.98428215774461,142.993521184083,26.));
#2441=CARTESIAN_POINT('Ctrl Pts',(3.46228139485425,149.487547521378,14.5));
#2442=CARTESIAN_POINT('Ctrl Pts',(3.31177183807599,147.442747132903,14.650501882623));
#2443=CARTESIAN_POINT('Ctrl Pts',(2.98428215774461,142.993521184083,18.6155554882702));
#2444=CARTESIAN_POINT('Origin',(-0.00762395337585708,143.213743395134,26.));
#2445=CARTESIAN_POINT('',(-3.00000004470349,143.000002130866,18.6157711648986));
#2446=CARTESIAN_POINT('Ctrl Pts',(2.98428215774461,142.993521184083,18.6155554882702));
#2447=CARTESIAN_POINT('Ctrl Pts',(2.94975850235637,142.524487951506,19.0335477258843));
#2448=CARTESIAN_POINT('Ctrl Pts',(2.8007426149849,142.047709284451,19.4227945696534));
#2449=CARTESIAN_POINT('Ctrl Pts',(2.41450778503063,141.428314872143,19.9035265494587));
#2450=CARTESIAN_POINT('Ctrl Pts',(2.25142398480332,141.221417808773,20.0597194435339));
#2451=CARTESIAN_POINT('Ctrl Pts',(1.86008332912457,140.850625106458,20.3336526677946));
#2452=CARTESIAN_POINT('Ctrl Pts',(1.63143600864711,140.687133605034,20.4513819274934));
#2453=CARTESIAN_POINT('Ctrl Pts',(1.19935145138346,140.458139835549,20.6146235533273));
#2454=CARTESIAN_POINT('Ctrl Pts',(0.967276842104281,140.365474688936,20.6797974451617));
#2455=CARTESIAN_POINT('Ctrl Pts',(0.480170445457071,140.243032571505,20.7656414626801));
#2456=CARTESIAN_POINT('Ctrl Pts',(0.225073325649482,140.213480080483,20.7862608873926));
#2457=CARTESIAN_POINT('Ctrl Pts',(-0.24706186925766,140.214010496134,20.7862608873926));
#2458=CARTESIAN_POINT('Ctrl Pts',(-0.502091944312633,140.244136084546,20.7656414626801));
#2459=CARTESIAN_POINT('Ctrl Pts',(-0.988921998947149,140.367672361324,20.6797974451617));
#2460=CARTESIAN_POINT('Ctrl Pts',(-1.22078781517993,140.460858717254,20.6146235533273));
#2461=CARTESIAN_POINT('Ctrl Pts',(-1.65235676080556,140.690822749791,20.4513819274934));
#2462=CARTESIAN_POINT('Ctrl Pts',(-1.88063615874242,140.854827581052,20.3336526677946));
#2463=CARTESIAN_POINT('Ctrl Pts',(-2.27114270079368,141.226498641927,20.0597194435339));
#2464=CARTESIAN_POINT('Ctrl Pts',(-2.43376121699596,141.433761612368,19.9035265494587));
#2465=CARTESIAN_POINT('Ctrl Pts',(-2.81855834286521,142.053949714306,19.4228508143168));
#2466=CARTESIAN_POINT('Ctrl Pts',(-2.96649777507003,142.530970608105,19.0336819424904));
#2467=CARTESIAN_POINT('Ctrl Pts',(-3.00000004470348,143.000002130866,18.6157711648986));
#2468=CARTESIAN_POINT('',(-3.00000004470348,143.000002130866,5.2));
#2469=CARTESIAN_POINT('Origin',(-0.00762395337585708,143.213743395134,5.2));
#2470=CARTESIAN_POINT('',(-3.00000004470348,143.000002130866,26.));
#2471=CARTESIAN_POINT('Origin',(-3.4999999217689,149.999996647239,26.));
#2472=CARTESIAN_POINT('',(-3.46446644775697,150.497465810249,5.2));
#2473=CARTESIAN_POINT('',(-3.46446644775697,150.497465810249,14.5));
#2474=CARTESIAN_POINT('',(-3.46446644775697,150.497465810249,0.));
#2475=CARTESIAN_POINT('',(-3.00000004470348,157.000002339482,5.2));
#2476=CARTESIAN_POINT('',(-3.00000004470348,157.000002339482,5.2));
#2477=CARTESIAN_POINT('',(-3.00000004470349,157.000002339482,18.6157752737971));
#2478=CARTESIAN_POINT('',(-3.00000004470348,157.000002339482,26.));
#2479=CARTESIAN_POINT('Ctrl Pts',(-3.46446644775697,150.497465810249,14.5));
#2480=CARTESIAN_POINT('Ctrl Pts',(-3.31822092095874,152.544905353756,14.6462481287768));
#2481=CARTESIAN_POINT('Ctrl Pts',(-3.00000004470349,157.000002339482,18.6157752737971));
#2482=CARTESIAN_POINT('Origin',(3.00000004470348,157.000002339482,26.));
#2483=CARTESIAN_POINT('',(3.46446792332474,150.497455533946,14.5));
#2484=CARTESIAN_POINT('',(3.46446792332474,150.497455533946,5.2));
#2485=CARTESIAN_POINT('',(3.46446792332474,150.497455533946,0.));
#2486=CARTESIAN_POINT('',(3.00000004470349,157.000002339482,18.6157752737971));
#2487=CARTESIAN_POINT('Ctrl Pts',(3.00000004470349,157.000002339482,18.6157752737971));
#2488=CARTESIAN_POINT('Ctrl Pts',(3.31822193191768,152.544898313131,14.6462420556566));
#2489=CARTESIAN_POINT('Ctrl Pts',(3.46446792332474,150.497455533946,14.5));
#2490=CARTESIAN_POINT('',(3.00000004470348,157.000002339482,5.2));
#2491=CARTESIAN_POINT('',(3.00000004470348,157.000002339482,26.));
#2492=CARTESIAN_POINT('',(3.00000004470348,157.000002339482,5.2));
#2493=CARTESIAN_POINT('Origin',(0.,157.000002339482,26.));
#2494=CARTESIAN_POINT('Ctrl Pts',(-3.00000004470348,157.000002339482,18.6157752737971));
#2495=CARTESIAN_POINT('Ctrl Pts',(-3.00000004470348,157.040770880314,18.6532474773402));
#2496=CARTESIAN_POINT('Ctrl Pts',(-2.99916889586287,157.08166645122,18.6905597707789));
#2497=CARTESIAN_POINT('Ctrl Pts',(-2.97678412626159,157.628727474376,19.1861061326023));
#2498=CARTESIAN_POINT('Ctrl Pts',(-2.82286321594052,158.149149936714,19.6147476557893));
#2499=CARTESIAN_POINT('Ctrl Pts',(-2.4116258849724,158.799373140086,20.1222027971999));
#2500=CARTESIAN_POINT('Ctrl Pts',(-2.24860449388188,159.003850720685,20.277525368099));
#2501=CARTESIAN_POINT('Ctrl Pts',(-1.85838007184878,159.370245732549,20.5499742719463));
#2502=CARTESIAN_POINT('Ctrl Pts',(-1.63078745075462,159.531763126078,20.6670802935018));
#2503=CARTESIAN_POINT('Ctrl Pts',(-1.2013310058612,159.757928825218,20.8293710150934));
#2504=CARTESIAN_POINT('Ctrl Pts',(-0.970897192225055,159.849471288793,20.8941615361724));
#2505=CARTESIAN_POINT('Ctrl Pts',(-0.487388564370519,159.970619620202,20.9795044816698));
#2506=CARTESIAN_POINT('Ctrl Pts',(-0.234248255023722,160.000002384186,21.0000023841858));
#2507=CARTESIAN_POINT('Ctrl Pts',(0.234248255023721,160.000002384186,21.0000023841858));
#2508=CARTESIAN_POINT('Ctrl Pts',(0.487388564370517,159.970619620202,20.9795044816698));
#2509=CARTESIAN_POINT('Ctrl Pts',(0.970897192225053,159.849471288793,20.8941615361724));
#2510=CARTESIAN_POINT('Ctrl Pts',(1.2013310058612,159.757928825218,20.8293710150934));
#2511=CARTESIAN_POINT('Ctrl Pts',(1.63078745075462,159.531763126078,20.6670802935018));
#2512=CARTESIAN_POINT('Ctrl Pts',(1.85838007184878,159.370245732549,20.5499742719463));
#2513=CARTESIAN_POINT('Ctrl Pts',(2.24860449388188,159.003850720685,20.277525368099));
#2514=CARTESIAN_POINT('Ctrl Pts',(2.4116258849724,158.799373140086,20.1222027971999));
#2515=CARTESIAN_POINT('Ctrl Pts',(2.82286321594052,158.149149936714,19.6147476557893));
#2516=CARTESIAN_POINT('Ctrl Pts',(2.97678412626159,157.628727474376,19.1861061326023));
#2517=CARTESIAN_POINT('Ctrl Pts',(2.99916889586287,157.08166645122,18.690559770779));
#2518=CARTESIAN_POINT('Ctrl Pts',(3.00000004470348,157.040770880314,18.6532474773402));
#2519=CARTESIAN_POINT('Ctrl Pts',(3.00000004470348,157.000002339482,18.6157752737971));
#2520=CARTESIAN_POINT('Origin',(0.,157.000002339482,5.2));
#2521=CARTESIAN_POINT('Origin',(3.99138460616122E-7,150.10687288966,5.2));
#2522=CARTESIAN_POINT('Origin',(0.,150.,5.2));
#2523=CARTESIAN_POINT('',(-1.4,157.000000104308,5.2));
#2524=CARTESIAN_POINT('Origin',(0.,157.000000104308,5.2));
#2525=CARTESIAN_POINT('Origin',(-3.00000004470348,143.000002130866,26.));
#2526=CARTESIAN_POINT('',(-3.46446728793921,149.502540041009,14.5));
#2527=CARTESIAN_POINT('',(-3.46446728793921,149.502540041009,5.2));
#2528=CARTESIAN_POINT('',(-3.46446728793921,149.502540041009,0.));
#2529=CARTESIAN_POINT('Ctrl Pts',(-3.00000004470349,143.000002130866,18.6157711648986));
#2530=CARTESIAN_POINT('Ctrl Pts',(-3.31822144253546,147.45509930587,14.6462445247825));
#2531=CARTESIAN_POINT('Ctrl Pts',(-3.46446728793921,149.502540041009,14.5));
#2532=CARTESIAN_POINT('',(-3.4999999217689,149.999996647239,5.2));
#2533=CARTESIAN_POINT('Origin',(3.99138460616122E-7,150.10687288966,5.2));
#2534=CARTESIAN_POINT('Origin',(0.,150.,5.2));
#2535=CARTESIAN_POINT('',(-1.4,143.,5.2));
#2536=CARTESIAN_POINT('Origin',(0.,143.,5.2));
#2537=CARTESIAN_POINT('Origin',(3.49999997741497,0.000397611847962448,26.));
#2538=CARTESIAN_POINT('',(3.46441449895253,-0.497827459515364,5.2));
#2539=CARTESIAN_POINT('',(3.46441449895253,-0.497827459515364,14.5));
#2540=CARTESIAN_POINT('',(3.46441449895253,-0.497827459515364,0.));
#2541=CARTESIAN_POINT('',(3.00000000000005,-7.00000010430813,5.2));
#2542=CARTESIAN_POINT('',(3.49999997741497,0.000397611847962448,5.2));
#2543=CARTESIAN_POINT('',(3.00000000000005,-7.00000010430813,18.6157732017382));
#2544=CARTESIAN_POINT('',(3.00000000000005,-7.00000010430813,26.));
#2545=CARTESIAN_POINT('Ctrl Pts',(3.46441449895253,-0.497827459515371,14.5));
#2546=CARTESIAN_POINT('Ctrl Pts',(3.31818525701013,-2.54515281181217,14.646461767469));
#2547=CARTESIAN_POINT('Ctrl Pts',(3.00000000000005,-7.00000010430813,18.6157732017382));
#2548=CARTESIAN_POINT('Origin',(0.,-7.,26.));
#2549=CARTESIAN_POINT('',(-2.99260063567163,-7.2105740615034,18.8069223680685));
#2550=CARTESIAN_POINT('Ctrl Pts',(3.00000000000005,-7.00000010430813,18.6157732017382));
#2551=CARTESIAN_POINT('Ctrl Pts',(2.99999999858255,-7.04076849515516,18.6532452650954));
#2552=CARTESIAN_POINT('Ctrl Pts',(2.99916885442476,-7.08166391508252,18.6905574194229));
#2553=CARTESIAN_POINT('Ctrl Pts',(2.97678415302463,-7.62872481890404,19.1861036671459));
#2554=CARTESIAN_POINT('Ctrl Pts',(2.82286328408986,-8.14914732966754,19.6147452105001));
#2555=CARTESIAN_POINT('Ctrl Pts',(2.4116259759893,-8.79937060588464,20.1222003765043));
#2556=CARTESIAN_POINT('Ctrl Pts',(2.2486045889138,-9.00384820968726,20.277522953842));
#2557=CARTESIAN_POINT('Ctrl Pts',(1.85838016542618,-9.37024326485009,20.549971868546));
#2558=CARTESIAN_POINT('Ctrl Pts',(1.63078753885489,-9.53176067844359,20.6670778946127));
#2559=CARTESIAN_POINT('Ctrl Pts',(1.20133107633108,-9.75792640758072,20.8293686233399));
#2560=CARTESIAN_POINT('Ctrl Pts',(0.970897250570389,-9.84946888372245,20.8941591473078));
#2561=CARTESIAN_POINT('Ctrl Pts',(0.487388594925768,-9.97061723186267,20.9795020965693));
#2562=CARTESIAN_POINT('Ctrl Pts',(0.234248269913563,-10.,21.));
#2563=CARTESIAN_POINT('Ctrl Pts',(-0.234248269913562,-10.,21.));
#2564=CARTESIAN_POINT('Ctrl Pts',(-0.487388594925769,-9.97061723186267,
20.9795020965693));
#2565=CARTESIAN_POINT('Ctrl Pts',(-0.97089725057039,-9.84946888372245,20.8941591473078));
#2566=CARTESIAN_POINT('Ctrl Pts',(-1.20133107633108,-9.75792640758072,20.8293686233399));
#2567=CARTESIAN_POINT('Ctrl Pts',(-1.63078753885489,-9.53176067844359,20.6670778946127));
#2568=CARTESIAN_POINT('Ctrl Pts',(-1.85838016542618,-9.37024326485009,20.549971868546));
#2569=CARTESIAN_POINT('Ctrl Pts',(-2.2486045889138,-9.00384820968726,20.277522953842));
#2570=CARTESIAN_POINT('Ctrl Pts',(-2.4116259759893,-8.79937060588464,20.1222003765043));
#2571=CARTESIAN_POINT('Ctrl Pts',(-2.80624169070078,-8.17542837639289,19.6352557849698));
#2572=CARTESIAN_POINT('Ctrl Pts',(-2.95896288492615,-7.68862132689202,19.2355587371718));
#2573=CARTESIAN_POINT('Ctrl Pts',(-2.99260063567163,-7.2105740615034,18.8069223680685));
#2574=CARTESIAN_POINT('',(-2.99260063567163,-7.21057406150341,5.2));
#2575=CARTESIAN_POINT('Origin',(0.,-7.,5.2));
#2576=CARTESIAN_POINT('',(-2.99260063567163,-7.2105740615034,26.));
#2577=CARTESIAN_POINT('Origin',(-3.49999997741497,0.000397611847962448,
26.));
#2578=CARTESIAN_POINT('',(-3.46452751929943,0.497040308241614,5.2));
#2579=CARTESIAN_POINT('',(-3.46452751929943,0.497040308241614,14.5));
#2580=CARTESIAN_POINT('',(-3.46452751929943,0.497040308241614,0.));
#2581=CARTESIAN_POINT('',(-2.99999993874681,7.00079743737928,5.2));
#2582=CARTESIAN_POINT('',(-3.49999997741497,0.000397611847962448,5.2));
#2583=CARTESIAN_POINT('',(-2.99999993874681,7.00079743737928,18.616506048819));
#2584=CARTESIAN_POINT('',(-2.99999993874681,7.00079743737928,26.));
#2585=CARTESIAN_POINT('Ctrl Pts',(-3.46452751929943,0.497040308241641,14.5));
#2586=CARTESIAN_POINT('Ctrl Pts',(-3.31827237562443,2.54472955722799,14.6460225749196));
#2587=CARTESIAN_POINT('Ctrl Pts',(-2.99999993874681,7.00079743737928,18.616506048819));
#2588=CARTESIAN_POINT('Origin',(0.,7.00000010430813,26.));
#2589=CARTESIAN_POINT('',(3.00000004470348,7.00000010430813,18.6157732193478));
#2590=CARTESIAN_POINT('Ctrl Pts',(-2.99999993874681,7.00079743737928,18.616506048819));
#2591=CARTESIAN_POINT('Ctrl Pts',(-2.99998917360907,7.04130173067181,18.6537317866384));
#2592=CARTESIAN_POINT('Ctrl Pts',(-2.99915796857377,7.08193115270379,18.6907995112983));
#2593=CARTESIAN_POINT('Ctrl Pts',(-2.97678419738212,7.62872493258091,19.1861037891284));
#2594=CARTESIAN_POINT('Ctrl Pts',(-2.82286332615375,8.14914745109929,19.6147453388698));
#2595=CARTESIAN_POINT('Ctrl Pts',(-2.41162601192528,8.79937073700546,20.1222005124356));
#2596=CARTESIAN_POINT('Ctrl Pts',(-2.24860462242058,9.00384834385503,20.2775230920879));
#2597=CARTESIAN_POINT('Ctrl Pts',(-1.85838019311817,9.37024340447756,20.5499720108516));
#2598=CARTESIAN_POINT('Ctrl Pts',(-1.63078756315548,9.53176082047785,20.6670780386634));
#2599=CARTESIAN_POINT('Ctrl Pts',(-1.20133109423229,9.75792655298511,20.8293687698088));
#2600=CARTESIAN_POINT('Ctrl Pts',(-0.970897265037868,9.84946903049093,20.8941592947422));
#2601=CARTESIAN_POINT('Ctrl Pts',(-0.487388602188416,9.9706173804364,20.9795022452755));
#2602=CARTESIAN_POINT('Ctrl Pts',(-0.234248273404129,10.0000001490116,21.0000001490116));
#2603=CARTESIAN_POINT('Ctrl Pts',(0.234248273404128,10.0000001490116,21.0000001490116));
#2604=CARTESIAN_POINT('Ctrl Pts',(0.487388602188414,9.9706173804364,20.9795022452755));
#2605=CARTESIAN_POINT('Ctrl Pts',(0.970897265037866,9.84946903049093,20.8941592947422));
#2606=CARTESIAN_POINT('Ctrl Pts',(1.20133109423229,9.75792655298511,20.8293687698088));
#2607=CARTESIAN_POINT('Ctrl Pts',(1.63078756315548,9.53176082047785,20.6670780386634));
#2608=CARTESIAN_POINT('Ctrl Pts',(1.85838019311817,9.37024340447756,20.5499720108516));
#2609=CARTESIAN_POINT('Ctrl Pts',(2.24860462242058,9.00384834385503,20.2775230920879));
#2610=CARTESIAN_POINT('Ctrl Pts',(2.41162601192528,8.79937073700546,20.1222005124356));
#2611=CARTESIAN_POINT('Ctrl Pts',(2.82286332615375,8.14914745109929,19.6147453388698));
#2612=CARTESIAN_POINT('Ctrl Pts',(2.97678419738211,7.62872493258091,19.1861037891284));
#2613=CARTESIAN_POINT('Ctrl Pts',(2.99916890054598,7.08166398565571,18.6905575023606));
#2614=CARTESIAN_POINT('Ctrl Pts',(3.00000004470348,7.04076853031592,18.6532453154945));
#2615=CARTESIAN_POINT('Ctrl Pts',(3.00000004470348,7.00000010430813,18.6157732193478));
#2616=CARTESIAN_POINT('',(3.00000004470348,7.00000010430813,5.2));
#2617=CARTESIAN_POINT('Origin',(0.,7.00000010430813,5.2));
#2618=CARTESIAN_POINT('',(3.00000004470348,7.00000010430813,26.));
#2619=CARTESIAN_POINT('Origin',(-5.55111512312578E-16,7.45057815443317E-8,
5.2));
#2620=CARTESIAN_POINT('',(3.46451949330125,0.497096248764401,5.2));
#2621=CARTESIAN_POINT('Origin',(0.,0.,5.2));
#2622=CARTESIAN_POINT('',(3.00000004470348,7.00000010430813,5.2));
#2623=CARTESIAN_POINT('',(-1.4,7.00000010430813,5.2));
#2624=CARTESIAN_POINT('Origin',(0.,7.00000010430813,5.2));
#2625=CARTESIAN_POINT('Origin',(-2.99260063567163,-7.2105740615034,26.));
#2626=CARTESIAN_POINT('',(-3.46545651441018,-0.490521300997233,14.5));
#2627=CARTESIAN_POINT('',(-3.46545651441018,-0.490521300997233,5.2));
#2628=CARTESIAN_POINT('',(-3.46545651441018,-0.490521300997233,0.));
#2629=CARTESIAN_POINT('Ctrl Pts',(-2.99260063567163,-7.2105740615034,18.8069223680685));
#2630=CARTESIAN_POINT('Ctrl Pts',(-3.3190863951407,-2.57067926937548,14.6466064313118));
#2631=CARTESIAN_POINT('Ctrl Pts',(-3.46545651441018,-0.490521300997274,
14.5));
#2632=CARTESIAN_POINT('',(-3.49999997741497,0.000397611847962448,5.2));
#2633=CARTESIAN_POINT('Origin',(3.00000004470348,7.00000010430813,26.));
#2634=CARTESIAN_POINT('',(3.46451949330125,0.49709624876441,14.5));
#2635=CARTESIAN_POINT('',(3.46451949330125,0.49709624876441,0.));
#2636=CARTESIAN_POINT('Ctrl Pts',(3.00000004470348,7.00000010430813,18.6157732193478));
#2637=CARTESIAN_POINT('Ctrl Pts',(3.31825723713518,2.5446518299441,14.646029645977));
#2638=CARTESIAN_POINT('Ctrl Pts',(3.46451949330125,0.497096248764438,14.5));
#2639=CARTESIAN_POINT('Origin',(-5.55111512312578E-16,7.45057815443317E-8,
5.2));
#2640=CARTESIAN_POINT('Origin',(0.,0.,5.2));
#2641=CARTESIAN_POINT('',(-1.4,-7.,5.2));
#2642=CARTESIAN_POINT('Origin',(0.,-7.,5.2));
#2643=CARTESIAN_POINT('Origin',(0.,150.,20.25));
#2644=CARTESIAN_POINT('',(-15.,150.,26.));
#2645=CARTESIAN_POINT('Origin',(0.,150.,26.));
#2646=CARTESIAN_POINT('',(-3.5,150.,14.5));
#2647=CARTESIAN_POINT('',(-9.25,150.,20.25));
#2648=CARTESIAN_POINT('Origin',(0.,150.,14.5));
#2649=CARTESIAN_POINT('Origin',(0.,150.,14.5));
#2650=CARTESIAN_POINT('Origin',(0.,150.,14.5));
#2651=CARTESIAN_POINT('Origin',(0.,0.,20.25));
#2652=CARTESIAN_POINT('',(-15.,-1.83697019872103E-15,26.));
#2653=CARTESIAN_POINT('Origin',(0.,0.,26.));
#2654=CARTESIAN_POINT('',(-3.5,-4.28626379701574E-16,14.5));
#2655=CARTESIAN_POINT('',(-9.25,-1.1327982892113E-15,20.25));
#2656=CARTESIAN_POINT('Origin',(0.,0.,14.5));
#2657=CARTESIAN_POINT('Origin',(0.,0.,14.5));
#2658=CARTESIAN_POINT('Origin',(0.,0.,14.5));
#2659=CARTESIAN_POINT('Origin',(0.,0.,23.));
#2660=CARTESIAN_POINT('',(-9.9473467770076,17.3508009065275,23.));
#2661=CARTESIAN_POINT('',(-3.04684498459295,17.7341956864597,25.830532264693));
#2662=CARTESIAN_POINT('Ctrl Pts',(-9.9473467770076,17.3508009065275,23.));
#2663=CARTESIAN_POINT('Ctrl Pts',(-9.18478642043246,17.7879825874261,23.346212942873));
#2664=CARTESIAN_POINT('Ctrl Pts',(-8.39564974722736,18.1046633165234,23.6930154869871));
#2665=CARTESIAN_POINT('Ctrl Pts',(-6.75707225041015,18.5100845971285,24.3917384530411));
#2666=CARTESIAN_POINT('Ctrl Pts',(-5.94013545683684,18.5684401222181,24.7279059182336));
#2667=CARTESIAN_POINT('Ctrl Pts',(-4.69013256123942,18.4513933966552,25.2248140183402));
#2668=CARTESIAN_POINT('Ctrl Pts',(-4.21875199499425,18.3385373355951,25.4063843663655));
#2669=CARTESIAN_POINT('Ctrl Pts',(-3.56303241873886,18.0716434045979,25.6497015751771));
#2670=CARTESIAN_POINT('Ctrl Pts',(-3.31074390678742,17.9379347502285,25.7407039593658));
#2671=CARTESIAN_POINT('Ctrl Pts',(-3.07385804658528,17.7556714209074,25.8213894023222));
#2672=CARTESIAN_POINT('Ctrl Pts',(-3.06030900396788,17.7450198688905,25.8259853000345));
#2673=CARTESIAN_POINT('Ctrl Pts',(-3.04684498459295,17.7341956864597,25.830532264693));
#2674=CARTESIAN_POINT('',(20.,0.,23.));
#2675=CARTESIAN_POINT('Origin',(0.,0.,23.));
#2676=CARTESIAN_POINT('',(17.,3.33066907387547E-15,26.));
#2677=CARTESIAN_POINT('Origin',(17.,3.33066907387547E-15,23.));
#2678=CARTESIAN_POINT('',(16.7671777027949,2.80388157433559,26.));
#2679=CARTESIAN_POINT('Origin',(0.,0.,26.));
#2680=CARTESIAN_POINT('',(19.7345732963331,3.24755551325256,23.));
#2681=CARTESIAN_POINT('Ctrl Pts',(16.7671791835013,2.80388164021273,26.));
#2682=CARTESIAN_POINT('Ctrl Pts',(16.7732437878857,2.8047909982628,26.));
#2683=CARTESIAN_POINT('Ctrl Pts',(16.7793084978589,2.80570035209914,25.9999805194637));
#2684=CARTESIAN_POINT('Ctrl Pts',(16.7853732280784,2.8066096890114,25.9999415960307));
#2685=CARTESIAN_POINT('Ctrl Pts',(16.7923392034856,2.80765415732878,25.9998968884069));
#2686=CARTESIAN_POINT('Ctrl Pts',(16.7993051652781,2.80869859727566,25.9998265302112));
#2687=CARTESIAN_POINT('Ctrl Pts',(16.8062709841537,2.80974298945282,25.999730578182));
#2688=CARTESIAN_POINT('Ctrl Pts',(16.9053810813903,2.82460266526114,25.9983653668396));
#2689=CARTESIAN_POINT('Ctrl Pts',(17.0042179582705,2.8394155791373,25.9918268849237));
#2690=CARTESIAN_POINT('Ctrl Pts',(17.1024131887704,2.85412745143591,25.9803256068084));
#2691=CARTESIAN_POINT('Ctrl Pts',(17.2019255926234,2.86903666617231,25.9686700525944));
#2692=CARTESIAN_POINT('Ctrl Pts',(17.3007798742748,2.88384222313202,25.9519174845484));
#2693=CARTESIAN_POINT('Ctrl Pts',(17.3985943606867,2.89848758445194,25.9302325302733));
#2694=CARTESIAN_POINT('Ctrl Pts',(17.4963893876524,2.91313003218889,25.9085518900545));
#2695=CARTESIAN_POINT('Ctrl Pts',(17.5931459044334,2.92761246267302,25.8819405374023));
#2696=CARTESIAN_POINT('Ctrl Pts',(17.6884712291985,2.94187661469336,25.8505127037642));
#2697=CARTESIAN_POINT('Ctrl Pts',(17.7705214718856,2.95415432932877,25.8234615357406));
#2698=CARTESIAN_POINT('Ctrl Pts',(17.8515115304533,2.96627034239653,25.7928410708785));
#2699=CARTESIAN_POINT('Ctrl Pts',(17.9311768511066,2.97818547405405,25.7586966836657));
#2700=CARTESIAN_POINT('Ctrl Pts',(18.0239579528916,2.9920622655366,25.7189309005194));
#2701=CARTESIAN_POINT('Ctrl Pts',(18.1144860493217,3.00559859424596,25.6745819482536));
#2702=CARTESIAN_POINT('Ctrl Pts',(18.2023839543223,3.01873971037821,25.6258144887579));
#2703=CARTESIAN_POINT('Ctrl Pts',(18.2895644931632,3.0317735771737,25.5774450378967));
#2704=CARTESIAN_POINT('Ctrl Pts',(18.3741584242015,3.04441876433395,25.5247285402612));
#2705=CARTESIAN_POINT('Ctrl Pts',(18.455779507902,3.05661933107936,25.4677785255722));
#2706=CARTESIAN_POINT('Ctrl Pts',(18.5114031720392,3.064933852232,25.4289678611451));
#2707=CARTESIAN_POINT('Ctrl Pts',(18.5656457949558,3.07304182851451,25.3881900819296));
#2708=CARTESIAN_POINT('Ctrl Pts',(18.6183772543249,3.08092448619985,25.3454696784384));
#2709=CARTESIAN_POINT('Ctrl Pts',(18.6965019345085,3.09260309547849,25.2821769514783));
#2710=CARTESIAN_POINT('Ctrl Pts',(18.7713115264283,3.10378738025315,25.2146213021334));
#2711=CARTESIAN_POINT('Ctrl Pts',(18.8426356875244,3.11445002778523,25.1431416032172));
#2712=CARTESIAN_POINT('Ctrl Pts',(18.854659261124,3.11624749901236,25.1310918096047));
#2713=CARTESIAN_POINT('Ctrl Pts',(18.8665836903324,3.11803013371967,25.1189304306625));
#2714=CARTESIAN_POINT('Ctrl Pts',(18.8784080401575,3.11979778531823,25.1066590080381));
#2715=CARTESIAN_POINT('Ctrl Pts',(18.9477281849851,3.1301606269653,25.0347179029326));
#2716=CARTESIAN_POINT('Ctrl Pts',(19.0132745476511,3.13995872377378,24.9593478479201));
#2717=CARTESIAN_POINT('Ctrl Pts',(19.0749445506216,3.14917543158827,24.8809395613077));
#2718=CARTESIAN_POINT('Ctrl Pts',(19.1374196350345,3.1585124604675,24.8015076805097));
#2719=CARTESIAN_POINT('Ctrl Pts',(19.1959169488493,3.16725288207615,24.7189570099519));
#2720=CARTESIAN_POINT('Ctrl Pts',(19.25029289038,3.17537460738557,24.6336541741955));
#2721=CARTESIAN_POINT('Ctrl Pts',(19.304701765904,3.18350125179779,24.5482996728875));
#2722=CARTESIAN_POINT('Ctrl Pts',(19.3549846826659,3.19100850388284,24.460188876173));
#2723=CARTESIAN_POINT('Ctrl Pts',(19.4009546023223,3.19786862950698,24.3696611895862));
#2724=CARTESIAN_POINT('Ctrl Pts',(19.4395396687154,3.20362670793415,24.2936763537747));
#2725=CARTESIAN_POINT('Ctrl Pts',(19.4750855396663,3.20892879503202,24.2159880575175));
#2726=CARTESIAN_POINT('Ctrl Pts',(19.507454914791,3.21375501975482,24.1367880137325));
#2727=CARTESIAN_POINT('Ctrl Pts',(19.5461101330196,3.21951845414803,24.0422080298916));
#2728=CARTESIAN_POINT('Ctrl Pts',(19.5800450342029,3.22457499576244,23.9459409508297));
#2729=CARTESIAN_POINT('Ctrl Pts',(19.6091190721475,3.22890447967559,23.8483513132943));
#2730=CARTESIAN_POINT('Ctrl Pts',(19.6380372618291,3.23321075585446,23.7512847945468));
#2731=CARTESIAN_POINT('Ctrl Pts',(19.6621469013582,3.23679779294796,23.6529090348638));
#2732=CARTESIAN_POINT('Ctrl Pts',(19.6812635190436,3.23963983298212,23.5535615267295));
#2733=CARTESIAN_POINT('Ctrl Pts',(19.699876359616,3.24240697719803,23.4568321073002));
#2734=CARTESIAN_POINT('Ctrl Pts',(19.7137560208529,3.24446789245325,23.3591807253407));
#2735=CARTESIAN_POINT('Ctrl Pts',(19.722685024327,3.24579274094935,23.2609103683012));
#2736=CARTESIAN_POINT('Ctrl Pts',(19.7305499006067,3.24695969866658,23.1743515263965));
#2737=CARTESIAN_POINT('Ctrl Pts',(19.7345732963331,3.24755551325254,23.0873120301856));
#2738=CARTESIAN_POINT('Ctrl Pts',(19.7345732963331,3.24755551325254,23.));
#2739=CARTESIAN_POINT('',(3.52908708621002,19.6861764783806,23.));
#2740=CARTESIAN_POINT('Origin',(0.,0.,23.));
#2741=CARTESIAN_POINT('Ctrl Pts',(-3.0468449845929,17.7341956864598,25.830532264693));
#2742=CARTESIAN_POINT('Ctrl Pts',(-3.00894406053853,17.8012292973835,25.8095850679261));
#2743=CARTESIAN_POINT('Ctrl Pts',(-2.96783113595944,17.865618735169,25.7875569585272));
#2744=CARTESIAN_POINT('Ctrl Pts',(-2.74542073497182,18.1823378574789,25.6710255328297));
#2745=CARTESIAN_POINT('Ctrl Pts',(-2.52091026057756,18.4028183685744,25.5616640213339));
#2746=CARTESIAN_POINT('Ctrl Pts',(-1.92089458786062,18.8812210773166,25.2785913745524));
#2747=CARTESIAN_POINT('Ctrl Pts',(-1.50486075467861,19.1100872012271,25.0908535587906));
#2748=CARTESIAN_POINT('Ctrl Pts',(-0.253780878020333,19.6351575338388,24.5397425945097));
#2749=CARTESIAN_POINT('Ctrl Pts',(0.754719614631213,19.8396783177169,24.1134987209914));
#2750=CARTESIAN_POINT('Ctrl Pts',(2.40824318763194,19.8377351942565,23.4424310169083));
#2751=CARTESIAN_POINT('Ctrl Pts',(2.96686556141031,19.7869643954725,23.2198577534827));
#2752=CARTESIAN_POINT('Ctrl Pts',(3.52908708621003,19.6861764783806,23.));
#2753=CARTESIAN_POINT('Ctrl Pts',(20.,0.,23.));
#2754=CARTESIAN_POINT('Ctrl Pts',(20.,0.541387490111477,23.));
#2755=CARTESIAN_POINT('Ctrl Pts',(19.9318871517778,1.64673238569785,23.));
#2756=CARTESIAN_POINT('Ctrl Pts',(19.811571306975,2.67199369297365,23.));
#2757=CARTESIAN_POINT('Ctrl Pts',(19.7345732963331,3.24755551325255,23.));
#2758=CARTESIAN_POINT('Ctrl Pts',(20.,0.,23.8975979010257));
#2759=CARTESIAN_POINT('Ctrl Pts',(20.,0.541775846192271,23.8975979010257));
#2760=CARTESIAN_POINT('Ctrl Pts',(19.9318784832743,1.64714349490141,23.8975979010256));
#2761=CARTESIAN_POINT('Ctrl Pts',(19.8115851364438,2.67189031739072,23.8975979010257));
#2762=CARTESIAN_POINT('Ctrl Pts',(19.7345732963331,3.24755551325255,23.8975979010257));
#2763=CARTESIAN_POINT('Ctrl Pts',(19.24731906821,0.,25.4520680472605));
#2764=CARTESIAN_POINT('Ctrl Pts',(19.24731906821,0.508041760687335,25.4520680472605));
#2765=CARTESIAN_POINT('Ctrl Pts',(19.182280383752,1.57514796203893,25.4520680472605));
#2766=CARTESIAN_POINT('Ctrl Pts',(19.0643491319018,2.58106623018431,25.4520680472605));
#2767=CARTESIAN_POINT('Ctrl Pts',(18.9885385720231,3.14775182993347,25.4520680472605));
#2768=CARTESIAN_POINT('Ctrl Pts',(17.6731984257692,0.,26.));
#2769=CARTESIAN_POINT('Ctrl Pts',(17.6731984257692,0.438464353901783,26.));
#2770=CARTESIAN_POINT('Ctrl Pts',(17.6145853224779,1.42560938067854,26.));
#2771=CARTESIAN_POINT('Ctrl Pts',(17.5016503766815,2.39086225934259,26.));
#2772=CARTESIAN_POINT('Ctrl Pts',(17.4283174877437,2.93902721440408,26.));
#2773=CARTESIAN_POINT('Ctrl Pts',(17.,0.,26.));
#2774=CARTESIAN_POINT('Ctrl Pts',(17.,0.408814183031593,26.));
#2775=CARTESIAN_POINT('Ctrl Pts',(16.9441325412108,1.36176870172564,26.));
#2776=CARTESIAN_POINT('Ctrl Pts',(16.8333404732955,2.30949027394762,26.));
#2777=CARTESIAN_POINT('Ctrl Pts',(16.761063435246,2.84976272043505,26.));
#2778=CARTESIAN_POINT('Ctrl Pts',(16.7671791664346,2.80388176871869,26.));
#2779=CARTESIAN_POINT('Ctrl Pts',(16.8369101180913,2.27883104890818,26.));
#2780=CARTESIAN_POINT('Ctrl Pts',(16.9450361697438,1.34635513339085,26.));
#2781=CARTESIAN_POINT('Ctrl Pts',(17.,0.408814183031593,26.));
#2782=CARTESIAN_POINT('Ctrl Pts',(17.,0.,26.));
#2783=CARTESIAN_POINT('Ctrl Pts',(20.,0.,23.));
#2784=CARTESIAN_POINT('Ctrl Pts',(20.,0.541387490111477,23.));
#2785=CARTESIAN_POINT('Ctrl Pts',(19.9318871517778,1.64673238569785,23.));
#2786=CARTESIAN_POINT('Ctrl Pts',(19.811571306975,2.67199369297365,23.));
#2787=CARTESIAN_POINT('Ctrl Pts',(19.7345732963331,3.24755551325255,23.));
#2788=CARTESIAN_POINT('Origin',(0.,0.,0.));
#2789=CARTESIAN_POINT('',(19.7345732963331,3.24755551325256,0.));
#2790=CARTESIAN_POINT('',(10.6275037737485,16.9427318794509,20.3502168183195));
#2791=CARTESIAN_POINT('Ctrl Pts',(10.6275037737485,16.9427318794509,20.3502168183195));
#2792=CARTESIAN_POINT('Ctrl Pts',(11.484522668499,16.405157915409,19.6209856884171));
#2793=CARTESIAN_POINT('Ctrl Pts',(12.3215726058961,15.7896125437485,18.9277597002361));
#2794=CARTESIAN_POINT('Ctrl Pts',(14.3174921349505,14.0537584705864,17.329691978531));
#2795=CARTESIAN_POINT('Ctrl Pts',(15.4344599149461,12.8344507681855,16.4868773679371));
#2796=CARTESIAN_POINT('Ctrl Pts',(17.4954640118675,9.87349381612319,15.0618805932564));
#2797=CARTESIAN_POINT('Ctrl Pts',(18.3821392442803,8.13383417391664,14.5374420694641));
#2798=CARTESIAN_POINT('Ctrl Pts',(19.192682558882,5.65604007523717,14.1699485494721));
#2799=CARTESIAN_POINT('Ctrl Pts',(19.3519453905207,5.08500582973236,14.1079103744789));
#2800=CARTESIAN_POINT('Ctrl Pts',(19.5359150239172,4.28915445726723,14.0488063667451));
#2801=CARTESIAN_POINT('Ctrl Pts',(19.5821238217217,4.07300690756639,14.035442892277));
#2802=CARTESIAN_POINT('Ctrl Pts',(19.6645025474462,3.6537356811849,14.0142971625534));
#2803=CARTESIAN_POINT('Ctrl Pts',(19.7010940494362,3.45100042715689,14.0062073167678));
#2804=CARTESIAN_POINT('Ctrl Pts',(19.7345732963331,3.24755551325227,14.));
#2805=CARTESIAN_POINT('Ctrl Pts',(3.52908708621003,19.6861764783806,23.));
#2806=CARTESIAN_POINT('Ctrl Pts',(6.01672842426546,19.2402238104821,22.0272033141204));
#2807=CARTESIAN_POINT('Ctrl Pts',(8.43023071554029,18.3209941268979,21.124648565501));
#2808=CARTESIAN_POINT('Ctrl Pts',(10.6275037737485,16.9427318794509,20.3502168183195));
#2809=CARTESIAN_POINT('Origin',(0.,0.,0.));
#2810=CARTESIAN_POINT('',(-15.5041868344481,12.6340884357569,20.3502168183195));
#2811=CARTESIAN_POINT('Ctrl Pts',(-15.5041868344481,12.6340884357569,20.3502168183195));
#2812=CARTESIAN_POINT('Ctrl Pts',(-13.998789403448,14.4814684940021,21.1140132160657));
#2813=CARTESIAN_POINT('Ctrl Pts',(-12.1925086339451,16.0243975400494,21.977359362112));
#2814=CARTESIAN_POINT('Ctrl Pts',(-10.1064091560269,17.2588801238679,22.9277220158981));
#2815=CARTESIAN_POINT('Ctrl Pts',(-10.0270175993875,17.3051250151095,22.9638283453376));
#2816=CARTESIAN_POINT('Ctrl Pts',(-9.9473467770076,17.3508009065275,23.));
#2817=CARTESIAN_POINT('',(-20.,0.,14.));
#2818=CARTESIAN_POINT('Ctrl Pts',(-20.,1.59566698620177E-13,14.));
#2819=CARTESIAN_POINT('Ctrl Pts',(-20.,0.0634769974609256,14.));
#2820=CARTESIAN_POINT('Ctrl Pts',(-19.9996907285393,0.128186647688729,14.000813151091));
#2821=CARTESIAN_POINT('Ctrl Pts',(-19.9977036724303,0.335259073978435,14.0058597361015));
#2822=CARTESIAN_POINT('Ctrl Pts',(-19.9947798554939,0.47878699619214,14.0131341985358));
#2823=CARTESIAN_POINT('Ctrl Pts',(-19.9823845696163,0.877316190829715,14.042444016344));
#2824=CARTESIAN_POINT('Ctrl Pts',(-19.9694941643015,1.13300605684893,14.0717173998661));
#2825=CARTESIAN_POINT('Ctrl Pts',(-19.9135139911776,1.93876106243726,14.1910604310924));
#2826=CARTESIAN_POINT('Ctrl Pts',(-19.8519667065068,2.4884530676962,14.3131853948468));
#2827=CARTESIAN_POINT('Ctrl Pts',(-19.6058815229151,4.09755627911381,14.7609338109999));
#2828=CARTESIAN_POINT('Ctrl Pts',(-19.3563053438282,5.13704461294787,15.1733548479891));
#2829=CARTESIAN_POINT('Ctrl Pts',(-18.5096556293025,7.77336450474359,16.4553709675843));
#2830=CARTESIAN_POINT('Ctrl Pts',(-17.7830794480723,9.28915090426553,17.4590421280757));
#2831=CARTESIAN_POINT('Ctrl Pts',(-16.5025297086134,11.3285837240265,19.1122134747702));
#2832=CARTESIAN_POINT('Ctrl Pts',(-16.0238516861205,11.9963708043985,19.7136771635982));
#2833=CARTESIAN_POINT('Ctrl Pts',(-15.5041868344481,12.6340884357569,20.3502168183195));
#2834=CARTESIAN_POINT('',(-20.,0.,0.));
#2835=CARTESIAN_POINT('',(-20.,0.,0.));
#2836=CARTESIAN_POINT('',(20.,0.,0.));
#2837=CARTESIAN_POINT('Origin',(0.,0.,0.));
#2838=CARTESIAN_POINT('',(20.,0.,0.));
#2839=CARTESIAN_POINT('Origin',(1.11022302462516E-15,0.,26.));
#2840=CARTESIAN_POINT('Ctrl Pts',(19.734573252719,146.752444221715,23.));
#2841=CARTESIAN_POINT('Ctrl Pts',(19.81157126971,147.328006132934,23.));
#2842=CARTESIAN_POINT('Ctrl Pts',(19.9319120616976,148.353190074466,23.));
#2843=CARTESIAN_POINT('Ctrl Pts',(19.9999999677308,149.458612615723,23.));
#2844=CARTESIAN_POINT('Ctrl Pts',(20.,150.,23.));
#2845=CARTESIAN_POINT('Ctrl Pts',(19.734573252719,146.752444221715,23.8975979010257));
#2846=CARTESIAN_POINT('Ctrl Pts',(19.811585099178,147.328109508519,23.8975979010257));
#2847=CARTESIAN_POINT('Ctrl Pts',(19.9319033920655,148.352766793174,23.8975979010257));
#2848=CARTESIAN_POINT('Ctrl Pts',(19.9999999677077,149.458224260151,23.8975979010257));
#2849=CARTESIAN_POINT('Ctrl Pts',(20.,150.,23.8975979010257));
#2850=CARTESIAN_POINT('Ctrl Pts',(18.9877864998803,146.852348503015,25.4514967163206));
#2851=CARTESIAN_POINT('Ctrl Pts',(19.0635970661748,147.419034193532,25.4514967163206));
#2852=CARTESIAN_POINT('Ctrl Pts',(19.181545990083,148.424832478066,25.4514967163206));
#2853=CARTESIAN_POINT('Ctrl Pts',(19.2465603107958,149.491958346394,25.4514967163206));
#2854=CARTESIAN_POINT('Ctrl Pts',(19.2465603410775,150.000000044909,25.4514967163206));
#2855=CARTESIAN_POINT('Ctrl Pts',(17.4283174410663,147.060972497666,26.));
#2856=CARTESIAN_POINT('Ctrl Pts',(17.5016503365593,147.609137543138,26.));
#2857=CARTESIAN_POINT('Ctrl Pts',(17.6146011990588,148.574377409496,26.));
#2858=CARTESIAN_POINT('Ctrl Pts',(17.6731983996347,149.561535755856,26.));
#2859=CARTESIAN_POINT('Ctrl Pts',(17.6731984257692,150.000000138688,26.));
#2860=CARTESIAN_POINT('Ctrl Pts',(16.7610633876824,147.150236985011,26.));
#2861=CARTESIAN_POINT('Ctrl Pts',(16.8333404323464,147.690509521755,26.));
#2862=CARTESIAN_POINT('Ctrl Pts',(16.9441458038624,148.638232691497,26.));
#2863=CARTESIAN_POINT('Ctrl Pts',(16.9999999756328,149.591185928029,26.));
#2864=CARTESIAN_POINT('Ctrl Pts',(17.,150.000000178814,26.));
#2865=CARTESIAN_POINT('',(19.7345732527192,146.752444221717,23.));
#2866=CARTESIAN_POINT('',(20.,150.,23.));
#2867=CARTESIAN_POINT('Ctrl Pts',(19.734573252719,146.752444221715,23.));
#2868=CARTESIAN_POINT('Ctrl Pts',(19.81157126971,147.328006132934,23.));
#2869=CARTESIAN_POINT('Ctrl Pts',(19.9319120616976,148.353190074466,23.));
#2870=CARTESIAN_POINT('Ctrl Pts',(19.9999999677308,149.458612615723,23.));
#2871=CARTESIAN_POINT('Ctrl Pts',(20.,150.,23.));
#2872=CARTESIAN_POINT('',(17.,150.000000178814,26.));
#2873=CARTESIAN_POINT('Origin',(17.,150.000000178814,23.));
#2874=CARTESIAN_POINT('',(16.7671776595184,147.196118166872,26.));
#2875=CARTESIAN_POINT('Ctrl Pts',(17.,150.000000178814,26.));
#2876=CARTESIAN_POINT('Ctrl Pts',(16.9999999756328,149.591185928029,26.));
#2877=CARTESIAN_POINT('Ctrl Pts',(16.9450492179542,148.653646247108,26.));
#2878=CARTESIAN_POINT('Ctrl Pts',(16.8369105023928,147.721168813662,26.));
#2879=CARTESIAN_POINT('Ctrl Pts',(16.7671791404883,147.196117970186,26.));
#2880=CARTESIAN_POINT('Ctrl Pts',(16.7671791581181,147.196118102932,26.));
#2881=CARTESIAN_POINT('Ctrl Pts',(16.7732437602977,147.195208745003,26.));
#2882=CARTESIAN_POINT('Ctrl Pts',(16.7793084413054,147.194299394808,25.9999804991652));
#2883=CARTESIAN_POINT('Ctrl Pts',(16.7853731163002,147.193390065122,25.9999415354785));
#2884=CARTESIAN_POINT('Ctrl Pts',(16.7923390329962,147.192345604397,25.9998967815889));
#2885=CARTESIAN_POINT('Ctrl Pts',(16.7993049013998,147.191301176697,25.9998263507662));
#2886=CARTESIAN_POINT('Ctrl Pts',(16.8062705928892,147.190256801279,25.9997303002692));
#2887=CARTESIAN_POINT('Ctrl Pts',(16.9053523231076,147.17540134529,25.9983640540831));
#2888=CARTESIAN_POINT('Ctrl Pts',(17.0041541151135,147.160593544326,25.9918220885057));
#2889=CARTESIAN_POINT('Ctrl Pts',(17.1023098519727,147.145887365603,25.9803162464009));
#2890=CARTESIAN_POINT('Ctrl Pts',(17.2017901328537,147.130982737133,25.9686551408866));
#2891=CARTESIAN_POINT('Ctrl Pts',(17.300607654117,147.116182379911,25.9518951006798));
#2892=CARTESIAN_POINT('Ctrl Pts',(17.3983829772746,147.101542529911,25.9302022117345));
#2893=CARTESIAN_POINT('Ctrl Pts',(17.4961681328509,147.086901207708,25.9085071413229));
#2894=CARTESIAN_POINT('Ctrl Pts',(17.5929117492772,147.072420310713,25.8818779413341));
#2895=CARTESIAN_POINT('Ctrl Pts',(17.6882230101046,147.058157852425,25.8504304119553));
#2896=CARTESIAN_POINT('Ctrl Pts',(17.7702845230328,147.045878097704,25.823354578352));
#2897=CARTESIAN_POINT('Ctrl Pts',(17.8512843843054,147.033760255588,25.7927060427556));
#2898=CARTESIAN_POINT('Ctrl Pts',(17.9309590111515,147.021843380432,25.7585312128121));
#2899=CARTESIAN_POINT('Ctrl Pts',(18.0237065661898,147.00797119705,25.7187490130506));
#2900=CARTESIAN_POINT('Ctrl Pts',(18.1142023678675,146.994439303045,25.6743850671173));
#2901=CARTESIAN_POINT('Ctrl Pts',(18.2020713284472,146.981302166263,25.6256055213624));
#2902=CARTESIAN_POINT('Ctrl Pts',(18.2892517833943,146.968267966771,25.577208192397));
#2903=CARTESIAN_POINT('Ctrl Pts',(18.373847226855,146.955622254333,25.52446382269));
#2904=CARTESIAN_POINT('Ctrl Pts',(18.4554730912274,146.943420749034,25.4674875118959));
#2905=CARTESIAN_POINT('Ctrl Pts',(18.5110730033058,146.935109625751,25.4286777805067));
#2906=CARTESIAN_POINT('Ctrl Pts',(18.5652947304131,146.927004655189,25.387903573712));
#2907=CARTESIAN_POINT('Ctrl Pts',(18.6180088739852,146.919124513219,25.345189842876));
#2908=CARTESIAN_POINT('Ctrl Pts',(18.6961405005129,146.907444757699,25.2818805858317));
#2909=CARTESIAN_POINT('Ctrl Pts',(18.7709621361123,146.896258662879,25.2143116585005));
#2910=CARTESIAN_POINT('Ctrl Pts',(18.8423020577432,146.885593728446,25.1428211348174));
#2911=CARTESIAN_POINT('Ctrl Pts',(18.8543134675394,146.883798087309,25.1307843683495));
#2912=CARTESIAN_POINT('Ctrl Pts',(18.8662260825133,146.882017232631,25.1186363609523));
#2913=CARTESIAN_POINT('Ctrl Pts',(18.878038964538,146.880251311351,25.1063786447764));
#2914=CARTESIAN_POINT('Ctrl Pts',(18.9473868067687,146.869884422891,25.0344193916743));
#2915=CARTESIAN_POINT('Ctrl Pts',(19.0129631271285,146.860082014457,24.9590325531988));
#2916=CARTESIAN_POINT('Ctrl Pts',(19.0746639203619,146.850860923903,24.8806082026018));
#2917=CARTESIAN_POINT('Ctrl Pts',(19.1371619980192,146.841520680394,24.8011704693575));
#2918=CARTESIAN_POINT('Ctrl Pts',(19.1956842047499,146.832776814421,24.7186155024615));
#2919=CARTESIAN_POINT('Ctrl Pts',(19.2500855199604,146.824651606364,24.6333091089634));
#2920=CARTESIAN_POINT('Ctrl Pts',(19.3045059048912,146.816523550114,24.5479728123453));
#2921=CARTESIAN_POINT('Ctrl Pts',(19.3548029166588,146.809014531859,24.4598823649998));
#2922=CARTESIAN_POINT('Ctrl Pts',(19.4007882307259,146.802152457167,24.3693760977119));
#2923=CARTESIAN_POINT('Ctrl Pts',(19.4393695911464,146.796395223966,24.2934419654922));
#2924=CARTESIAN_POINT('Ctrl Pts',(19.4749152879756,146.79109346066,24.2158065940485));
#2925=CARTESIAN_POINT('Ctrl Pts',(19.5072874432734,146.786267113296,24.1366608149036));
#2926=CARTESIAN_POINT('Ctrl Pts',(19.5459660092164,146.780500546532,24.0420966683521));
#2927=CARTESIAN_POINT('Ctrl Pts',(19.5799236619486,146.775440954543,23.9458450318632));
#2928=CARTESIAN_POINT('Ctrl Pts',(19.6090185309999,146.77110867951,23.8482694578475));
#2929=CARTESIAN_POINT('Ctrl Pts',(19.6379532480604,146.766800251378,23.751230986178));
#2930=CARTESIAN_POINT('Ctrl Pts',(19.6620789097615,146.763211110222,23.6528822902872));
#2931=CARTESIAN_POINT('Ctrl Pts',(19.6812098237036,146.76036717694,23.553559748497));
#2932=CARTESIAN_POINT('Ctrl Pts',(19.6998339066535,146.757598587341,23.4568685364249));
#2933=CARTESIAN_POINT('Ctrl Pts',(19.7137245356619,146.755536223415,23.3592536409318));
#2934=CARTESIAN_POINT('Ctrl Pts',(19.7226631985518,146.754210060723,23.2610168715345));
#2935=CARTESIAN_POINT('Ctrl Pts',(19.7305422258619,146.753041108252,23.1744255996109));
#2936=CARTESIAN_POINT('Ctrl Pts',(19.7345732527192,146.752444221717,23.0873507322287));
#2937=CARTESIAN_POINT('Ctrl Pts',(19.7345732527192,146.752444221717,23.));
#2938=CARTESIAN_POINT('Origin',(0.,150.,23.));
#2939=CARTESIAN_POINT('',(3.52908709686871,130.31382352353,23.0000000000003));
#2940=CARTESIAN_POINT('',(-3.04684484767689,132.265804094633,25.8305321970689));
#2941=CARTESIAN_POINT('Ctrl Pts',(3.5290870968688,130.31382352353,23.0000000000005));
#2942=CARTESIAN_POINT('Ctrl Pts',(2.59197740784579,130.145830428689,23.3664584531713));
#2943=CARTESIAN_POINT('Ctrl Pts',(1.67486754363608,130.118562520737,23.7365360434169));
#2944=CARTESIAN_POINT('Ctrl Pts',(-0.0146998374802121,130.324686842921,
24.4393901803364));
#2945=CARTESIAN_POINT('Ctrl Pts',(-0.765420040329566,130.546266218532,24.7623737877391));
#2946=CARTESIAN_POINT('Ctrl Pts',(-1.83225294630319,131.068061991823,25.2384361244072));
#2947=CARTESIAN_POINT('Ctrl Pts',(-2.2093635377003,131.322375153571,25.4124890225534));
#2948=CARTESIAN_POINT('Ctrl Pts',(-2.69642977315446,131.776298459441,25.6477252928546));
#2949=CARTESIAN_POINT('Ctrl Pts',(-2.87346921621866,131.977971192488,25.7362789658609));
#2950=CARTESIAN_POINT('Ctrl Pts',(-3.02416511567766,132.226419343344,25.8180581961944));
#2951=CARTESIAN_POINT('Ctrl Pts',(-3.03563927337697,132.245985318888,25.8243390669127));
#2952=CARTESIAN_POINT('Ctrl Pts',(-3.0468448476769,132.265804094633,25.8305321970689));
#2953=CARTESIAN_POINT('Origin',(0.,150.,23.));
#2954=CARTESIAN_POINT('Origin',(0.,150.,26.));
#2955=CARTESIAN_POINT('',(-9.94734646328952,132.649198913616,23.0000000000003));
#2956=CARTESIAN_POINT('Origin',(0.,150.,23.));
#2957=CARTESIAN_POINT('Ctrl Pts',(-3.04684484767688,132.265804094633,25.8305321970689));
#2958=CARTESIAN_POINT('Ctrl Pts',(-3.22051550597612,132.126184382398,25.7718814808169));
#2959=CARTESIAN_POINT('Ctrl Pts',(-3.41181088076844,132.012234908921,25.7039353663041));
#2960=CARTESIAN_POINT('Ctrl Pts',(-3.92504572196418,131.764406642501,25.5167669744542));
#2961=CARTESIAN_POINT('Ctrl Pts',(-4.26800312088526,131.659151302161,25.3866160506384));
#2962=CARTESIAN_POINT('Ctrl Pts',(-5.19187226607905,131.468330944998,25.0281736803471));
#2963=CARTESIAN_POINT('Ctrl Pts',(-5.86089922364791,131.437713453269,24.7595146441332));
#2964=CARTESIAN_POINT('Ctrl Pts',(-7.67339779874272,131.635618427371,24.0078654013678));
#2965=CARTESIAN_POINT('Ctrl Pts',(-8.83550494533153,132.011771699948,23.5047914159023));
#2966=CARTESIAN_POINT('Ctrl Pts',(-9.9473464632896,132.649198913616,23.0000000000006));
#2967=CARTESIAN_POINT('Origin',(0.,150.,0.));
#2968=CARTESIAN_POINT('',(10.6275038214191,133.057268150451,20.3502168183195));
#2969=CARTESIAN_POINT('Ctrl Pts',(10.6275038214191,133.057268150451,20.3502168183195));
#2970=CARTESIAN_POINT('Ctrl Pts',(8.66335467737502,131.825235281164,21.0424837337187));
#2971=CARTESIAN_POINT('Ctrl Pts',(6.52432326789672,130.95893722014,21.8378591154834));
#2972=CARTESIAN_POINT('Ctrl Pts',(4.05230297477534,130.413012796229,22.7958506441109));
#2973=CARTESIAN_POINT('Ctrl Pts',(3.79097761834117,130.36077192213,22.8975872338931));
#2974=CARTESIAN_POINT('Ctrl Pts',(3.5290870968688,130.31382352353,23.0000000000005));
#2975=CARTESIAN_POINT('Ctrl Pts',(19.7345732527189,146.752444221715,14.));
#2976=CARTESIAN_POINT('Ctrl Pts',(19.6692984622621,146.355785866395,14.0121024700382));
#2977=CARTESIAN_POINT('Ctrl Pts',(19.592280439364,145.962241351595,14.0313802376523));
#2978=CARTESIAN_POINT('Ctrl Pts',(19.3559154203135,144.921385509778,14.1056619058204));
#2979=CARTESIAN_POINT('Ctrl Pts',(19.1771052481299,144.283794406524,14.1755023007061));
#2980=CARTESIAN_POINT('Ctrl Pts',(18.7121486081245,142.893356756542,14.3900265552007));
#2981=CARTESIAN_POINT('Ctrl Pts',(18.4137164924753,142.154037393743,14.5465077553428));
#2982=CARTESIAN_POINT('Ctrl Pts',(17.4222765665814,140.060462585289,15.1216485767215));
#2983=CARTESIAN_POINT('Ctrl Pts',(16.6343846285775,138.803404913631,15.6413686367743));
#2984=CARTESIAN_POINT('Ctrl Pts',(14.5996822176054,136.204309758449,17.1077197144848));
#2985=CARTESIAN_POINT('Ctrl Pts',(13.3040317805126,134.970136435053,18.1215972553875));
#2986=CARTESIAN_POINT('Ctrl Pts',(11.5127780482259,133.637284063032,19.6021219974119));
#2987=CARTESIAN_POINT('Ctrl Pts',(11.0751681235495,133.33807021495,19.969302529863));
#2988=CARTESIAN_POINT('Ctrl Pts',(10.6275038214191,133.057268150451,20.3502168183195));
#2989=CARTESIAN_POINT('',(19.7345732527192,146.752444221717,0.));
#2990=CARTESIAN_POINT('Origin',(0.,150.,0.));
#2991=CARTESIAN_POINT('',(20.,150.,0.));
#2992=CARTESIAN_POINT('',(20.,150.,0.));
#2993=CARTESIAN_POINT('',(-20.,150.,0.));
#2994=CARTESIAN_POINT('Origin',(0.,150.,0.));
#2995=CARTESIAN_POINT('',(-20.,150.,14.));
#2996=CARTESIAN_POINT('',(-20.,150.,0.));
#2997=CARTESIAN_POINT('',(-15.5041865668125,137.365911235808,20.3502168183195));
#2998=CARTESIAN_POINT('Ctrl Pts',(-15.5041865668125,137.365911235808,20.3502168183195));
#2999=CARTESIAN_POINT('Ctrl Pts',(-16.5909189791101,138.699517670189,19.0190737523784));
#3000=CARTESIAN_POINT('Ctrl Pts',(-17.4854322421309,140.149297535035,17.8562099126927));
#3001=CARTESIAN_POINT('Ctrl Pts',(-18.95214897122,143.348054510139,15.8223063327306));
#3002=CARTESIAN_POINT('Ctrl Pts',(-19.4322505904586,145.012891172814,15.0599076693982));
#3003=CARTESIAN_POINT('Ctrl Pts',(-19.8207864467441,147.241780269163,14.3745116971179));
#3004=CARTESIAN_POINT('Ctrl Pts',(-19.906496487104,147.943127503123,14.2064321145339));
#3005=CARTESIAN_POINT('Ctrl Pts',(-19.9709879382977,148.895061233686,14.0683748489608));
#3006=CARTESIAN_POINT('Ctrl Pts',(-19.9832434754473,149.144358381215,14.0404538354719));
#3007=CARTESIAN_POINT('Ctrl Pts',(-19.9950970780621,149.535081820606,14.0123588727614));
#3008=CARTESIAN_POINT('Ctrl Pts',(-19.9978982136551,149.67718377929,14.0053718794872));
#3009=CARTESIAN_POINT('Ctrl Pts',(-19.9997129359019,149.877813741462,14.0007538109548));
#3010=CARTESIAN_POINT('Ctrl Pts',(-20.,149.938657528581,14.));
#3011=CARTESIAN_POINT('Ctrl Pts',(-20.,150.,14.));
#3012=CARTESIAN_POINT('Ctrl Pts',(-9.94734646328963,132.649198913616,23.0000000000006));
#3013=CARTESIAN_POINT('Ctrl Pts',(-12.0491389733211,133.854172573745,22.0457571515962));
#3014=CARTESIAN_POINT('Ctrl Pts',(-13.9388318010033,135.444953358645,21.1444338725075));
#3015=CARTESIAN_POINT('Ctrl Pts',(-15.5041865668125,137.365911235808,20.3502168183195));
#3016=CARTESIAN_POINT('Ctrl Pts',(19.7345732527192,146.752444221717,0.));
#3017=CARTESIAN_POINT('Ctrl Pts',(19.7345732527192,146.752444221717,26.));
#3018=CARTESIAN_POINT('Ctrl Pts',(19.8396412570892,147.537829920809,0.));
#3019=CARTESIAN_POINT('Ctrl Pts',(19.8396412570892,147.537829920809,26.));
#3020=CARTESIAN_POINT('Ctrl Pts',(19.919524430566,148.255927630809,0.));
#3021=CARTESIAN_POINT('Ctrl Pts',(19.919524430566,148.255927630809,26.));
#3022=CARTESIAN_POINT('Ctrl Pts',(19.9731742391113,148.905889730655,0.));
#3023=CARTESIAN_POINT('Ctrl Pts',(19.9731742391113,148.905889730655,26.));
#3024=CARTESIAN_POINT('Ctrl Pts',(19.9999999694376,149.487247929702,0.));
#3025=CARTESIAN_POINT('Ctrl Pts',(19.9999999694376,149.487247929702,26.));
#3026=CARTESIAN_POINT('Ctrl Pts',(20.,150.,0.));
#3027=CARTESIAN_POINT('Ctrl Pts',(20.,150.,26.));
#3028=CARTESIAN_POINT('Ctrl Pts',(20.,150.,0.));
#3029=CARTESIAN_POINT('Ctrl Pts',(19.9999999694376,149.487247929702,0.));
#3030=CARTESIAN_POINT('Ctrl Pts',(19.9731742391113,148.905889730655,0.));
#3031=CARTESIAN_POINT('Ctrl Pts',(19.919524430566,148.255927630809,0.));
#3032=CARTESIAN_POINT('Ctrl Pts',(19.8396412570892,147.537829920809,0.));
#3033=CARTESIAN_POINT('Ctrl Pts',(19.7345732527192,146.752444221717,0.));
#3034=CARTESIAN_POINT('Origin',(1.11022302462516E-15,150.,26.));
#3035=CARTESIAN_POINT('Origin',(0.,0.,0.));
#3036=CARTESIAN_POINT('',(-3.5,-4.28626379701574E-16,1.4));
#3037=CARTESIAN_POINT('',(-3.5,-4.28626379701574E-16,0.));
#3038=CARTESIAN_POINT('Origin',(0.,0.,1.4));
#3039=CARTESIAN_POINT('Origin',(0.,150.,0.));
#3040=CARTESIAN_POINT('',(-3.5,150.,1.4));
#3041=CARTESIAN_POINT('',(-3.5,150.,0.));
#3042=CARTESIAN_POINT('Origin',(0.,150.,1.4));
#3043=CARTESIAN_POINT('Origin',(0.,0.,0.));
#3044=CARTESIAN_POINT('',(-11.,-1.34711147906209E-15,0.));
#3045=CARTESIAN_POINT('Origin',(0.,0.,0.));
#3046=CARTESIAN_POINT('',(-11.,-1.34711147906209E-15,1.4));
#3047=CARTESIAN_POINT('',(-11.,-1.34711147906209E-15,0.));
#3048=CARTESIAN_POINT('Origin',(0.,0.,1.4));
#3049=CARTESIAN_POINT('Origin',(0.,0.,1.4));
#3050=CARTESIAN_POINT('',(-1.4,7.00000010430813,1.4));
#3051=CARTESIAN_POINT('Origin',(0.,7.00000010430813,1.4));
#3052=CARTESIAN_POINT('',(-1.4,-7.,1.4));
#3053=CARTESIAN_POINT('Origin',(0.,-7.,1.4));
#3054=CARTESIAN_POINT('Origin',(0.,150.,0.));
#3055=CARTESIAN_POINT('',(-11.,150.,0.));
#3056=CARTESIAN_POINT('Origin',(0.,150.,0.));
#3057=CARTESIAN_POINT('',(-11.,150.,1.4));
#3058=CARTESIAN_POINT('',(-11.,150.,0.));
#3059=CARTESIAN_POINT('Origin',(0.,150.,1.4));
#3060=CARTESIAN_POINT('Origin',(0.,150.,1.4));
#3061=CARTESIAN_POINT('',(-1.4,143.,1.4));
#3062=CARTESIAN_POINT('Origin',(0.,143.,1.4));
#3063=CARTESIAN_POINT('',(-1.4,157.000000104308,1.4));
#3064=CARTESIAN_POINT('Origin',(0.,157.000000104308,1.4));
#3065=CARTESIAN_POINT('Origin',(0.,143.,0.));
#3066=CARTESIAN_POINT('',(-1.4,143.,0.));
#3067=CARTESIAN_POINT('Origin',(0.,157.000000104308,0.));
#3068=CARTESIAN_POINT('',(-1.4,157.000000104308,0.));
#3069=CARTESIAN_POINT('Origin',(0.,7.00000010430813,0.));
#3070=CARTESIAN_POINT('',(-1.4,7.00000010430813,0.));
#3071=CARTESIAN_POINT('Origin',(0.,-7.,0.));
#3072=CARTESIAN_POINT('',(-1.4,-7.,0.));
#3073=CARTESIAN_POINT('Ctrl Pts',(20.,0.,0.));
#3074=CARTESIAN_POINT('Ctrl Pts',(20.,0.,26.));
#3075=CARTESIAN_POINT('Ctrl Pts',(20.,0.512751930042864,0.));
#3076=CARTESIAN_POINT('Ctrl Pts',(20.,0.512751930042864,26.));
#3077=CARTESIAN_POINT('Ctrl Pts',(19.9731742891202,1.09411003276959,0.));
#3078=CARTESIAN_POINT('Ctrl Pts',(19.9731742891202,1.09411003276959,26.));
#3079=CARTESIAN_POINT('Ctrl Pts',(19.9195244889061,1.74407208022774,0.));
#3080=CARTESIAN_POINT('Ctrl Pts',(19.9195244889061,1.74407208022774,26.));
#3081=CARTESIAN_POINT('Ctrl Pts',(19.8396413130599,2.46216978112494,0.));
#3082=CARTESIAN_POINT('Ctrl Pts',(19.8396413130599,2.46216978112494,26.));
#3083=CARTESIAN_POINT('Ctrl Pts',(19.7345732963331,3.24755551325256,0.));
#3084=CARTESIAN_POINT('Ctrl Pts',(19.7345732963331,3.24755551325256,26.));
#3085=CARTESIAN_POINT('Ctrl Pts',(19.7345732963331,3.24755551325256,0.));
#3086=CARTESIAN_POINT('Ctrl Pts',(19.8396413130599,2.46216978112494,0.));
#3087=CARTESIAN_POINT('Ctrl Pts',(19.9195244889061,1.74407208022774,0.));
#3088=CARTESIAN_POINT('Ctrl Pts',(19.9731742891202,1.09411003276959,0.));
#3089=CARTESIAN_POINT('Ctrl Pts',(20.,0.512751930042864,0.));
#3090=CARTESIAN_POINT('Ctrl Pts',(20.,0.,0.));
#3091=CARTESIAN_POINT('Ctrl Pts',(10.6275038214192,133.057268150451,20.3502168183195));
#3092=CARTESIAN_POINT('Ctrl Pts',(8.90200854068376,124.782757863779,20.3502168183195));
#3093=CARTESIAN_POINT('Ctrl Pts',(5.71037612132561,108.887405611667,20.3502168183195));
#3094=CARTESIAN_POINT('Ctrl Pts',(3.5844201331536,84.4435560791014,20.3502168183195));
#3095=CARTESIAN_POINT('Ctrl Pts',(3.58618761472547,65.5544167207921,20.3502168183195));
#3096=CARTESIAN_POINT('Ctrl Pts',(5.1794005659845,47.2237670638125,20.3502168183195));
#3097=CARTESIAN_POINT('Ctrl Pts',(7.8320049020336,30.5074973545851,20.3502168183195));
#3098=CARTESIAN_POINT('Ctrl Pts',(9.76475611502631,21.0799872469801,20.3502168183195));
#3099=CARTESIAN_POINT('Ctrl Pts',(10.6275037737485,16.9427318794509,20.3502168183195));
#3100=CARTESIAN_POINT('Ctrl Pts',(6.17665304029872,133.985410330714,22.2334778788797));
#3101=CARTESIAN_POINT('Ctrl Pts',(4.44613108549632,125.686794926665,22.2334778788797));
#3102=CARTESIAN_POINT('Ctrl Pts',(1.20590325091351,109.570059142967,22.2334778788797));
#3103=CARTESIAN_POINT('Ctrl Pts',(-0.963472279467096,84.647123639338,22.2334778788797));
#3104=CARTESIAN_POINT('Ctrl Pts',(-0.961605496023784,65.3519123107169,22.2334778788797));
#3105=CARTESIAN_POINT('Ctrl Pts',(0.664116027146893,46.6606507398683,22.2334778788797));
#3106=CARTESIAN_POINT('Ctrl Pts',(3.35979084524139,29.6803881812316,22.2334778788797));
#3107=CARTESIAN_POINT('Ctrl Pts',(5.31139198846659,20.1638976661115,22.2334778788797));
#3108=CARTESIAN_POINT('Ctrl Pts',(6.17665298652311,16.0145897284639,22.2334778788797));
#3109=CARTESIAN_POINT('Ctrl Pts',(1.72580225917828,134.913552510977,24.1167389394398));
#3110=CARTESIAN_POINT('Ctrl Pts',(-0.00974636969111986,126.590831989551,
24.1167389394398));
#3111=CARTESIAN_POINT('Ctrl Pts',(-3.29856961949859,110.252712674267,24.1167389394398));
#3112=CARTESIAN_POINT('Ctrl Pts',(-5.5113646920878,84.8506911995747,24.1167389394398));
#3113=CARTESIAN_POINT('Ctrl Pts',(-5.50939860677304,65.1494079006417,24.1167389394398));
#3114=CARTESIAN_POINT('Ctrl Pts',(-3.85116851169072,46.0975344159242,24.1167389394398));
#3115=CARTESIAN_POINT('Ctrl Pts',(-1.11242321155082,28.8532790078782,24.1167389394398));
#3116=CARTESIAN_POINT('Ctrl Pts',(0.858027861906869,19.247808085243,24.1167389394398));
#3117=CARTESIAN_POINT('Ctrl Pts',(1.72580219929768,15.086447577477,24.1167389394398));
#3118=CARTESIAN_POINT('Ctrl Pts',(-2.72504852194217,135.84169469124,26.));
#3119=CARTESIAN_POINT('Ctrl Pts',(-4.46562382487856,127.494869052438,26.));
#3120=CARTESIAN_POINT('Ctrl Pts',(-7.80304248991069,110.935366205567,26.));
#3121=CARTESIAN_POINT('Ctrl Pts',(-10.0592571047085,85.0542587598113,26.));
#3122=CARTESIAN_POINT('Ctrl Pts',(-10.0571917175223,64.9469034905664,26.));
#3123=CARTESIAN_POINT('Ctrl Pts',(-8.36645305052832,45.53441809198,26.));
#3124=CARTESIAN_POINT('Ctrl Pts',(-5.58463726834303,28.0261698345247,26.));
#3125=CARTESIAN_POINT('Ctrl Pts',(-3.59533626465285,18.3317185043744,26.));
#3126=CARTESIAN_POINT('Ctrl Pts',(-2.72504858792776,14.1583054264901,26.));
#3127=CARTESIAN_POINT('Ctrl Pts',(10.6275037737485,16.9427318794509,20.3502168183195));
#3128=CARTESIAN_POINT('Ctrl Pts',(9.76475611502631,21.0799872469801,20.3502168183195));
#3129=CARTESIAN_POINT('Ctrl Pts',(7.8320049020336,30.5074973545851,20.3502168183195));
#3130=CARTESIAN_POINT('Ctrl Pts',(5.1794005659845,47.2237670638125,20.3502168183195));
#3131=CARTESIAN_POINT('Ctrl Pts',(3.58618761472547,65.5544167207921,20.3502168183195));
#3132=CARTESIAN_POINT('Ctrl Pts',(3.5844201331536,84.4435560791014,20.3502168183195));
#3133=CARTESIAN_POINT('Ctrl Pts',(5.71037612132561,108.887405611667,20.3502168183195));
#3134=CARTESIAN_POINT('Ctrl Pts',(8.90200854068376,124.782757863779,20.3502168183195));
#3135=CARTESIAN_POINT('Ctrl Pts',(10.6275038214192,133.057268150451,20.3502168183195));
#3136=CARTESIAN_POINT('',(-3.45160242916499,130.300090338507,25.8328066390449));
#3137=CARTESIAN_POINT('Ctrl Pts',(-3.45053525598601,130.300766630883,25.8328066390449));
#3138=CARTESIAN_POINT('Ctrl Pts',(-3.33514902818956,130.863691421973,25.8319088078665));
#3139=CARTESIAN_POINT('Ctrl Pts',(-3.22101132025106,131.418530674664,25.8312196743018));
#3140=CARTESIAN_POINT('Ctrl Pts',(-3.10837003108573,131.965295682586,25.8307614757188));
#3141=CARTESIAN_POINT('Ctrl Pts',(-3.08764936000941,132.06587459081,25.8306771888449));
#3142=CARTESIAN_POINT('Ctrl Pts',(-3.06697935014759,132.166180138124,25.830600716488));
#3143=CARTESIAN_POINT('Ctrl Pts',(-3.04636157999873,132.26621220283,25.8305321970689));
#3144=CARTESIAN_POINT('',(-9.89436831749835,81.6366024362906,26.));
#3145=CARTESIAN_POINT('Ctrl Pts',(-3.451602429165,130.300090338507,25.8328066390449));
#3146=CARTESIAN_POINT('Ctrl Pts',(-6.0898432927253,117.448477401092,25.8533018861164));
#3147=CARTESIAN_POINT('Ctrl Pts',(-9.2789525715137,101.005470317544,25.9760098484266));
#3148=CARTESIAN_POINT('Ctrl Pts',(-9.8943683174989,81.6366024362731,26.));
#3149=CARTESIAN_POINT('',(-9.89436803745131,68.3633894663248,26.));
#3150=CARTESIAN_POINT('Ctrl Pts',(-9.89417228471225,81.6373915950239,26.));
#3151=CARTESIAN_POINT('Ctrl Pts',(-10.019266750333,77.2243124558872,26.));
#3152=CARTESIAN_POINT('Ctrl Pts',(-10.0188932934979,72.7768009149681,26.));
#3153=CARTESIAN_POINT('Ctrl Pts',(-9.89332626512739,68.3635992143205,26.));
#3154=CARTESIAN_POINT('',(-3.45160259804753,19.6999096319032,25.832806710528));
#3155=CARTESIAN_POINT('Ctrl Pts',(-9.8943680374543,68.363389466419,26.));
#3156=CARTESIAN_POINT('Ctrl Pts',(-9.27895161592656,48.994525655076,25.9760098549474));
#3157=CARTESIAN_POINT('Ctrl Pts',(-6.0898429922903,32.551520570705,25.8533019742914));
#3158=CARTESIAN_POINT('Ctrl Pts',(-3.45160259804752,19.6999096319032,25.832806710528));
#3159=CARTESIAN_POINT('Ctrl Pts',(-3.45176195897851,19.699402809509,25.832806710528));
#3160=CARTESIAN_POINT('Ctrl Pts',(-3.33798115246854,19.1452365445448,25.8319228903963));
#3161=CARTESIAN_POINT('Ctrl Pts',(-3.22526492696273,18.59814900544,25.8312401141627));
#3162=CARTESIAN_POINT('Ctrl Pts',(-3.1138768565063,18.0582204584106,25.8307813237039));
#3163=CARTESIAN_POINT('Ctrl Pts',(-3.10707545558091,18.0252522015375,25.8307533097717));
#3164=CARTESIAN_POINT('Ctrl Pts',(-3.10027901043554,17.9923106518231,25.8307261309421));
#3165=CARTESIAN_POINT('Ctrl Pts',(-3.09348758265362,17.9593958337577,25.830699792438));
#3166=CARTESIAN_POINT('Ctrl Pts',(-3.07793876358403,17.8840381082185,25.8306394910332));
#3167=CARTESIAN_POINT('Ctrl Pts',(-3.06242496309724,17.8088627163621,25.8305836316216));
#3168=CARTESIAN_POINT('Ctrl Pts',(-3.04694672772519,17.7338689460255,25.830532264693));
#3169=CARTESIAN_POINT('Origin',(-5.39980010084951,75.,26.));
#3170=CARTESIAN_POINT('Ctrl Pts',(-9.89823523301015,68.3631479005528,26.));
#3171=CARTESIAN_POINT('Ctrl Pts',(-10.0499042188283,72.7783755851899,26.));
#3172=CARTESIAN_POINT('Ctrl Pts',(-10.047537433279,77.2208671938574,26.));
#3173=CARTESIAN_POINT('Ctrl Pts',(-9.89444917117492,81.6362585440439,26.));
#3174=CARTESIAN_POINT('Ctrl Pts',(-15.5041868344481,12.6340884357569,20.3502168183195));
#3175=CARTESIAN_POINT('Ctrl Pts',(-16.3391100386658,16.7311560578711,20.3502168183195));
#3176=CARTESIAN_POINT('Ctrl Pts',(-17.9088963554045,23.9757153970761,20.3502168183195));
#3177=CARTESIAN_POINT('Ctrl Pts',(-21.1414424550807,41.0947352595985,20.3502168183195));
#3178=CARTESIAN_POINT('Ctrl Pts',(-23.746205308945,61.0787931364674,20.3502168183195));
#3179=CARTESIAN_POINT('Ctrl Pts',(-23.728353916933,85.4395717464747,20.3502168183195));
#3180=CARTESIAN_POINT('Ctrl Pts',(-21.6811330040168,105.608470111217,20.3502168183195));
#3181=CARTESIAN_POINT('Ctrl Pts',(-18.4394861028627,123.611758839003,20.3502168183195));
#3182=CARTESIAN_POINT('Ctrl Pts',(-16.3391097359325,133.268843616013,20.3502168183195));
#3183=CARTESIAN_POINT('Ctrl Pts',(-15.5041865668125,137.365911235809,20.3502168183195));
#3184=CARTESIAN_POINT('Ctrl Pts',(-11.0491569472681,13.5419591792645,22.2334778788797));
#3185=CARTESIAN_POINT('Ctrl Pts',(-11.8931381360034,17.6834754104256,22.2334778788797));
#3186=CARTESIAN_POINT('Ctrl Pts',(-13.4560888887866,24.8970903851242,22.2334778788797));
#3187=CARTESIAN_POINT('Ctrl Pts',(-16.6482251956457,41.8055466447367,22.2334778788797));
#3188=CARTESIAN_POINT('Ctrl Pts',(-19.1977007201902,61.399063592006,22.2334778788796));
#3189=CARTESIAN_POINT('Ctrl Pts',(-19.1802212638287,85.1995821790291,22.2334778788797));
#3190=CARTESIAN_POINT('Ctrl Pts',(-17.1767896404875,104.958855242073,22.2334778788797));
#3191=CARTESIAN_POINT('Ctrl Pts',(-13.9844106683997,122.699976741662,22.2334778788797));
#3192=CARTESIAN_POINT('Ctrl Pts',(-11.8931378350042,132.316524253105,22.2334778788797));
#3193=CARTESIAN_POINT('Ctrl Pts',(-11.0491566722658,136.45804052845,22.2334778788797));
#3194=CARTESIAN_POINT('Ctrl Pts',(-6.59412706008817,14.4498299227721,24.1167389394398));
#3195=CARTESIAN_POINT('Ctrl Pts',(-7.44716623334096,18.6357947629801,24.1167389394398));
#3196=CARTESIAN_POINT('Ctrl Pts',(-9.00328142216863,25.8184653731722,24.1167389394398));
#3197=CARTESIAN_POINT('Ctrl Pts',(-12.1550079362108,42.5163580298749,24.1167389394398));
#3198=CARTESIAN_POINT('Ctrl Pts',(-14.6491961314353,61.7193340475447,24.1167389394398));
#3199=CARTESIAN_POINT('Ctrl Pts',(-14.6320886107245,84.9595926115836,24.1167389394398));
#3200=CARTESIAN_POINT('Ctrl Pts',(-12.6724462769581,104.309240372929,24.1167389394398));
#3201=CARTESIAN_POINT('Ctrl Pts',(-9.5293352339367,121.78819464432,24.1167389394398));
#3202=CARTESIAN_POINT('Ctrl Pts',(-7.44716593407597,131.364204890198,24.1167389394398));
#3203=CARTESIAN_POINT('Ctrl Pts',(-6.59412677771919,135.550169821092,24.1167389394398));
#3204=CARTESIAN_POINT('Ctrl Pts',(-2.13909717290821,15.3577006662798,26.));
#3205=CARTESIAN_POINT('Ctrl Pts',(-3.00119433067852,19.5881141155346,26.));
#3206=CARTESIAN_POINT('Ctrl Pts',(-4.55047395555069,26.7398403612203,26.));
#3207=CARTESIAN_POINT('Ctrl Pts',(-7.66179067677582,43.2271694150131,26.));
#3208=CARTESIAN_POINT('Ctrl Pts',(-10.1006915426805,62.0396045030833,26.));
#3209=CARTESIAN_POINT('Ctrl Pts',(-10.0839559576202,84.7196030441381,26.));
#3210=CARTESIAN_POINT('Ctrl Pts',(-8.16810291342874,103.659625503786,26.));
#3211=CARTESIAN_POINT('Ctrl Pts',(-5.07425979947369,120.876412546979,26.));
#3212=CARTESIAN_POINT('Ctrl Pts',(-3.0011940331477,130.41188552729,26.));
#3213=CARTESIAN_POINT('Ctrl Pts',(-2.13909688317253,134.642299113733,26.));
#3214=CARTESIAN_POINT('Ctrl Pts',(-15.5041865668125,137.365911235809,20.3502168183195));
#3215=CARTESIAN_POINT('Ctrl Pts',(-16.3391097359325,133.268843616013,20.3502168183195));
#3216=CARTESIAN_POINT('Ctrl Pts',(-18.4394861028627,123.611758839003,20.3502168183195));
#3217=CARTESIAN_POINT('Ctrl Pts',(-21.6811330040168,105.608470111217,20.3502168183195));
#3218=CARTESIAN_POINT('Ctrl Pts',(-23.728353916933,85.4395717464747,20.3502168183195));
#3219=CARTESIAN_POINT('Ctrl Pts',(-23.746205308945,61.0787931364674,20.3502168183195));
#3220=CARTESIAN_POINT('Ctrl Pts',(-21.1414424550807,41.0947352595985,20.3502168183195));
#3221=CARTESIAN_POINT('Ctrl Pts',(-17.9088963554045,23.9757153970761,20.3502168183195));
#3222=CARTESIAN_POINT('Ctrl Pts',(-16.3391100386658,16.7311560578711,20.3502168183195));
#3223=CARTESIAN_POINT('Ctrl Pts',(-15.5041868344481,12.6340884357569,20.3502168183195));
#3224=CARTESIAN_POINT('Ctrl Pts',(13.4404291865616,2.40553201886699,20.3502168183195));
#3225=CARTESIAN_POINT('Ctrl Pts',(13.2517843597436,3.81565624161489,20.3502168183195));
#3226=CARTESIAN_POINT('Ctrl Pts',(12.5996977041246,7.5363155141557,20.3502168183195));
#3227=CARTESIAN_POINT('Ctrl Pts',(10.4260359446222,17.878127156709,20.3502168183195));
#3228=CARTESIAN_POINT('Ctrl Pts',(6.77759422424437,35.4416697498299,20.3502168183195));
#3229=CARTESIAN_POINT('Ctrl Pts',(3.51427665774003,61.2518338221768,20.3502168183195));
#3230=CARTESIAN_POINT('Ctrl Pts',(3.52372556201728,88.7472436680451,20.3502168183195));
#3231=CARTESIAN_POINT('Ctrl Pts',(6.77691898402067,114.559916133147,20.3502168183195));
#3232=CARTESIAN_POINT('Ctrl Pts',(10.4266516596107,132.121702806149,20.3502168183195));
#3233=CARTESIAN_POINT('Ctrl Pts',(12.599477757697,142.46366268845,20.3502168183195));
#3234=CARTESIAN_POINT('Ctrl Pts',(13.2517842940644,146.18434322189,20.3502168183195));
#3235=CARTESIAN_POINT('Ctrl Pts',(13.4404291345877,147.594467653612,20.3502168183195));
#3236=CARTESIAN_POINT('Ctrl Pts',(15.5384772231521,2.68620651699541,18.2334778788797));
#3237=CARTESIAN_POINT('Ctrl Pts',(15.3404542808961,4.16643235856778,18.2334778788797));
#3238=CARTESIAN_POINT('Ctrl Pts',(14.6742443709848,7.95757569331698,18.2334778788797));
#3239=CARTESIAN_POINT('Ctrl Pts',(12.4948477374636,18.3263979019956,18.2334778788797));
#3240=CARTESIAN_POINT('Ctrl Pts',(8.86557023919132,35.8015710034322,18.2334778788797));
#3241=CARTESIAN_POINT('Ctrl Pts',(5.63218243310626,61.3923236354918,18.2334778788797));
#3242=CARTESIAN_POINT('Ctrl Pts',(5.64147474281089,88.6071407812268,18.2334778788797));
#3243=CARTESIAN_POINT('Ctrl Pts',(8.86484712485286,114.200540071998,18.2334778788797));
#3244=CARTESIAN_POINT('Ctrl Pts',(12.4954116213224,131.673102177954,18.2334778788797));
#3245=CARTESIAN_POINT('Ctrl Pts',(14.6739981649489,142.042329551874,18.2334778788797));
#3246=CARTESIAN_POINT('Ctrl Pts',(15.3404542188165,145.833567126549,18.2334778788797));
#3247=CARTESIAN_POINT('Ctrl Pts',(15.5384771739649,147.313793176313,18.2334778788797));
#3248=CARTESIAN_POINT('Ctrl Pts',(17.6365252597426,2.96688101512384,16.1167389394398));
#3249=CARTESIAN_POINT('Ctrl Pts',(17.4291242020487,4.51720847552067,16.1167389394398));
#3250=CARTESIAN_POINT('Ctrl Pts',(16.748791037845,8.37883587247825,16.1167389394398));
#3251=CARTESIAN_POINT('Ctrl Pts',(14.563659530305,18.7746686472823,16.1167389394398));
#3252=CARTESIAN_POINT('Ctrl Pts',(10.9535462541383,36.1614722570345,16.1167389394398));
#3253=CARTESIAN_POINT('Ctrl Pts',(7.75008820847249,61.5328134488067,16.1167389394398));
#3254=CARTESIAN_POINT('Ctrl Pts',(7.7592239236045,88.4670378944086,16.1167389394399));
#3255=CARTESIAN_POINT('Ctrl Pts',(10.952775265685,113.84116401085,16.1167389394398));
#3256=CARTESIAN_POINT('Ctrl Pts',(14.5641715830342,131.224501549758,16.1167389394398));
#3257=CARTESIAN_POINT('Ctrl Pts',(16.7485185722008,141.620996415297,16.1167389394398));
#3258=CARTESIAN_POINT('Ctrl Pts',(17.4291241435687,145.482791031208,16.1167389394398));
#3259=CARTESIAN_POINT('Ctrl Pts',(17.6365252133421,147.033118699015,16.1167389394398));
#3260=CARTESIAN_POINT('Ctrl Pts',(19.7345732963331,3.24755551325226,14.));
#3261=CARTESIAN_POINT('Ctrl Pts',(19.5177941232012,4.86798459247357,14.));
#3262=CARTESIAN_POINT('Ctrl Pts',(18.8233377047052,8.80009605163952,14.));
#3263=CARTESIAN_POINT('Ctrl Pts',(16.6324713231463,19.222939392569,14.));
#3264=CARTESIAN_POINT('Ctrl Pts',(13.0415222690852,36.5213735106368,14.));
#3265=CARTESIAN_POINT('Ctrl Pts',(9.86799398383872,61.6733032621217,14.));
#3266=CARTESIAN_POINT('Ctrl Pts',(9.87697310439811,88.3269350075903,14.));
#3267=CARTESIAN_POINT('Ctrl Pts',(13.0407034065172,113.481787949701,14.));
#3268=CARTESIAN_POINT('Ctrl Pts',(16.632931544746,130.775900921563,14.));
#3269=CARTESIAN_POINT('Ctrl Pts',(18.8230389794528,141.199663278721,14.));
#3270=CARTESIAN_POINT('Ctrl Pts',(19.5177940683208,145.132014935866,14.));
#3271=CARTESIAN_POINT('Ctrl Pts',(19.7345732527192,146.752444221717,14.));
#3272=CARTESIAN_POINT('Ctrl Pts',(-13.6497831816805,150.,20.3502168183195));
#3273=CARTESIAN_POINT('Ctrl Pts',(-13.6497831816805,149.104173312686,20.3502168183195));
#3274=CARTESIAN_POINT('Ctrl Pts',(-13.7699009145548,147.305057341229,20.3502168183195));
#3275=CARTESIAN_POINT('Ctrl Pts',(-14.3374806849893,143.210159102441,20.3502168183195));
#3276=CARTESIAN_POINT('Ctrl Pts',(-16.0715206908385,134.348888874332,20.3502168183195));
#3277=CARTESIAN_POINT('Ctrl Pts',(-20.005317136019,116.485852987966,20.3502168183195));
#3278=CARTESIAN_POINT('Ctrl Pts',(-23.8073799784219,89.4400103056568,20.3502168183195));
#3279=CARTESIAN_POINT('Ctrl Pts',(-23.7956367998428,60.5585259991136,20.3502168183195));
#3280=CARTESIAN_POINT('Ctrl Pts',(-20.0043159909541,33.5059440453002,20.3502168183195));
#3281=CARTESIAN_POINT('Ctrl Pts',(-16.0720032281803,15.654933834426,20.3502168183195));
#3282=CARTESIAN_POINT('Ctrl Pts',(-14.3379003331505,6.7905002047882,20.3502168183195));
#3283=CARTESIAN_POINT('Ctrl Pts',(-13.7699862122939,2.6953421021124,20.3502168183195));
#3284=CARTESIAN_POINT('Ctrl Pts',(-13.6497831816804,0.895826560274536,20.3502168183195));
#3285=CARTESIAN_POINT('Ctrl Pts',(-13.6497831816805,-8.99232966801802E-13,
20.3502168183195));
#3286=CARTESIAN_POINT('Ctrl Pts',(-15.7665221211203,150.,18.2334778788797));
#3287=CARTESIAN_POINT('Ctrl Pts',(-15.7665221211203,149.206114215656,18.2334778788797));
#3288=CARTESIAN_POINT('Ctrl Pts',(-15.8751257190415,147.54070293972,18.2334778788797));
#3289=CARTESIAN_POINT('Ctrl Pts',(-16.4213916690391,143.589931738095,18.2334778788797));
#3290=CARTESIAN_POINT('Ctrl Pts',(-18.1370056047515,134.810971099394,18.2334778788797));
#3291=CARTESIAN_POINT('Ctrl Pts',(-22.0873106789832,116.878169403905,18.2334778788797));
#3292=CARTESIAN_POINT('Ctrl Pts',(-25.9254656257088,89.5986242894591,18.2334778788797));
#3293=CARTESIAN_POINT('Ctrl Pts',(-25.913490892305,60.4003741645326,18.2334778788797));
#3294=CARTESIAN_POINT('Ctrl Pts',(-22.08632430891,33.1145844209904,18.2334778788797));
#3295=CARTESIAN_POINT('Ctrl Pts',(-18.1373527450266,15.1922711694593,18.2334778788797));
#3296=CARTESIAN_POINT('Ctrl Pts',(-16.4217784898124,6.41061201212744,18.2334778788797));
#3297=CARTESIAN_POINT('Ctrl Pts',(-15.8751952282099,2.45963348633313,18.2334778788797));
#3298=CARTESIAN_POINT('Ctrl Pts',(-15.7665221211203,0.793885611733607,18.2334778788797));
#3299=CARTESIAN_POINT('Ctrl Pts',(-15.7665221211203,-7.90235042885076E-13,
18.2334778788797));
#3300=CARTESIAN_POINT('Ctrl Pts',(-17.8832610605602,150.,16.1167389394398));
#3301=CARTESIAN_POINT('Ctrl Pts',(-17.8832610605602,149.308055118626,16.1167389394398));
#3302=CARTESIAN_POINT('Ctrl Pts',(-17.9803505235283,147.776348538212,16.1167389394398));
#3303=CARTESIAN_POINT('Ctrl Pts',(-18.5053026530889,143.969704373748,16.1167389394398));
#3304=CARTESIAN_POINT('Ctrl Pts',(-20.2024905186645,135.273053324456,16.1167389394399));
#3305=CARTESIAN_POINT('Ctrl Pts',(-24.1693042219473,117.270485819845,16.1167389394398));
#3306=CARTESIAN_POINT('Ctrl Pts',(-28.0435512729959,89.7572382732613,16.1167389394399));
#3307=CARTESIAN_POINT('Ctrl Pts',(-28.0313449847673,60.2422223299517,16.1167389394398));
#3308=CARTESIAN_POINT('Ctrl Pts',(-24.168332626866,32.7232247966805,16.1167389394399));
#3309=CARTESIAN_POINT('Ctrl Pts',(-20.2027022618729,14.7296085044925,16.1167389394398));
#3310=CARTESIAN_POINT('Ctrl Pts',(-18.5056566464743,6.03072381946668,16.1167389394398));
#3311=CARTESIAN_POINT('Ctrl Pts',(-17.9804042441259,2.22392487055386,16.1167389394398));
#3312=CARTESIAN_POINT('Ctrl Pts',(-17.8832610605601,0.69194466319268,16.1167389394398));
#3313=CARTESIAN_POINT('Ctrl Pts',(-17.8832610605602,-6.8123711896835E-13,
16.1167389394398));
#3314=CARTESIAN_POINT('Ctrl Pts',(-20.,150.,14.));
#3315=CARTESIAN_POINT('Ctrl Pts',(-20.,149.409996021595,14.));
#3316=CARTESIAN_POINT('Ctrl Pts',(-20.085575328015,148.011994136703,14.));
#3317=CARTESIAN_POINT('Ctrl Pts',(-20.5892136371387,144.349477009402,14.));
#3318=CARTESIAN_POINT('Ctrl Pts',(-22.2679754325775,135.735135549518,14.));
#3319=CARTESIAN_POINT('Ctrl Pts',(-26.2512977649114,117.662802235785,14.));
#3320=CARTESIAN_POINT('Ctrl Pts',(-30.1616369202829,89.9158522570636,14.));
#3321=CARTESIAN_POINT('Ctrl Pts',(-30.1491990772296,60.0840704953707,14.));
#3322=CARTESIAN_POINT('Ctrl Pts',(-26.2503409448219,32.3318651723707,14.));
#3323=CARTESIAN_POINT('Ctrl Pts',(-22.2680517787192,14.2669458395258,14.));
#3324=CARTESIAN_POINT('Ctrl Pts',(-20.5895348031362,5.65083562680592,14.));
#3325=CARTESIAN_POINT('Ctrl Pts',(-20.0856132600419,1.9882162547746,14.));
#3326=CARTESIAN_POINT('Ctrl Pts',(-20.,0.590003714651751,14.));
#3327=CARTESIAN_POINT('Ctrl Pts',(-20.,-5.72239195051625E-13,14.));
#3328=CARTESIAN_POINT('Ctrl Pts',(-20.,150.,14.));
#3329=CARTESIAN_POINT('Ctrl Pts',(-20.,149.409996021595,14.));
#3330=CARTESIAN_POINT('Ctrl Pts',(-20.085575328015,148.011994136703,14.));
#3331=CARTESIAN_POINT('Ctrl Pts',(-20.5892136371387,144.349477009402,14.));
#3332=CARTESIAN_POINT('Ctrl Pts',(-22.2679754325775,135.735135549518,14.));
#3333=CARTESIAN_POINT('Ctrl Pts',(-26.2512977649114,117.662802235785,14.));
#3334=CARTESIAN_POINT('Ctrl Pts',(-30.1616369202829,89.9158522570636,14.));
#3335=CARTESIAN_POINT('Ctrl Pts',(-30.1491990772296,60.0840704953707,14.));
#3336=CARTESIAN_POINT('Ctrl Pts',(-26.2503409448219,32.3318651723707,14.));
#3337=CARTESIAN_POINT('Ctrl Pts',(-22.2680517787192,14.2669458395258,14.));
#3338=CARTESIAN_POINT('Ctrl Pts',(-20.5895348031362,5.65083562680592,14.));
#3339=CARTESIAN_POINT('Ctrl Pts',(-20.0856132600419,1.9882162547746,14.));
#3340=CARTESIAN_POINT('Ctrl Pts',(-20.,0.590003714651751,14.));
#3341=CARTESIAN_POINT('Ctrl Pts',(-20.,-5.72239195051625E-13,14.));
#3342=CARTESIAN_POINT('Ctrl Pts',(-20.,150.,0.));
#3343=CARTESIAN_POINT('Ctrl Pts',(-20.,150.,26.));
#3344=CARTESIAN_POINT('Ctrl Pts',(-20.,149.00879331628,0.));
#3345=CARTESIAN_POINT('Ctrl Pts',(-20.,149.00879331628,26.));
#3346=CARTESIAN_POINT('Ctrl Pts',(-20.2004909110137,146.513628963277,0.));
#3347=CARTESIAN_POINT('Ctrl Pts',(-20.2004909110137,146.513628963277,26.));
#3348=CARTESIAN_POINT('Ctrl Pts',(-21.1026297275217,141.232726043723,0.));
#3349=CARTESIAN_POINT('Ctrl Pts',(-21.1026297275217,141.232726043723,26.));
#3350=CARTESIAN_POINT('Ctrl Pts',(-23.3105715031863,131.271796263981,0.));
#3351=CARTESIAN_POINT('Ctrl Pts',(-23.3105715031863,131.271796263981,26.));
#3352=CARTESIAN_POINT('Ctrl Pts',(-26.6894327367613,114.845933638873,0.));
#3353=CARTESIAN_POINT('Ctrl Pts',(-26.6894327367613,114.845933638873,26.));
#3354=CARTESIAN_POINT('Ctrl Pts',(-29.4493400703149,95.636702523078,0.));
#3355=CARTESIAN_POINT('Ctrl Pts',(-29.4493400703149,95.636702523078,26.));
#3356=CARTESIAN_POINT('Ctrl Pts',(-30.5341734980321,75.0000000917857,0.));
#3357=CARTESIAN_POINT('Ctrl Pts',(-30.5341734980321,75.0000000917857,26.));
#3358=CARTESIAN_POINT('Ctrl Pts',(-29.4493400703143,54.3632972843987,0.));
#3359=CARTESIAN_POINT('Ctrl Pts',(-29.4493400703143,54.3632972843987,26.));
#3360=CARTESIAN_POINT('Ctrl Pts',(-26.6894327367603,35.1540653088742,0.));
#3361=CARTESIAN_POINT('Ctrl Pts',(-26.6894327367603,35.1540653088742,26.));
#3362=CARTESIAN_POINT('Ctrl Pts',(-23.3105715031854,18.7282019200446,0.));
#3363=CARTESIAN_POINT('Ctrl Pts',(-23.3105715031854,18.7282019200446,26.));
#3364=CARTESIAN_POINT('Ctrl Pts',(-21.1026297275212,8.76727215464047,0.));
#3365=CARTESIAN_POINT('Ctrl Pts',(-21.1026297275212,8.76727215464047,26.));
#3366=CARTESIAN_POINT('Ctrl Pts',(-20.2004909110136,3.48636986323571,0.));
#3367=CARTESIAN_POINT('Ctrl Pts',(-20.2004909110136,3.48636986323571,26.));
#3368=CARTESIAN_POINT('Ctrl Pts',(-20.,0.991206240615941,0.));
#3369=CARTESIAN_POINT('Ctrl Pts',(-20.,0.991206240615941,26.));
#3370=CARTESIAN_POINT('Ctrl Pts',(-20.,0.,0.));
#3371=CARTESIAN_POINT('Ctrl Pts',(-20.,0.,26.));
#3372=CARTESIAN_POINT('Ctrl Pts',(-20.,150.,0.));
#3373=CARTESIAN_POINT('Ctrl Pts',(-20.,149.00879331628,0.));
#3374=CARTESIAN_POINT('Ctrl Pts',(-20.2004909110137,146.513628963277,0.));
#3375=CARTESIAN_POINT('Ctrl Pts',(-21.1026297275217,141.232726043723,0.));
#3376=CARTESIAN_POINT('Ctrl Pts',(-23.3105715031863,131.271796263981,0.));
#3377=CARTESIAN_POINT('Ctrl Pts',(-26.6894327367613,114.845933638873,0.));
#3378=CARTESIAN_POINT('Ctrl Pts',(-29.4493400703149,95.636702523078,0.));
#3379=CARTESIAN_POINT('Ctrl Pts',(-30.5341734980321,75.0000000917857,0.));
#3380=CARTESIAN_POINT('Ctrl Pts',(-29.4493400703143,54.3632972843987,0.));
#3381=CARTESIAN_POINT('Ctrl Pts',(-26.6894327367603,35.1540653088742,0.));
#3382=CARTESIAN_POINT('Ctrl Pts',(-23.3105715031854,18.7282019200446,0.));
#3383=CARTESIAN_POINT('Ctrl Pts',(-21.1026297275212,8.76727215464047,0.));
#3384=CARTESIAN_POINT('Ctrl Pts',(-20.2004909110136,3.48636986323571,0.));
#3385=CARTESIAN_POINT('Ctrl Pts',(-20.,0.991206240615941,0.));
#3386=CARTESIAN_POINT('Ctrl Pts',(-20.,0.,0.));
#3387=CARTESIAN_POINT('Origin',(-5.39980010084951,75.,0.));
#3388=CARTESIAN_POINT('',(-0.272250084786707,-0.087246338726974,0.246819175557413));
#3389=UNCERTAINTY_MEASURE_WITH_UNIT(LENGTH_MEASURE(0.01),#3395,
'DISTANCE_ACCURACY_VALUE',
'Maximum model space distance between geometric entities at asserted c
onnectivities');
#3390=UNCERTAINTY_MEASURE_WITH_UNIT(LENGTH_MEASURE(0.01),#3395,
'DISTANCE_ACCURACY_VALUE',
'Maximum model space distance between geometric entities at asserted c
onnectivities');
#3391=UNCERTAINTY_MEASURE_WITH_UNIT(LENGTH_MEASURE(0.01),#3395,
'DISTANCE_ACCURACY_VALUE',
'Maximum model space distance between geometric entities at asserted c
onnectivities');
#3392=(
GEOMETRIC_REPRESENTATION_CONTEXT(3)
GLOBAL_UNCERTAINTY_ASSIGNED_CONTEXT((#3389))
GLOBAL_UNIT_ASSIGNED_CONTEXT((#3395,#3397,#3398))
REPRESENTATION_CONTEXT('','3D')
);
#3393=(
GEOMETRIC_REPRESENTATION_CONTEXT(3)
GLOBAL_UNCERTAINTY_ASSIGNED_CONTEXT((#3390))
GLOBAL_UNIT_ASSIGNED_CONTEXT((#3395,#3397,#3398))
REPRESENTATION_CONTEXT('','3D')
);
#3394=(
GEOMETRIC_REPRESENTATION_CONTEXT(3)
GLOBAL_UNCERTAINTY_ASSIGNED_CONTEXT((#3391))
GLOBAL_UNIT_ASSIGNED_CONTEXT((#3395,#3397,#3398))
REPRESENTATION_CONTEXT('','3D')
);
#3395=(
LENGTH_UNIT()
NAMED_UNIT(*)
SI_UNIT(.MILLI.,.METRE.)
);
#3396=(
LENGTH_UNIT()
NAMED_UNIT(*)
SI_UNIT($,.METRE.)
);
#3397=(
NAMED_UNIT(*)
PLANE_ANGLE_UNIT()
SI_UNIT($,.RADIAN.)
);
#3398=(
NAMED_UNIT(*)
SI_UNIT($,.STERADIAN.)
SOLID_ANGLE_UNIT()
);
#3399=SHAPE_DEFINITION_REPRESENTATION(#3401,#3404);
#3400=SHAPE_DEFINITION_REPRESENTATION(#3402,#3405);
#3401=PRODUCT_DEFINITION_SHAPE('',$,#3407);
#3402=PRODUCT_DEFINITION_SHAPE('',$,#3408);
#3403=PRODUCT_DEFINITION_SHAPE($,$,#14);
#3404=SHAPE_REPRESENTATION('',(#1230,#1321),#3392);
#3405=SHAPE_REPRESENTATION('',(#1231),#3393);
#3406=PRODUCT_DEFINITION_CONTEXT('part definition',#3414,'design');
#3407=PRODUCT_DEFINITION('2026-08-27-09-06-44-684','Forearm',#3409,#3406);
#3408=PRODUCT_DEFINITION('2026-09-03-11-17-48-267','Component1',#3410,#3406);
#3409=PRODUCT_DEFINITION_FORMATION('',$,#3416);
#3410=PRODUCT_DEFINITION_FORMATION('',$,#3417);
#3411=PRODUCT_RELATED_PRODUCT_CATEGORY('Forearm','Forearm',(#3416));
#3412=PRODUCT_RELATED_PRODUCT_CATEGORY('Component1','Component1',(#3417));
#3413=APPLICATION_PROTOCOL_DEFINITION('international standard',
'automotive_design',2009,#3414);
#3414=APPLICATION_CONTEXT(
'Core Data for Automotive Mechanical Design Process');
#3415=PRODUCT_CONTEXT('part definition',#3414,'mechanical');
#3416=PRODUCT('2026-08-27-09-06-44-684','Forearm',$,(#3415));
#3417=PRODUCT('2026-09-03-11-17-48-267','Component1',$,(#3415));
#3418=PRESENTATION_STYLE_ASSIGNMENT((#3419));
#3419=SURFACE_STYLE_USAGE(.BOTH.,#3420);
#3420=SURFACE_SIDE_STYLE('',(#3421));
#3421=SURFACE_STYLE_FILL_AREA(#3422);
#3422=FILL_AREA_STYLE('Steel - Satin',(#3423));
#3423=FILL_AREA_STYLE_COLOUR('Steel - Satin',#3424);
#3424=COLOUR_RGB('Steel - Satin',0.627450980392157,0.627450980392157,0.627450980392157);
ENDSEC;
END-ISO-10303-21;
